Total_Vehiculos,Tiempo_Medio_s,Ocupacion_Espacial_%,Hora_Inicio,Hora_Fin,Dia_Semana,Direccion,move_time_s,cluster,Tiempo_Optimo,Hora_Minutos,Periodo_Dia,Total_Vehiculos_lag1,Ocupacion_lag1,Media_Movil_3ciclos,Tendencia_Vehiculos,Capacidad_Teorica,Saturacion_Actual
7,1.67,17.71,1900-01-01 08:00:09,08:00:42,2,1,33,0,35,480,1,0.0,0.0,7.0,0.0,19.76047904191617,0.3542424242424242
9,3.68,21.95,1900-01-01 08:00:20,08:00:53,3,1,33,0,35,480,1,7.0,17.71,8.0,2.0,8.967391304347826,1.0036363636363637
7,4.23,19.05,1900-01-01 08:00:29,08:01:02,4,1,33,0,35,480,1,9.0,21.95,7.666666666666667,-2.0,7.801418439716311,0.8972727272727273
7,2.0,16.25,1900-01-01 08:01:32,08:02:05,1,1,33,0,35,481,1,7.0,19.05,7.666666666666667,0.0,16.5,0.42424242424242425
9,3.03,23.8,1900-01-01 08:01:43,08:02:16,5,1,33,0,35,481,1,7.0,16.25,7.666666666666667,2.0,10.891089108910892,0.8263636363636363
6,2.98,16.44,1900-01-01 08:02:41,08:03:14,2,1,33,0,35,482,1,9.0,23.8,7.333333333333333,-3.0,11.073825503355705,0.5418181818181818
7,3.89,19.12,1900-01-01 08:02:52,08:03:25,3,1,33,0,35,482,1,6.0,16.44,7.333333333333333,1.0,8.483290488431876,0.8251515151515152
6,1.33,14.41,1900-01-01 08:03:01,08:03:34,4,1,33,0,35,483,1,7.0,19.12,6.333333333333333,-1.0,24.81203007518797,0.24181818181818182
3,1.93,7.81,1900-01-01 08:04:04,08:04:37,1,1,33,1,20,484,1,6.0,14.41,5.333333333333333,-3.0,17.098445595854923,0.17545454545454545
5,2.27,14.52,1900-01-01 08:04:15,08:04:48,5,1,33,1,20,484,1,3.0,7.81,4.666666666666667,2.0,14.537444933920705,0.34393939393939393
4,3.86,10.38,1900-01-01 08:05:13,08:05:46,2,1,33,1,20,485,1,5.0,14.52,4.0,-1.0,8.549222797927461,0.4678787878787879
8,2.16,21.46,1900-01-01 08:05:24,08:05:57,3,1,33,0,35,485,1,4.0,10.38,5.666666666666667,4.0,15.277777777777777,0.5236363636363637
8,2.17,20.97,1900-01-01 08:05:33,08:06:06,4,1,33,0,35,485,1,8.0,21.46,6.666666666666667,0.0,15.207373271889402,0.526060606060606
8,3.24,21.56,1900-01-01 08:06:36,08:07:09,1,1,33,0,35,486,1,8.0,20.97,8.0,0.0,10.185185185185185,0.7854545454545454
8,2.73,19.71,1900-01-01 08:06:47,08:07:20,5,1,33,0,35,486,1,8.0,21.56,8.0,0.0,12.087912087912088,0.6618181818181819
9,1.24,22.13,1900-01-01 08:07:45,08:08:18,2,1,33,0,35,487,1,8.0,19.71,8.333333333333334,1.0,26.612903225806452,0.3381818181818182
5,2.57,12.03,1900-01-01 08:07:56,08:08:29,3,1,33,1,20,487,1,9.0,22.13,7.333333333333333,-4.0,12.84046692607004,0.3893939393939394
3,3.4,6.94,1900-01-01 08:08:05,08:08:38,4,1,33,1,20,488,1,5.0,12.03,5.666666666666667,-2.0,9.705882352941178,0.3090909090909091
8,2.52,21.3,1900-01-01 08:09:08,08:09:41,1,1,33,0,35,489,1,3.0,6.94,5.333333333333333,5.0,13.095238095238095,0.610909090909091
9,1.67,23.6,1900-01-01 08:09:19,08:09:52,5,1,33,0,35,489,1,8.0,21.3,6.666666666666667,1.0,19.76047904191617,0.4554545454545454
4,3.42,10.96,1900-01-01 08:10:17,08:10:50,2,1,33,1,20,490,1,9.0,23.6,7.0,-5.0,9.649122807017545,0.4145454545454545
2,1.39,5.07,1900-01-01 08:10:28,08:11:01,3,1,33,1,20,490,1,4.0,10.96,5.0,-2.0,23.741007194244606,0.08424242424242423
8,3.89,20.02,1900-01-01 08:10:37,08:11:10,4,1,33,0,35,490,1,2.0,5.07,4.666666666666667,6.0,8.483290488431876,0.943030303030303
7,3.16,17.09,1900-01-01 08:11:40,08:12:13,1,1,33,0,35,491,1,8.0,20.02,5.666666666666667,-1.0,10.443037974683543,0.6703030303030304
2,1.78,4.78,1900-01-01 08:11:51,08:12:24,5,1,33,1,20,491,1,7.0,17.09,5.666666666666667,-5.0,18.53932584269663,0.10787878787878787
5,3.01,12.18,1900-01-01 08:12:49,08:13:22,2,1,33,1,20,492,1,2.0,4.78,4.666666666666667,3.0,10.963455149501662,0.456060606060606
8,3.91,19.59,1900-01-01 08:13:00,08:13:33,3,1,33,0,35,493,1,5.0,12.18,5.0,3.0,8.439897698209718,0.947878787878788
6,4.21,16.97,1900-01-01 08:13:09,08:13:42,4,1,33,0,35,493,1,8.0,19.59,6.333333333333333,-2.0,7.838479809976247,0.7654545454545454
8,2.54,19.66,1900-01-01 08:14:12,08:14:45,1,1,33,0,35,494,1,6.0,16.97,7.333333333333333,2.0,12.992125984251969,0.6157575757575757
4,3.32,9.09,1900-01-01 08:14:23,08:14:56,5,1,33,1,20,494,1,8.0,19.66,6.0,-4.0,9.93975903614458,0.4024242424242424
4,2.76,10.05,1900-01-01 08:15:21,08:15:54,2,1,33,1,20,495,1,4.0,9.09,5.333333333333333,0.0,11.956521739130435,0.33454545454545453
5,2.7,11.76,1900-01-01 08:15:32,08:16:05,3,1,33,1,20,495,1,4.0,10.05,4.333333333333333,1.0,12.222222222222221,0.4090909090909091
8,2.36,22.2,1900-01-01 08:15:41,08:16:14,4,1,33,0,35,495,1,5.0,11.76,5.666666666666667,3.0,13.983050847457628,0.572121212121212
3,1.75,4.34,1900-01-01 08:16:44,08:17:17,1,1,33,1,20,496,1,8.0,22.2,5.333333333333333,-5.0,18.857142857142858,0.1590909090909091
7,4.46,17.49,1900-01-01 08:16:55,08:17:28,5,1,33,0,35,496,1,3.0,4.34,6.0,4.0,7.399103139013453,0.946060606060606
9,2.48,21.26,1900-01-01 08:17:53,08:18:26,2,1,33,0,35,497,1,7.0,17.49,6.333333333333333,2.0,13.306451612903226,0.6763636363636364
2,1.44,5.6,1900-01-01 08:18:04,08:18:37,3,1,33,1,20,498,1,9.0,21.26,6.0,-7.0,22.916666666666668,0.08727272727272727
9,2.94,20.96,1900-01-01 08:18:13,08:18:46,4,1,33,0,35,498,1,2.0,5.6,6.666666666666667,7.0,11.224489795918368,0.8018181818181818
5,2.44,6.28,1900-01-01 08:19:16,08:19:49,1,1,33,1,20,499,1,9.0,20.96,5.333333333333333,-4.0,13.524590163934427,0.3696969696969697
7,3.6,16.66,1900-01-01 08:19:27,08:20:00,5,1,33,0,35,499,1,5.0,6.28,7.0,2.0,9.166666666666666,0.7636363636363637
2,1.84,5.21,1900-01-01 08:20:25,08:20:58,2,1,33,1,20,500,1,7.0,16.66,4.666666666666667,-5.0,17.934782608695652,0.11151515151515151
6,4.0,16.41,1900-01-01 08:20:36,08:21:09,3,1,33,0,35,500,1,2.0,5.21,5.0,4.0,8.25,0.7272727272727273
4,2.66,9.95,1900-01-01 08:20:45,08:21:18,4,1,33,1,20,500,1,6.0,16.41,4.0,-2.0,12.406015037593985,0.32242424242424245
9,2.94,14.73,1900-01-01 08:21:48,08:22:21,1,1,33,0,35,501,1,4.0,9.95,6.333333333333333,5.0,11.224489795918368,0.8018181818181818
3,4.17,3.47,1900-01-01 08:21:59,08:22:32,5,1,33,1,20,501,1,9.0,14.73,5.333333333333333,-6.0,7.913669064748202,0.3790909090909091
7,1.97,16.98,1900-01-01 08:22:57,08:23:30,2,1,33,0,35,502,1,3.0,3.47,6.333333333333333,4.0,16.751269035532996,0.41787878787878785
8,3.18,21.29,1900-01-01 08:23:08,08:23:41,3,1,33,0,35,503,1,7.0,16.98,6.0,1.0,10.377358490566037,0.770909090909091
6,1.57,14.83,1900-01-01 08:23:17,08:23:50,4,1,33,0,35,503,1,8.0,21.29,7.0,-2.0,21.019108280254777,0.28545454545454546
2,5.08,5.24,1900-01-01 08:24:20,08:24:53,1,1,33,1,20,504,1,6.0,14.83,5.333333333333333,-4.0,6.496062992125984,0.30787878787878786
2,4.0,2.16,1900-01-01 08:24:31,08:25:04,5,1,33,1,20,504,1,2.0,5.24,3.3333333333333335,0.0,8.25,0.24242424242424243
8,3.27,19.83,1900-01-01 08:25:29,08:26:02,2,1,33,0,35,505,1,2.0,2.16,4.0,6.0,10.091743119266056,0.7927272727272726
6,4.09,15.37,1900-01-01 08:25:40,08:26:13,3,1,33,0,35,505,1,8.0,19.83,5.333333333333333,-2.0,8.068459657701712,0.7436363636363635
2,1.9,5.4,1900-01-01 08:25:49,08:26:22,4,1,33,1,20,505,1,6.0,15.37,5.333333333333333,-4.0,17.36842105263158,0.11515151515151516
4,4.03,6.22,1900-01-01 08:26:52,08:27:25,1,1,33,1,20,506,1,2.0,5.4,4.0,2.0,8.188585607940446,0.4884848484848485
5,3.81,5.07,1900-01-01 08:27:03,08:27:36,5,1,33,1,20,507,1,4.0,6.22,3.6666666666666665,1.0,8.661417322834646,0.5772727272727273
4,2.78,3.46,1900-01-01 08:28:01,08:28:34,2,1,33,1,20,508,1,5.0,5.07,4.333333333333333,-1.0,11.870503597122303,0.3369696969696969
6,5.33,9.12,1900-01-01 08:28:12,08:28:45,3,1,33,1,20,508,1,4.0,3.46,5.0,2.0,6.191369606003752,0.9690909090909091
6,1.66,14.43,1900-01-01 08:28:21,08:28:54,4,1,33,0,35,508,1,6.0,9.12,5.333333333333333,0.0,19.87951807228916,0.30181818181818176
9,2.24,14.32,1900-01-01 08:29:24,08:29:57,1,1,33,0,35,509,1,6.0,14.43,7.0,3.0,14.732142857142856,0.610909090909091
6,1.78,7.8,1900-01-01 08:29:35,08:30:08,5,1,33,1,20,509,1,9.0,14.32,7.0,-3.0,18.53932584269663,0.3236363636363636
7,4.5,4.92,1900-01-01 08:30:33,08:31:06,2,1,33,1,20,510,1,6.0,7.8,7.333333333333333,1.0,7.333333333333333,0.9545454545454546
5,2.06,7.55,1900-01-01 08:30:44,08:31:17,3,1,33,1,20,510,1,7.0,4.92,6.0,-2.0,16.019417475728154,0.31212121212121213
5,1.29,5.66,1900-01-01 08:30:53,08:31:26,4,1,33,1,20,510,1,5.0,7.55,5.666666666666667,0.0,25.58139534883721,0.19545454545454546
8,1.63,12.86,1900-01-01 08:31:56,08:32:29,1,1,33,0,35,511,1,5.0,5.66,6.0,3.0,20.245398773006137,0.3951515151515151
4,6.92,2.94,1900-01-01 08:32:07,08:32:40,5,1,33,2,27,512,1,8.0,12.86,5.666666666666667,-4.0,4.76878612716763,0.8387878787878789
2,4.33,2.88,1900-01-01 08:33:05,08:33:38,2,1,33,1,20,513,1,4.0,2.94,4.666666666666667,-2.0,7.621247113163972,0.26242424242424245
4,7.92,3.47,1900-01-01 08:33:16,08:33:49,3,1,33,2,30,513,1,2.0,2.88,3.3333333333333335,2.0,4.166666666666667,0.96
7,2.78,7.01,1900-01-01 08:33:25,08:33:58,4,1,33,1,20,513,1,4.0,3.47,4.333333333333333,3.0,11.870503597122303,0.5896969696969696
2,1.75,3.42,1900-01-01 08:34:28,08:35:01,1,1,33,1,20,514,1,7.0,7.01,4.333333333333333,-5.0,18.857142857142858,0.10606060606060606
13,2.02,14.47,1900-01-01 08:34:39,08:35:12,5,1,33,0,35,514,1,2.0,3.42,7.333333333333333,11.0,16.336633663366335,0.7957575757575758
11,1.81,9.32,1900-01-01 08:35:37,08:36:10,2,1,33,0,35,515,1,13.0,14.47,8.666666666666666,-2.0,18.23204419889503,0.6033333333333333
3,6.67,3.18,1900-01-01 08:35:48,08:36:21,3,1,33,2,30,515,1,11.0,9.32,9.0,-8.0,4.94752623688156,0.6063636363636363
0,0.0,2.81,1900-01-01 08:35:57,08:36:30,4,1,33,1,20,515,1,3.0,3.18,4.666666666666667,-3.0,33.0,0.0
4,2.08,6.27,1900-01-01 08:37:00,08:37:33,1,1,33,1,20,517,1,0.0,2.81,2.3333333333333335,4.0,15.865384615384615,0.25212121212121213
5,3.17,7.07,1900-01-01 08:37:11,08:37:44,5,1,33,1,20,517,1,4.0,6.27,3.0,1.0,10.410094637223976,0.48030303030303023
5,4.85,3.88,1900-01-01 08:38:09,08:38:42,2,1,33,1,20,518,1,5.0,7.07,4.666666666666667,0.0,6.804123711340207,0.7348484848484848
11,2.71,9.85,1900-01-01 08:38:20,08:38:53,3,1,33,0,35,518,1,5.0,3.88,7.0,6.0,12.177121771217712,0.9033333333333334
5,2.44,6.07,1900-01-01 08:38:29,08:39:02,4,1,33,1,20,518,1,11.0,9.85,7.0,-6.0,13.524590163934427,0.3696969696969697
7,4.26,8.09,1900-01-01 08:39:32,08:40:05,1,1,33,1,20,519,1,5.0,6.07,7.666666666666667,2.0,7.746478873239437,0.9036363636363636
5,3.33,4.5,1900-01-01 08:39:43,08:40:16,5,1,33,1,20,519,1,7.0,8.09,5.666666666666667,-2.0,9.90990990990991,0.5045454545454545
1,0.0,0.86,1900-01-01 08:40:41,08:41:14,2,1,33,1,20,520,1,5.0,4.5,4.333333333333333,-4.0,33.0,0.030303030303030304
3,10.92,5.29,1900-01-01 08:40:52,08:41:25,3,1,33,2,30,520,1,1.0,0.86,3.0,2.0,3.021978021978022,0.9927272727272728
9,1.93,9.61,1900-01-01 08:41:01,08:41:34,4,1,33,0,35,521,1,3.0,5.29,4.333333333333333,6.0,17.098445595854923,0.5263636363636364
3,3.62,6.9,1900-01-01 08:42:04,08:42:37,1,1,33,1,20,522,1,9.0,9.61,5.0,-6.0,9.116022099447514,0.3290909090909091
4,1.94,4.06,1900-01-01 08:42:15,08:42:48,5,1,33,1,20,522,1,3.0,6.9,5.333333333333333,1.0,17.010309278350515,0.23515151515151514
7,1.28,5.84,1900-01-01 08:43:13,08:43:46,2,1,33,1,20,523,1,4.0,4.06,4.666666666666667,3.0,25.78125,0.27151515151515154
4,8.92,5.33,1900-01-01 08:43:24,08:43:57,3,1,33,2,30,523,1,7.0,5.84,5.0,-3.0,3.6995515695067267,1.081212121212121
8,3.73,7.83,1900-01-01 08:43:33,08:44:06,4,1,33,1,20,523,1,4.0,5.33,6.333333333333333,4.0,8.847184986595174,0.9042424242424243
7,3.89,12.79,1900-01-01 08:44:36,08:45:09,1,1,33,0,35,524,1,8.0,7.83,6.333333333333333,-1.0,8.483290488431876,0.8251515151515152
5,1.56,5.32,1900-01-01 08:44:47,08:45:20,5,1,33,1,20,524,1,7.0,12.79,6.666666666666667,-2.0,21.153846153846153,0.23636363636363636
3,1.29,2.18,1900-01-01 08:45:45,08:46:18,2,1,33,1,20,525,1,5.0,5.32,5.0,-2.0,25.58139534883721,0.11727272727272728
4,4.36,7.82,1900-01-01 08:45:56,08:46:29,3,1,33,1,20,525,1,3.0,2.18,4.0,1.0,7.568807339449541,0.5284848484848486
8,3.2,7.0,1900-01-01 08:46:05,08:46:38,4,1,33,1,20,526,1,4.0,7.82,5.0,4.0,10.3125,0.7757575757575758
2,2.42,3.69,1900-01-01 08:47:08,08:47:41,1,1,33,1,20,527,1,8.0,7.0,4.666666666666667,-6.0,13.636363636363637,0.14666666666666667
4,1.08,2.35,1900-01-01 08:47:19,08:47:52,5,1,33,1,20,527,1,2.0,3.69,4.666666666666667,2.0,30.555555555555554,0.13090909090909092
3,1.08,1.78,1900-01-01 08:48:17,08:48:50,2,1,33,1,20,528,1,4.0,2.35,3.0,-1.0,30.555555555555554,0.09818181818181819
7,2.99,9.07,1900-01-01 08:48:28,08:49:01,3,1,33,1,20,528,1,3.0,1.78,4.666666666666667,4.0,11.036789297658862,0.6342424242424243
3,12.46,8.62,1900-01-01 08:48:37,08:49:10,4,1,33,2,37,528,1,7.0,9.07,4.333333333333333,-4.0,2.6484751203852324,1.1327272727272728
1,0.0,2.31,1900-01-01 08:49:40,08:50:13,1,1,33,1,20,529,1,3.0,8.62,3.6666666666666665,-2.0,33.0,0.030303030303030304
9,1.5,9.75,1900-01-01 08:49:51,08:50:24,5,1,33,0,35,529,1,1.0,2.31,4.333333333333333,8.0,22.0,0.4090909090909091
2,2.75,3.83,1900-01-01 08:50:49,08:51:22,2,1,33,1,20,530,1,9.0,9.75,4.0,-7.0,12.0,0.16666666666666666
8,1.96,6.72,1900-01-01 08:51:00,08:51:33,3,1,33,1,20,531,1,2.0,3.83,6.333333333333333,6.0,16.836734693877553,0.4751515151515151
6,1.42,5.5,1900-01-01 08:51:09,08:51:42,4,1,33,1,20,531,1,8.0,6.72,5.333333333333333,-2.0,23.23943661971831,0.2581818181818182
7,2.14,9.72,1900-01-01 08:52:12,08:52:45,1,1,33,1,20,532,1,6.0,5.5,7.0,1.0,15.42056074766355,0.453939393939394
5,1.19,5.43,1900-01-01 08:52:23,08:52:56,5,1,33,1,20,532,1,7.0,9.72,6.0,-2.0,27.73109243697479,0.1803030303030303
4,2.28,2.06,1900-01-01 08:53:21,08:53:54,2,1,33,1,20,533,1,5.0,5.43,5.333333333333333,-1.0,14.473684210526317,0.27636363636363637
3,7.12,6.67,1900-01-01 08:53:32,08:54:05,3,1,33,2,21,533,1,4.0,2.06,4.0,-1.0,4.634831460674158,0.6472727272727272
1,0.0,0.73,1900-01-01 08:53:41,08:54:14,4,1,33,1,20,533,1,3.0,6.67,2.6666666666666665,-2.0,33.0,0.030303030303030304
1,0.0,1.2,1900-01-01 08:54:44,08:55:17,1,1,33,1,20,534,1,1.0,0.73,1.6666666666666667,0.0,33.0,0.030303030303030304
10,2.59,14.73,1900-01-01 08:54:55,08:55:28,5,1,33,0,35,534,1,1.0,1.2,4.0,9.0,12.741312741312742,0.7848484848484848
2,3.92,1.3,1900-01-01 08:55:53,08:56:26,2,1,33,1,20,535,1,10.0,14.73,4.333333333333333,-8.0,8.418367346938776,0.23757575757575755
7,3.99,9.94,1900-01-01 08:56:04,08:56:37,3,1,33,1,20,536,1,2.0,1.3,6.333333333333333,5.0,8.270676691729323,0.8463636363636364
9,2.58,10.24,1900-01-01 08:56:13,08:56:46,4,1,33,0,35,536,1,7.0,9.94,6.0,2.0,12.790697674418604,0.7036363636363636
7,3.89,9.47,1900-01-01 08:57:16,08:57:49,1,1,33,1,20,537,1,9.0,10.24,7.666666666666667,-2.0,8.483290488431876,0.8251515151515152
7,3.38,6.92,1900-01-01 08:57:27,08:58:00,5,1,33,1,20,537,1,7.0,9.47,7.666666666666667,0.0,9.763313609467456,0.7169696969696969
8,1.67,5.54,1900-01-01 08:58:25,08:58:58,2,1,33,1,20,538,1,7.0,6.92,7.333333333333333,1.0,19.76047904191617,0.4048484848484848
2,2.25,5.56,1900-01-01 08:58:36,08:59:09,3,1,33,1,20,538,1,8.0,5.54,5.666666666666667,-6.0,14.666666666666666,0.13636363636363638
14,1.17,14.34,1900-01-01 08:58:45,08:59:18,4,1,33,0,35,538,1,2.0,5.56,8.0,12.0,28.205128205128208,0.49636363636363634
6,3.53,7.49,1900-01-01 08:59:48,09:00:21,1,1,33,1,20,539,1,14.0,14.34,7.333333333333333,-8.0,9.34844192634561,0.6418181818181818
8,1.77,10.43,1900-01-01 08:59:59,09:00:32,5,1,33,0,35,539,1,6.0,7.49,9.333333333333334,2.0,18.64406779661017,0.4290909090909091
5,2.69,7.36,1900-01-01 09:00:57,09:01:30,2,1,33,1,20,540,1,8.0,10.43,6.333333333333333,-3.0,12.267657992565056,0.4075757575757576
7,3.36,10.08,1900-01-01 09:01:08,09:01:41,3,1,33,1,20,541,1,5.0,7.36,6.666666666666667,2.0,9.821428571428571,0.7127272727272728
2,0.08,1.33,1900-01-01 09:01:17,09:01:50,4,1,33,1,20,541,1,7.0,10.08,4.666666666666667,-5.0,412.5,0.0048484848484848485
2,14.42,2.75,1900-01-01 09:02:20,09:02:53,1,1,33,2,28,542,1,2.0,1.33,3.6666666666666665,0.0,2.2884882108183078,0.873939393939394
6,4.2,6.51,1900-01-01 09:02:31,09:03:04,5,1,33,1,20,542,1,2.0,2.75,3.3333333333333335,4.0,7.857142857142857,0.7636363636363637
3,1.04,3.4,1900-01-01 09:03:29,09:04:02,2,1,33,1,20,543,1,6.0,6.51,3.6666666666666665,-3.0,31.73076923076923,0.09454545454545454
5,2.33,6.55,1900-01-01 09:03:40,09:04:13,3,1,33,1,20,543,1,3.0,3.4,4.666666666666667,2.0,14.163090128755364,0.353030303030303
8,1.46,11.86,1900-01-01 09:03:49,09:04:22,4,1,33,0,35,543,1,5.0,6.55,5.333333333333333,3.0,22.602739726027398,0.35393939393939394
6,1.83,8.23,1900-01-01 09:04:52,09:05:25,1,1,33,1,20,544,1,8.0,11.86,6.333333333333333,-2.0,18.0327868852459,0.33272727272727276
6,3.33,11.3,1900-01-01 09:05:03,09:05:36,5,1,33,1,20,545,1,6.0,8.23,6.666666666666667,0.0,9.90990990990991,0.6054545454545455
3,4.62,6.3,1900-01-01 09:06:01,09:06:34,2,1,33,1,20,546,1,6.0,11.3,5.0,-3.0,7.142857142857142,0.42000000000000004
3,5.29,3.62,1900-01-01 09:06:12,09:06:45,3,1,33,1,20,546,1,3.0,6.3,4.0,0.0,6.238185255198488,0.4809090909090909
3,2.67,2.73,1900-01-01 09:06:21,09:06:54,4,1,33,1,20,546,1,3.0,3.62,3.0,0.0,12.359550561797754,0.2427272727272727
5,2.73,3.47,1900-01-01 09:07:24,09:07:57,1,1,33,1,20,547,1,3.0,2.73,3.6666666666666665,2.0,12.087912087912088,0.41363636363636364
5,2.85,7.61,1900-01-01 09:07:35,09:08:08,5,1,33,1,20,547,1,5.0,3.47,4.333333333333333,0.0,11.578947368421053,0.4318181818181818
11,2.48,8.67,1900-01-01 09:08:33,09:09:06,2,1,33,0,35,548,1,5.0,7.61,7.0,6.0,13.306451612903226,0.8266666666666667
3,5.0,4.13,1900-01-01 09:08:44,09:09:17,3,1,33,1,20,548,1,11.0,8.67,6.333333333333333,-8.0,6.6,0.4545454545454546
3,10.88,1.86,1900-01-01 09:08:53,09:09:26,4,1,33,2,32,548,1,3.0,4.13,5.666666666666667,0.0,3.0330882352941173,0.9890909090909092
10,2.72,18.67,1900-01-01 09:09:56,09:10:29,1,1,33,0,35,549,1,3.0,1.86,5.333333333333333,7.0,12.13235294117647,0.8242424242424243
4,1.36,4.67,1900-01-01 09:10:07,09:10:40,5,1,33,1,20,550,1,10.0,18.67,5.666666666666667,-6.0,24.26470588235294,0.16484848484848486
3,3.17,2.12,1900-01-01 09:11:05,09:11:38,2,1,33,1,20,551,1,4.0,4.67,5.666666666666667,-1.0,10.410094637223976,0.28818181818181815
10,2.31,11.82,1900-01-01 09:11:16,09:11:49,3,1,33,0,35,551,1,3.0,2.12,5.666666666666667,7.0,14.285714285714285,0.7000000000000001
6,1.25,7.05,1900-01-01 09:11:25,09:11:58,4,1,33,1,20,551,1,10.0,11.82,6.333333333333333,-4.0,26.4,0.2272727272727273
3,1.29,4.11,1900-01-01 09:12:28,09:13:01,1,1,33,1,20,552,1,6.0,7.05,6.333333333333333,-3.0,25.58139534883721,0.11727272727272728
4,1.75,6.2,1900-01-01 09:12:39,09:13:12,5,1,33,1,20,552,1,3.0,4.11,4.333333333333333,1.0,18.857142857142858,0.21212121212121213
8,1.26,4.44,1900-01-01 09:13:37,09:14:10,2,1,33,1,20,553,1,4.0,6.2,5.0,4.0,26.19047619047619,0.3054545454545455
4,3.06,7.13,1900-01-01 09:13:48,09:14:21,3,1,33,1,20,553,1,8.0,4.44,5.333333333333333,-4.0,10.784313725490195,0.37090909090909097
7,1.9,10.84,1900-01-01 09:13:57,09:14:30,4,1,33,1,20,553,1,4.0,7.13,6.333333333333333,3.0,17.36842105263158,0.403030303030303
7,2.82,6.52,1900-01-01 09:15:00,09:15:33,1,1,33,1,20,555,1,7.0,10.84,6.0,0.0,11.702127659574469,0.5981818181818181
4,2.67,3.79,1900-01-01 09:15:11,09:15:44,5,1,33,1,20,555,1,7.0,6.52,6.0,-3.0,12.359550561797754,0.3236363636363636
9,1.58,7.13,1900-01-01 09:16:09,09:16:42,2,1,33,0,35,556,1,4.0,3.79,6.666666666666667,5.0,20.886075949367086,0.43090909090909096
3,8.25,4.42,1900-01-01 09:16:20,09:16:53,3,1,33,2,40,556,1,9.0,7.13,5.333333333333333,-6.0,4.0,0.75
2,0.67,2.59,1900-01-01 09:16:29,09:17:02,4,1,33,1,20,556,1,3.0,4.42,4.666666666666667,-1.0,49.253731343283576,0.04060606060606061
10,2.9,10.04,1900-01-01 09:17:32,09:18:05,1,1,33,0,35,557,1,2.0,2.59,5.0,8.0,11.379310344827587,0.8787878787878787
2,1.5,1.91,1900-01-01 09:17:43,09:18:16,5,1,33,1,20,557,1,10.0,10.04,4.666666666666667,-8.0,22.0,0.09090909090909091
6,2.33,6.41,1900-01-01 09:18:41,09:19:14,2,1,33,1,20,558,1,2.0,1.91,6.0,4.0,14.163090128755364,0.42363636363636364
5,2.75,14.34,1900-01-01 09:18:52,09:19:25,3,1,33,1,35,558,1,6.0,6.41,4.333333333333333,-1.0,12.0,0.4166666666666667
2,0.17,2.35,1900-01-01 09:19:01,09:19:34,4,1,33,1,20,559,1,5.0,14.34,4.333333333333333,-3.0,194.1176470588235,0.010303030303030303
7,1.86,8.91,1900-01-01 09:20:04,09:20:37,1,1,33,1,20,560,1,2.0,2.35,4.666666666666667,5.0,17.741935483870968,0.39454545454545453
8,2.07,14.94,1900-01-01 09:20:15,09:20:48,5,1,33,0,35,560,1,7.0,8.91,5.666666666666667,1.0,15.942028985507248,0.5018181818181817
2,20.0,1.0,1900-01-01 09:21:13,09:21:46,2,1,33,2,39,561,1,8.0,14.94,5.666666666666667,-6.0,1.65,1.2121212121212122
0,0.0,0.85,1900-01-01 09:21:24,09:21:57,3,1,33,1,35,561,1,2.0,1.0,3.3333333333333335,-2.0,33.0,0.0
3,3.83,2.88,1900-01-01 09:21:33,09:22:06,4,1,33,1,20,561,1,0.0,0.85,1.6666666666666667,3.0,8.616187989556135,0.3481818181818182
6,2.58,5.87,1900-01-01 09:22:36,09:23:09,1,1,33,1,20,562,1,3.0,2.88,3.0,3.0,12.790697674418604,0.4690909090909091
5,1.38,5.39,1900-01-01 09:22:47,09:23:20,5,1,33,1,20,562,1,6.0,5.87,4.666666666666667,-1.0,23.91304347826087,0.20909090909090908
2,5.5,1.11,1900-01-01 09:23:45,09:24:18,2,1,33,1,20,563,1,5.0,5.39,4.333333333333333,-3.0,6.0,0.3333333333333333
1,0.0,1.78,1900-01-01 09:23:56,09:24:29,3,1,33,1,35,563,1,2.0,1.11,2.6666666666666665,-1.0,33.0,0.030303030303030304
4,2.03,4.04,1900-01-01 09:24:05,09:24:38,4,1,33,1,20,564,1,1.0,1.78,2.3333333333333335,3.0,16.256157635467982,0.24606060606060604
10,2.46,13.34,1900-01-01 09:25:08,09:25:41,1,1,33,0,35,565,1,4.0,4.04,5.0,6.0,13.414634146341463,0.7454545454545455
1,0.0,2.75,1900-01-01 09:25:19,09:25:52,5,1,33,1,20,565,1,10.0,13.34,5.0,-9.0,33.0,0.030303030303030304
4,3.03,1.8,1900-01-01 09:26:17,09:26:50,2,1,33,1,20,566,1,1.0,2.75,5.0,3.0,10.891089108910892,0.36727272727272725
1,0.0,3.84,1900-01-01 09:26:28,09:27:01,3,1,33,1,35,566,1,4.0,1.8,2.0,-3.0,33.0,0.030303030303030304
5,0.75,6.06,1900-01-01 09:26:37,09:27:10,4,1,33,1,20,566,1,1.0,3.84,3.3333333333333335,4.0,44.0,0.11363636363636363
8,3.24,9.84,1900-01-01 09:27:40,09:28:13,1,1,33,0,35,567,1,5.0,6.06,4.666666666666667,3.0,10.185185185185185,0.7854545454545454
3,1.29,1.31,1900-01-01 09:27:51,09:28:24,5,1,33,1,20,567,1,8.0,9.84,5.333333333333333,-5.0,25.58139534883721,0.11727272727272728
6,1.8,4.01,1900-01-01 09:28:49,09:29:22,2,1,33,1,20,568,1,3.0,1.31,5.666666666666667,3.0,18.333333333333332,0.32727272727272727
2,26.42,2.59,1900-01-01 09:29:00,09:29:33,3,1,33,2,40,569,1,6.0,4.01,3.6666666666666665,-4.0,1.2490537471612415,1.601212121212121
7,3.97,5.95,1900-01-01 09:29:09,09:29:42,4,1,33,1,20,569,1,2.0,2.59,5.0,5.0,8.312342569269521,0.8421212121212122
4,2.19,5.83,1900-01-01 09:30:12,09:30:45,1,1,33,1,20,570,1,7.0,5.95,4.333333333333333,-3.0,15.068493150684931,0.26545454545454544
4,5.47,6.79,1900-01-01 09:30:23,09:30:56,5,1,33,1,26,570,1,4.0,5.83,5.0,0.0,6.032906764168191,0.663030303030303
9,2.56,6.2,1900-01-01 09:31:21,09:31:54,2,1,33,1,20,571,1,4.0,6.79,5.666666666666667,5.0,12.890625,0.6981818181818182
1,0.0,3.02,1900-01-01 09:31:32,09:32:05,3,1,33,1,20,571,1,9.0,6.2,4.666666666666667,-8.0,33.0,0.030303030303030304
8,3.73,12.09,1900-01-01 09:31:41,09:32:14,4,1,33,0,35,571,1,1.0,3.02,6.0,7.0,8.847184986595174,0.9042424242424243
7,1.72,10.46,1900-01-01 09:32:44,09:33:17,1,1,33,1,20,572,1,8.0,12.09,5.333333333333333,-1.0,19.186046511627907,0.36484848484848487
5,3.56,6.32,1900-01-01 09:32:55,09:33:28,5,1,33,1,26,572,1,7.0,10.46,6.666666666666667,-2.0,9.269662921348315,0.5393939393939393
7,2.01,5.15,1900-01-01 09:33:53,09:34:26,2,1,33,1,20,573,1,5.0,6.32,6.333333333333333,2.0,16.417910447761194,0.42636363636363633
4,2.97,7.57,1900-01-01 09:34:04,09:34:37,3,1,33,1,20,574,1,7.0,5.15,5.333333333333333,-3.0,11.11111111111111,0.36
3,3.33,2.1,1900-01-01 09:34:13,09:34:46,4,1,33,1,20,574,1,4.0,7.57,4.666666666666667,-1.0,9.90990990990991,0.30272727272727273
4,1.47,6.16,1900-01-01 09:35:16,09:35:49,1,1,33,1,20,575,1,3.0,2.1,3.6666666666666665,1.0,22.448979591836736,0.17818181818181816
7,3.21,7.9,1900-01-01 09:35:27,09:36:00,5,1,33,1,26,575,1,4.0,6.16,4.666666666666667,3.0,10.280373831775702,0.6809090909090909
6,1.62,4.05,1900-01-01 09:36:25,09:36:58,2,1,33,1,20,576,1,7.0,7.9,5.666666666666667,-1.0,20.37037037037037,0.29454545454545455
2,3.42,3.63,1900-01-01 09:36:36,09:37:09,3,1,33,1,20,576,1,6.0,4.05,5.0,-4.0,9.649122807017545,0.20727272727272725
9,1.86,10.5,1900-01-01 09:36:45,09:37:18,4,1,33,0,35,576,1,2.0,3.63,5.666666666666667,7.0,17.741935483870968,0.5072727272727273
9,1.5,11.46,1900-01-01 09:37:48,09:38:21,1,1,33,0,35,577,1,9.0,10.5,6.666666666666667,0.0,22.0,0.4090909090909091
3,12.42,3.4,1900-01-01 09:37:59,09:38:32,5,1,33,2,37,577,1,9.0,11.46,7.0,-6.0,2.657004830917874,1.1290909090909091
8,1.67,6.41,1900-01-01 09:38:57,09:39:30,2,1,33,1,20,578,1,3.0,3.4,6.666666666666667,5.0,19.76047904191617,0.4048484848484848
11,1.57,12.92,1900-01-01 09:39:08,09:39:41,3,1,33,0,35,579,1,8.0,6.41,7.333333333333333,3.0,21.019108280254777,0.5233333333333333
4,8.36,3.27,1900-01-01 09:39:17,09:39:50,4,1,33,2,33,579,1,11.0,12.92,7.666666666666667,-7.0,3.947368421052632,1.0133333333333332
4,5.5,3.74,1900-01-01 09:40:20,09:40:53,1,1,33,1,20,580,1,4.0,3.27,6.333333333333333,0.0,6.0,0.6666666666666666
8,2.54,6.09,1900-01-01 09:40:31,09:41:04,5,1,33,1,26,580,1,4.0,3.74,5.333333333333333,4.0,12.992125984251969,0.6157575757575757
2,3.0,1.22,1900-01-01 09:41:29,09:42:02,2,1,33,1,20,581,1,8.0,6.09,4.666666666666667,-6.0,11.0,0.18181818181818182
2,9.08,6.73,1900-01-01 09:41:40,09:42:13,3,1,33,2,27,581,1,2.0,1.22,4.0,0.0,3.6343612334801763,0.5503030303030303
10,1.8,9.89,1900-01-01 09:41:49,09:42:22,4,1,33,0,35,581,1,2.0,6.73,4.666666666666667,8.0,18.333333333333332,0.5454545454545455
5,3.69,5.79,1900-01-01 09:42:52,09:43:25,1,1,33,1,20,582,1,10.0,9.89,5.666666666666667,-5.0,8.94308943089431,0.5590909090909091
6,5.05,7.59,1900-01-01 09:43:03,09:43:36,5,1,33,1,26,583,1,5.0,5.79,7.0,1.0,6.534653465346535,0.9181818181818181
7,3.85,3.71,1900-01-01 09:44:01,09:44:34,2,1,33,1,20,584,1,6.0,7.59,6.0,1.0,8.571428571428571,0.8166666666666667
3,12.96,8.71,1900-01-01 09:44:12,09:44:45,3,1,33,2,27,584,1,7.0,3.71,5.333333333333333,-4.0,2.5462962962962963,1.1781818181818182
11,1.57,12.29,1900-01-01 09:44:21,09:44:54,4,1,33,0,35,584,1,3.0,8.71,7.0,8.0,21.019108280254777,0.5233333333333333
2,2.25,3.2,1900-01-01 09:45:24,09:45:57,1,1,33,1,20,585,1,11.0,12.29,5.333333333333333,-9.0,14.666666666666666,0.13636363636363638
7,4.81,8.99,1900-01-01 09:45:35,09:46:08,5,1,33,1,20,585,1,2.0,3.2,6.666666666666667,5.0,6.860706860706861,1.0203030303030303
4,2.94,4.22,1900-01-01 09:46:33,09:47:06,2,1,33,1,23,586,1,7.0,8.99,4.333333333333333,-3.0,11.224489795918368,0.3563636363636363
1,0.0,0.73,1900-01-01 09:46:44,09:47:17,3,1,33,1,20,586,1,4.0,4.22,4.0,-3.0,33.0,0.030303030303030304
9,3.29,8.28,1900-01-01 09:46:53,09:47:26,4,1,33,0,35,586,1,1.0,0.73,4.666666666666667,8.0,10.030395136778115,0.8972727272727273
4,7.64,4.18,1900-01-01 09:47:56,09:48:29,1,1,33,2,29,587,1,9.0,8.28,4.666666666666667,-5.0,4.319371727748691,0.9260606060606061
6,2.05,14.85,1900-01-01 09:48:07,09:48:40,5,1,33,0,35,588,1,4.0,4.18,6.333333333333333,2.0,16.097560975609756,0.37272727272727274
10,2.42,7.56,1900-01-01 09:49:05,09:49:38,2,1,33,0,35,589,1,6.0,14.85,6.666666666666667,4.0,13.636363636363637,0.7333333333333333
7,3.25,9.39,1900-01-01 09:49:16,09:49:49,3,1,33,1,20,589,1,10.0,7.56,7.666666666666667,-3.0,10.153846153846153,0.6893939393939394
6,4.53,5.9,1900-01-01 09:49:25,09:49:58,4,1,33,1,20,589,1,7.0,9.39,7.666666666666667,-1.0,7.28476821192053,0.8236363636363636
5,7.19,6.07,1900-01-01 09:50:28,09:51:01,1,1,33,2,29,590,1,6.0,5.9,6.0,-1.0,4.589707927677329,1.0893939393939394
0,0.0,0.05,1900-01-01 09:50:39,09:51:12,5,1,33,1,20,590,1,5.0,6.07,3.6666666666666665,-5.0,33.0,0.0
9,3.35,4.15,1900-01-01 09:51:37,09:52:10,2,1,33,1,23,591,1,0.0,0.05,4.666666666666667,9.0,9.850746268656716,0.9136363636363637
7,3.5,6.71,1900-01-01 09:51:48,09:52:21,3,1,33,1,20,591,1,9.0,4.15,5.333333333333333,-2.0,9.428571428571429,0.7424242424242424
6,1.57,5.75,1900-01-01 09:51:57,09:52:30,4,1,33,1,20,591,1,7.0,6.71,7.333333333333333,-1.0,21.019108280254777,0.28545454545454546
8,3.5,11.86,1900-01-01 09:53:00,09:53:33,1,1,33,0,35,593,1,6.0,5.75,7.0,2.0,9.428571428571429,0.8484848484848485
1,0.0,1.24,1900-01-01 09:53:11,09:53:44,5,1,33,1,20,593,1,8.0,11.86,5.0,-7.0,33.0,0.030303030303030304
6,3.37,5.5,1900-01-01 09:54:09,09:54:42,2,1,33,1,23,594,1,1.0,1.24,5.0,5.0,9.792284866468842,0.6127272727272728
7,3.65,6.17,1900-01-01 09:54:20,09:54:53,3,1,33,1,20,594,1,6.0,5.5,4.666666666666667,1.0,9.04109589041096,0.7742424242424242
5,1.12,3.82,1900-01-01 09:54:29,09:55:02,4,1,33,1,20,594,1,7.0,6.17,6.0,-2.0,29.46428571428571,0.1696969696969697
8,2.54,8.95,1900-01-01 09:55:32,09:56:05,1,1,33,1,20,595,1,5.0,3.82,6.666666666666667,3.0,12.992125984251969,0.6157575757575757
4,2.94,2.32,1900-01-01 09:55:43,09:56:16,5,1,33,1,20,595,1,8.0,8.95,5.666666666666667,-4.0,11.224489795918368,0.3563636363636363
3,13.38,1.66,1900-01-01 09:56:41,09:57:14,2,1,33,2,39,596,1,4.0,2.32,5.0,-1.0,2.4663677130044843,1.2163636363636363
4,2.17,5.87,1900-01-01 09:56:52,09:57:25,3,1,33,1,20,596,1,3.0,1.66,3.6666666666666665,1.0,15.207373271889402,0.263030303030303
1,0.0,2.37,1900-01-01 09:57:01,09:57:34,4,1,33,1,20,597,1,4.0,5.87,2.6666666666666665,-3.0,33.0,0.030303030303030304
3,7.54,2.37,1900-01-01 09:58:04,09:58:37,1,1,33,2,29,598,1,1.0,2.37,2.6666666666666665,2.0,4.376657824933687,0.6854545454545454
3,4.04,3.32,1900-01-01 09:58:15,09:58:48,5,1,33,1,20,598,1,3.0,2.37,2.3333333333333335,0.0,8.168316831683168,0.3672727272727273
8,3.12,6.26,1900-01-01 09:59:13,09:59:46,2,1,33,1,23,599,1,3.0,3.32,4.666666666666667,5.0,10.576923076923077,0.7563636363636363
5,1.85,4.75,1900-01-01 09:59:24,09:59:57,3,1,33,1,20,599,1,8.0,6.26,5.333333333333333,-3.0,17.83783783783784,0.2803030303030303
1,0.0,1.05,1900-01-01 09:59:33,10:00:06,4,1,33,1,20,599,1,5.0,4.75,4.666666666666667,-4.0,33.0,0.030303030303030304
8,1.65,16.33,1900-01-01 10:00:36,10:01:09,1,1,33,0,35,600,1,1.0,1.05,4.666666666666667,7.0,20.0,0.4
4,1.81,3.9,1900-01-01 10:00:47,10:01:20,5,1,33,1,20,600,1,8.0,16.33,4.333333333333333,-4.0,18.23204419889503,0.2193939393939394
4,1.53,2.15,1900-01-01 10:01:45,10:02:18,2,1,33,1,20,601,1,4.0,3.9,5.333333333333333,0.0,21.56862745098039,0.18545454545454548
3,14.33,1.71,1900-01-01 10:01:56,10:02:29,3,1,33,2,40,601,1,4.0,2.15,3.6666666666666665,-1.0,2.3028611304954643,1.3027272727272725
3,7.29,4.13,1900-01-01 10:02:05,10:02:38,4,1,33,2,22,602,1,3.0,1.71,3.3333333333333335,0.0,4.526748971193416,0.6627272727272727
2,0.0,1.3,1900-01-01 10:03:08,10:03:41,1,1,33,1,20,603,1,3.0,4.13,2.6666666666666665,-1.0,33.0,0.06060606060606061
5,5.65,4.49,1900-01-01 10:03:19,10:03:52,5,1,33,1,20,603,1,2.0,1.3,3.3333333333333335,3.0,5.840707964601769,0.8560606060606062
7,2.39,5.68,1900-01-01 10:04:17,10:04:50,2,1,33,1,20,604,1,5.0,4.49,4.666666666666667,2.0,13.807531380753137,0.5069696969696971
3,2.67,2.02,1900-01-01 10:04:28,10:05:01,3,1,33,1,20,604,1,7.0,5.68,5.0,-4.0,12.359550561797754,0.2427272727272727
6,4.55,4.83,1900-01-01 10:04:37,10:05:10,4,1,33,1,20,604,1,3.0,2.02,5.333333333333333,3.0,7.252747252747253,0.8272727272727273
3,5.96,3.03,1900-01-01 10:05:40,10:06:13,1,1,33,1,20,605,1,6.0,4.83,4.0,-3.0,5.5369127516778525,0.5418181818181818
4,2.31,4.1,1900-01-01 10:05:51,10:06:24,5,1,33,1,20,605,1,3.0,3.03,4.333333333333333,1.0,14.285714285714285,0.28
9,2.27,6.95,1900-01-01 10:06:49,10:07:22,2,1,33,1,20,606,1,4.0,4.1,5.333333333333333,5.0,14.537444933920705,0.6190909090909091
4,1.64,5.46,1900-01-01 10:07:00,10:07:33,3,1,33,1,20,607,1,9.0,6.95,5.666666666666667,-5.0,20.121951219512198,0.19878787878787876
9,1.81,8.6,1900-01-01 10:07:09,10:07:42,4,1,33,0,35,607,1,4.0,5.46,7.333333333333333,5.0,18.23204419889503,0.4936363636363636
8,2.61,11.19,1900-01-01 10:08:12,10:08:45,1,1,33,0,35,608,1,9.0,8.6,7.0,-1.0,12.64367816091954,0.6327272727272727
12,1.92,12.63,1900-01-01 10:08:23,10:08:56,5,1,33,0,35,608,1,8.0,11.19,9.666666666666666,4.0,17.1875,0.6981818181818182
4,6.97,3.29,1900-01-01 10:09:21,10:09:54,2,1,33,2,28,609,1,12.0,12.63,8.0,-8.0,4.734576757532281,0.8448484848484848
6,2.3,8.09,1900-01-01 10:09:32,10:10:05,3,1,33,1,20,609,1,4.0,3.29,7.333333333333333,2.0,14.347826086956523,0.41818181818181815
8,2.24,10.85,1900-01-01 10:09:41,10:10:14,4,1,33,0,35,609,1,6.0,8.09,6.0,2.0,14.732142857142856,0.5430303030303031
4,1.86,5.83,1900-01-01 10:10:44,10:11:17,1,1,33,1,20,610,1,8.0,10.85,6.0,-4.0,17.741935483870968,0.22545454545454546
1,0.0,1.17,1900-01-01 10:10:55,10:11:28,5,1,33,1,20,610,1,4.0,5.83,4.333333333333333,-3.0,33.0,0.030303030303030304
3,0.92,2.18,1900-01-01 10:11:53,10:12:26,2,1,33,1,20,611,1,1.0,1.17,2.6666666666666665,2.0,35.869565217391305,0.08363636363636363
5,3.75,5.21,1900-01-01 10:12:04,10:12:37,3,1,33,1,20,612,1,3.0,2.18,3.0,2.0,8.8,0.5681818181818181
5,1.81,7.0,1900-01-01 10:12:13,10:12:46,4,1,33,1,20,612,1,5.0,5.21,4.333333333333333,0.0,18.23204419889503,0.27424242424242423
10,1.91,11.39,1900-01-01 10:13:16,10:13:49,1,1,33,0,35,613,1,5.0,7.0,6.666666666666667,5.0,17.277486910994764,0.5787878787878789
4,5.28,3.82,1900-01-01 10:13:27,10:14:00,5,1,33,1,20,613,1,10.0,11.39,6.333333333333333,-6.0,6.25,0.64
6,4.48,5.51,1900-01-01 10:14:25,10:14:58,2,1,33,1,20,614,1,4.0,3.82,6.666666666666667,2.0,7.366071428571428,0.8145454545454546
6,1.8,9.17,1900-01-01 10:14:36,10:15:09,3,1,33,1,20,614,1,6.0,5.51,5.333333333333333,0.0,18.333333333333332,0.32727272727272727
12,1.73,14.19,1900-01-01 10:14:45,10:15:18,4,1,33,0,35,614,1,6.0,9.17,8.0,6.0,19.07514450867052,0.6290909090909091
3,13.54,3.39,1900-01-01 10:15:48,10:16:21,1,1,33,2,40,615,1,12.0,14.19,7.0,-9.0,2.4372230428360413,1.230909090909091
5,5.62,2.83,1900-01-01 10:15:59,10:16:32,5,1,33,1,20,615,1,3.0,3.39,6.666666666666667,2.0,5.871886120996441,0.8515151515151516
5,2.04,5.4,1900-01-01 10:16:57,10:17:30,2,1,33,1,20,616,1,5.0,2.83,4.333333333333333,0.0,16.176470588235293,0.3090909090909091
4,3.97,3.94,1900-01-01 10:17:08,10:17:41,3,1,33,1,20,617,1,5.0,5.4,4.666666666666667,-1.0,8.312342569269521,0.4812121212121212
7,2.04,6.47,1900-01-01 10:17:17,10:17:50,4,1,33,1,20,617,1,4.0,3.94,5.333333333333333,3.0,16.176470588235293,0.43272727272727274
6,4.08,6.52,1900-01-01 10:18:20,10:18:53,1,1,33,1,20,618,1,7.0,6.47,5.666666666666667,-1.0,8.088235294117647,0.7418181818181818
10,2.44,9.91,1900-01-01 10:18:31,10:19:04,5,1,33,0,35,618,1,6.0,6.52,7.666666666666667,4.0,13.524590163934427,0.7393939393939394
2,3.42,1.79,1900-01-01 10:19:29,10:20:02,2,1,33,1,20,619,1,10.0,9.91,6.0,-8.0,9.649122807017545,0.20727272727272725
3,0.83,3.66,1900-01-01 10:19:40,10:20:13,3,1,33,1,20,619,1,2.0,1.79,5.0,1.0,39.75903614457832,0.07545454545454544
2,5.33,2.94,1900-01-01 10:19:49,10:20:22,4,1,33,1,20,619,1,3.0,3.66,2.3333333333333335,-1.0,6.191369606003752,0.32303030303030306
6,2.32,10.64,1900-01-01 10:20:52,10:21:25,1,1,33,1,20,620,1,2.0,2.94,3.6666666666666665,4.0,14.224137931034484,0.42181818181818176
6,1.67,5.32,1900-01-01 10:21:03,10:21:36,5,1,33,1,20,621,1,6.0,10.64,4.666666666666667,0.0,19.76047904191617,0.3036363636363636
0,0.0,0.17,1900-01-01 10:22:01,10:22:34,2,1,33,1,20,622,1,6.0,5.32,4.0,-6.0,33.0,0.0
4,2.14,4.06,1900-01-01 10:22:12,10:22:45,3,1,33,1,20,622,1,0.0,0.17,3.3333333333333335,4.0,15.42056074766355,0.2593939393939394
3,2.04,2.27,1900-01-01 10:22:21,10:22:54,4,1,33,1,20,622,1,4.0,4.06,2.3333333333333335,-1.0,16.176470588235293,0.18545454545454546
7,4.53,10.07,1900-01-01 10:23:24,10:23:57,1,1,33,1,20,623,1,3.0,2.27,4.666666666666667,4.0,7.28476821192053,0.9609090909090909
7,3.61,5.87,1900-01-01 10:23:35,10:24:08,5,1,33,1,20,623,1,7.0,10.07,5.666666666666667,0.0,9.141274238227147,0.7657575757575757
4,7.11,3.89,1900-01-01 10:24:33,10:25:06,2,1,33,2,28,624,1,7.0,5.87,6.0,-3.0,4.641350210970464,0.8618181818181818
5,3.17,7.87,1900-01-01 10:24:44,10:25:17,3,1,33,1,20,624,1,4.0,3.89,5.333333333333333,1.0,10.410094637223976,0.48030303030303023
3,13.83,6.35,1900-01-01 10:24:53,10:25:26,4,1,33,2,40,624,1,5.0,7.87,4.0,-2.0,2.386117136659436,1.2572727272727273
0,0.0,0.16,1900-01-01 10:25:56,10:26:29,1,1,33,1,20,625,1,3.0,6.35,2.6666666666666665,-3.0,33.0,0.0
5,1.1,3.85,1900-01-01 10:26:07,10:26:40,5,1,33,1,20,626,1,0.0,0.16,2.6666666666666665,5.0,29.999999999999996,0.16666666666666669
1,0.0,0.96,1900-01-01 10:27:05,10:27:38,2,1,33,1,20,627,1,5.0,3.85,2.0,-4.0,33.0,0.030303030303030304
1,0.0,1.47,1900-01-01 10:27:16,10:27:49,3,1,33,1,20,627,1,1.0,0.96,2.3333333333333335,0.0,33.0,0.030303030303030304
4,3.75,4.08,1900-01-01 10:27:25,10:27:58,4,1,33,1,20,627,1,1.0,1.47,2.0,3.0,8.8,0.45454545454545453
0,0.0,0.44,1900-01-01 10:28:28,10:29:01,1,1,33,1,20,628,1,4.0,4.08,1.6666666666666667,-4.0,33.0,0.0
9,1.99,14.48,1900-01-01 10:28:39,10:29:12,5,1,33,0,35,628,1,0.0,0.44,4.333333333333333,9.0,16.582914572864322,0.5427272727272727
3,2.96,2.33,1900-01-01 10:29:37,10:30:10,2,1,33,1,20,629,1,9.0,14.48,4.0,-6.0,11.14864864864865,0.2690909090909091
3,4.12,2.37,1900-01-01 10:29:48,10:30:21,3,1,33,1,20,629,1,3.0,2.33,5.0,0.0,8.009708737864077,0.37454545454545457
3,13.04,2.21,1900-01-01 10:29:57,10:30:30,4,1,33,2,40,629,1,3.0,2.37,3.0,0.0,2.530674846625767,1.1854545454545453
1,0.0,2.22,1900-01-01 10:31:00,10:31:33,1,1,33,1,20,631,1,3.0,2.21,2.3333333333333335,-2.0,33.0,0.030303030303030304
4,2.92,11.83,1900-01-01 10:31:11,10:31:44,5,1,33,1,20,631,1,1.0,2.22,2.6666666666666665,3.0,11.301369863013699,0.35393939393939394
7,1.58,6.84,1900-01-01 10:32:09,10:32:42,2,1,33,1,20,632,1,4.0,11.83,4.0,3.0,20.886075949367086,0.3351515151515152
2,3.0,2.04,1900-01-01 10:32:20,10:32:53,3,1,33,1,20,632,1,7.0,6.84,4.333333333333333,-5.0,11.0,0.18181818181818182
6,3.7,4.37,1900-01-01 10:32:29,10:33:02,4,1,33,1,20,632,1,2.0,2.04,5.0,4.0,8.91891891891892,0.6727272727272727
2,4.17,1.8,1900-01-01 10:33:32,10:34:05,1,1,33,1,20,633,1,6.0,4.37,3.3333333333333335,-4.0,7.913669064748202,0.2527272727272727
6,2.6,3.92,1900-01-01 10:33:43,10:34:16,5,1,33,1,20,633,1,2.0,1.8,4.666666666666667,4.0,12.692307692307692,0.4727272727272728
7,1.99,6.43,1900-01-01 10:34:41,10:35:14,2,1,33,1,20,634,1,6.0,3.92,5.0,1.0,16.582914572864322,0.4221212121212121
5,2.48,4.6,1900-01-01 10:34:52,10:35:25,3,1,33,1,20,634,1,7.0,6.43,6.0,-2.0,13.306451612903226,0.37575757575757573
5,1.35,4.53,1900-01-01 10:35:01,10:35:34,4,1,33,1,20,635,1,5.0,4.6,5.666666666666667,0.0,24.444444444444443,0.20454545454545456
2,11.92,2.84,1900-01-01 10:36:04,10:36:37,1,1,33,2,27,636,1,5.0,4.53,4.0,-3.0,2.7684563758389262,0.7224242424242424
6,3.03,6.3,1900-01-01 10:36:15,10:36:48,5,1,33,1,20,636,1,2.0,2.84,4.333333333333333,4.0,10.891089108910892,0.5509090909090909
4,2.47,2.8,1900-01-01 10:37:13,10:37:46,2,1,33,1,20,637,1,6.0,6.3,4.0,-2.0,13.360323886639675,0.29939393939393943
4,1.92,3.64,1900-01-01 10:37:24,10:37:57,3,1,33,1,20,637,1,4.0,2.8,4.666666666666667,0.0,17.1875,0.23272727272727273
7,1.5,7.41,1900-01-01 10:37:33,10:38:06,4,1,33,1,20,637,1,4.0,3.64,5.0,3.0,22.0,0.3181818181818182
7,2.47,8.9,1900-01-01 10:38:36,10:39:09,1,1,33,1,20,638,1,7.0,7.41,6.0,0.0,13.360323886639675,0.523939393939394
3,11.04,3.16,1900-01-01 10:38:47,10:39:20,5,1,33,2,33,638,1,7.0,8.9,5.666666666666667,-4.0,2.989130434782609,1.0036363636363637
2,8.33,1.87,1900-01-01 10:39:45,10:40:18,2,1,33,2,17,639,1,3.0,3.16,4.0,-1.0,3.9615846338535414,0.5048484848484849
4,2.03,4.33,1900-01-01 10:39:56,10:40:29,3,1,33,1,20,639,1,2.0,1.87,3.0,2.0,16.256157635467982,0.24606060606060604
8,4.31,5.9,1900-01-01 10:40:05,10:40:38,4,1,33,1,20,640,1,4.0,4.33,4.666666666666667,4.0,7.656612529002321,1.0448484848484847
6,2.23,7.49,1900-01-01 10:41:08,10:41:41,1,1,33,1,20,641,1,8.0,5.9,6.0,-2.0,14.798206278026907,0.4054545454545454
5,4.81,4.78,1900-01-01 10:41:19,10:41:52,5,1,33,1,20,641,1,6.0,7.49,6.333333333333333,-1.0,6.860706860706861,0.7287878787878788
8,3.13,7.28,1900-01-01 10:42:17,10:42:50,2,1,33,1,20,642,1,5.0,4.78,6.333333333333333,3.0,10.543130990415335,0.7587878787878788
5,5.08,2.95,1900-01-01 10:42:28,10:43:01,3,1,33,1,20,642,1,8.0,7.28,6.0,-3.0,6.496062992125984,0.7696969696969697
6,3.48,5.69,1900-01-01 10:42:37,10:43:10,4,1,33,1,20,642,1,5.0,2.95,6.333333333333333,1.0,9.482758620689655,0.6327272727272728
3,9.96,2.68,1900-01-01 10:43:40,10:44:13,1,1,33,2,27,643,1,6.0,5.69,4.666666666666667,-3.0,3.3132530120481927,0.9054545454545455
5,4.73,5.57,1900-01-01 10:43:51,10:44:24,5,1,33,1,20,643,1,3.0,2.68,4.666666666666667,2.0,6.976744186046511,0.7166666666666668
6,2.65,5.92,1900-01-01 10:44:49,10:45:22,2,1,33,1,20,644,1,5.0,5.57,4.666666666666667,1.0,12.452830188679245,0.4818181818181818
2,2.75,2.43,1900-01-01 10:45:00,10:45:33,3,1,33,1,20,645,1,6.0,5.92,4.333333333333333,-4.0,12.0,0.16666666666666666
1,0.0,1.81,1900-01-01 10:45:09,10:45:42,4,1,33,1,20,645,1,2.0,2.43,3.0,-1.0,33.0,0.030303030303030304
7,1.82,9.17,1900-01-01 10:46:12,10:46:45,1,1,33,1,21,646,1,1.0,1.81,3.3333333333333335,6.0,18.13186813186813,0.38606060606060605
8,2.49,12.88,1900-01-01 10:46:23,10:46:56,5,1,33,0,35,646,1,7.0,9.17,5.333333333333333,1.0,13.25301204819277,0.6036363636363636
10,2.68,9.61,1900-01-01 10:47:21,10:47:54,2,1,33,0,35,647,1,8.0,12.88,8.333333333333334,2.0,12.313432835820894,0.8121212121212122
7,4.32,7.24,1900-01-01 10:47:32,10:48:05,3,1,33,1,20,647,1,10.0,9.61,8.333333333333334,-3.0,7.638888888888888,0.9163636363636364
3,4.42,6.32,1900-01-01 10:47:41,10:48:14,4,1,33,1,20,647,1,7.0,7.24,6.666666666666667,-4.0,7.46606334841629,0.4018181818181818
9,3.44,15.06,1900-01-01 10:48:44,10:49:17,1,1,33,0,36,648,1,3.0,6.32,6.333333333333333,6.0,9.593023255813954,0.9381818181818181
4,9.69,3.4,1900-01-01 10:48:55,10:49:28,5,1,33,2,39,648,1,9.0,15.06,5.333333333333333,-5.0,3.405572755417957,1.1745454545454546
5,1.38,5.06,1900-01-01 10:49:53,10:50:26,2,1,33,1,20,649,1,4.0,3.4,6.0,1.0,23.91304347826087,0.20909090909090908
3,2.42,2.73,1900-01-01 10:50:04,10:50:37,3,1,33,1,20,650,1,5.0,5.06,4.0,-2.0,13.636363636363637,0.22
6,1.67,8.09,1900-01-01 10:50:13,10:50:46,4,1,33,1,20,650,1,3.0,2.73,4.666666666666667,3.0,19.76047904191617,0.3036363636363636
4,4.64,6.35,1900-01-01 10:51:16,10:51:49,1,1,33,1,21,651,1,6.0,8.09,4.333333333333333,-2.0,7.112068965517242,0.5624242424242424
3,12.71,3.1,1900-01-01 10:51:27,10:52:00,5,1,33,2,39,651,1,4.0,6.35,4.333333333333333,-1.0,2.5963808025177024,1.1554545454545455
9,2.8,7.6,1900-01-01 10:52:25,10:52:58,2,1,33,0,35,652,1,3.0,3.1,5.333333333333333,6.0,11.785714285714286,0.7636363636363636
5,3.88,3.74,1900-01-01 10:52:36,10:53:09,3,1,33,1,20,652,1,9.0,7.6,5.666666666666667,-4.0,8.505154639175258,0.5878787878787879
4,7.64,3.04,1900-01-01 10:52:45,10:53:18,4,1,33,2,30,652,1,5.0,3.74,6.0,-1.0,4.319371727748691,0.9260606060606061
5,5.65,6.34,1900-01-01 10:53:48,10:54:21,1,1,33,1,21,653,1,4.0,3.04,4.666666666666667,1.0,5.840707964601769,0.8560606060606062
11,2.48,11.31,1900-01-01 10:53:59,10:54:32,5,1,33,0,35,653,1,5.0,6.34,6.666666666666667,6.0,13.306451612903226,0.8266666666666667
6,5.0,6.47,1900-01-01 10:54:57,10:55:30,2,1,33,1,20,654,1,11.0,11.31,7.333333333333333,-5.0,6.6,0.9090909090909092
9,2.08,14.51,1900-01-01 10:55:08,10:55:41,3,1,33,0,35,655,1,6.0,6.47,8.666666666666666,3.0,15.865384615384615,0.5672727272727273
7,1.81,7.28,1900-01-01 10:55:17,10:55:50,4,1,33,1,20,655,1,9.0,14.51,7.333333333333333,-2.0,18.23204419889503,0.3839393939393939
3,9.04,3.5,1900-01-01 10:56:20,10:56:53,1,1,33,2,27,656,1,7.0,7.28,6.333333333333333,-4.0,3.6504424778761067,0.8218181818181817
4,1.22,4.45,1900-01-01 10:56:31,10:57:04,5,1,33,1,20,656,1,3.0,3.5,4.666666666666667,1.0,27.049180327868854,0.14787878787878786
3,3.42,5.16,1900-01-01 10:57:29,10:58:02,2,1,33,1,20,657,1,4.0,4.45,3.3333333333333335,-1.0,9.649122807017545,0.3109090909090909
6,2.0,7.73,1900-01-01 10:57:40,10:58:13,3,1,33,1,20,657,1,3.0,5.16,4.333333333333333,3.0,16.5,0.36363636363636365
12,1.88,14.04,1900-01-01 10:57:49,10:58:22,4,1,33,0,35,657,1,6.0,7.73,7.0,6.0,17.5531914893617,0.6836363636363637
6,2.4,10.46,1900-01-01 10:58:52,10:59:25,1,1,33,1,21,658,1,12.0,14.04,8.0,-6.0,13.75,0.43636363636363634
9,3.48,10.46,1900-01-01 10:59:03,10:59:36,5,1,33,0,35,659,1,6.0,10.46,9.0,3.0,9.482758620689655,0.9490909090909091
10,2.46,15.68,1900-01-01 11:00:01,11:00:34,2,1,33,0,35,660,1,9.0,10.46,8.333333333333334,1.0,13.414634146341463,0.7454545454545455
8,2.13,5.26,1900-01-01 11:00:12,11:00:45,3,1,33,1,20,660,1,10.0,15.68,9.0,-2.0,15.492957746478874,0.5163636363636364
2,4.25,2.89,1900-01-01 11:00:21,11:00:54,4,1,33,1,21,660,1,8.0,5.26,6.666666666666667,-6.0,7.764705882352941,0.25757575757575757
6,3.6,9.83,1900-01-01 11:01:24,11:01:57,1,1,33,1,20,661,1,2.0,2.89,5.333333333333333,4.0,9.166666666666666,0.6545454545454545
10,2.51,9.1,1900-01-01 11:01:35,11:02:08,5,1,33,0,35,661,1,6.0,9.83,6.0,4.0,13.147410358565738,0.7606060606060605
4,6.28,2.87,1900-01-01 11:02:33,11:03:06,2,1,33,1,20,662,1,10.0,9.1,6.666666666666667,-6.0,5.254777070063694,0.7612121212121212
8,2.9,7.3,1900-01-01 11:02:44,11:03:17,3,1,33,1,20,662,1,4.0,2.87,7.333333333333333,4.0,11.379310344827587,0.703030303030303
13,2.37,13.48,1900-01-01 11:02:53,11:03:26,4,1,33,0,35,662,1,8.0,7.3,8.333333333333334,5.0,13.924050632911392,0.9336363636363637
9,2.57,10.78,1900-01-01 11:03:56,11:04:29,1,1,33,0,35,663,1,13.0,13.48,10.0,-4.0,12.84046692607004,0.7009090909090909
9,1.99,11.0,1900-01-01 11:04:07,11:04:40,5,1,33,0,35,664,1,9.0,10.78,10.333333333333334,0.0,16.582914572864322,0.5427272727272727
3,2.08,5.48,1900-01-01 11:05:05,11:05:38,2,1,33,1,20,665,1,9.0,11.0,7.0,-6.0,15.865384615384615,0.1890909090909091
3,10.08,10.48,1900-01-01 11:05:16,11:05:49,3,1,33,2,30,665,1,3.0,5.48,5.0,0.0,3.2738095238095237,0.9163636363636364
6,5.87,7.56,1900-01-01 11:05:25,11:05:58,4,1,33,1,21,665,1,3.0,10.48,4.0,3.0,5.621805792163543,1.0672727272727274
4,1.58,5.52,1900-01-01 11:06:28,11:07:01,1,1,33,1,20,666,1,6.0,7.56,4.333333333333333,-2.0,20.886075949367086,0.19151515151515153
7,1.72,7.12,1900-01-01 11:06:39,11:07:12,5,1,33,1,20,666,1,4.0,5.52,5.666666666666667,3.0,19.186046511627907,0.36484848484848487
9,2.57,19.12,1900-01-01 11:07:37,11:08:10,2,1,33,0,35,667,1,7.0,7.12,6.666666666666667,2.0,12.84046692607004,0.7009090909090909
1,0.0,2.08,1900-01-01 11:07:48,11:08:21,3,1,33,1,20,667,1,9.0,19.12,5.666666666666667,-8.0,33.0,0.030303030303030304
4,9.5,4.93,1900-01-01 11:07:57,11:08:30,4,1,33,2,37,667,1,1.0,2.08,4.666666666666667,3.0,3.473684210526316,1.1515151515151514
6,3.93,10.15,1900-01-01 11:09:00,11:09:33,1,1,33,1,20,669,1,4.0,4.93,3.6666666666666665,2.0,8.396946564885496,0.7145454545454545
7,2.61,7.91,1900-01-01 11:09:11,11:09:44,5,1,33,1,20,669,1,6.0,10.15,5.666666666666667,1.0,12.64367816091954,0.5536363636363636
1,0.0,1.36,1900-01-01 11:10:09,11:10:42,2,1,33,1,20,670,1,7.0,7.91,4.666666666666667,-6.0,33.0,0.030303030303030304
9,2.08,6.21,1900-01-01 11:10:20,11:10:53,3,1,33,1,20,670,1,1.0,1.36,5.666666666666667,8.0,15.865384615384615,0.5672727272727273
7,1.83,8.26,1900-01-01 11:10:29,11:11:02,4,1,33,1,21,670,1,9.0,6.21,5.666666666666667,-2.0,18.0327868852459,0.3881818181818182
4,2.83,4.5,1900-01-01 11:11:32,11:12:05,1,1,33,1,20,671,1,7.0,8.26,6.666666666666667,-3.0,11.66077738515901,0.3430303030303031
6,3.78,10.04,1900-01-01 11:11:43,11:12:16,5,1,33,1,20,671,1,4.0,4.5,5.666666666666667,2.0,8.730158730158731,0.6872727272727271
6,3.95,10.57,1900-01-01 11:12:41,11:13:14,2,1,33,1,20,672,1,6.0,10.04,5.333333333333333,0.0,8.354430379746836,0.7181818181818181
0,0.0,0.37,1900-01-01 11:12:52,11:13:25,3,1,33,1,20,672,1,6.0,10.57,4.0,-6.0,33.0,0.0
13,1.4,16.86,1900-01-01 11:13:01,11:13:34,4,1,33,0,35,673,1,0.0,0.37,6.333333333333333,13.0,23.571428571428573,0.5515151515151515
7,2.65,9.57,1900-01-01 11:14:04,11:14:37,1,1,33,1,20,674,1,13.0,16.86,6.666666666666667,-6.0,12.452830188679245,0.5621212121212121
8,1.55,10.22,1900-01-01 11:14:15,11:14:48,5,1,33,0,35,674,1,7.0,9.57,9.333333333333334,1.0,21.29032258064516,0.3757575757575758
3,14.92,4.03,1900-01-01 11:15:13,11:15:46,2,1,33,2,40,675,1,8.0,10.22,6.0,-5.0,2.2117962466487935,1.3563636363636364
1,0.0,1.49,1900-01-01 11:15:24,11:15:57,3,1,33,1,20,675,1,3.0,4.03,4.0,-2.0,33.0,0.030303030303030304
1,0.0,1.87,1900-01-01 11:15:33,11:16:06,4,1,33,1,20,675,1,1.0,1.49,1.6666666666666667,0.0,33.0,0.030303030303030304
9,1.94,9.71,1900-01-01 11:16:36,11:17:09,1,1,33,0,35,676,1,1.0,1.87,3.6666666666666665,8.0,17.010309278350515,0.5290909090909091
7,3.31,5.49,1900-01-01 11:16:47,11:17:20,5,1,33,1,20,676,1,9.0,9.71,5.666666666666667,-2.0,9.969788519637461,0.7021212121212121
10,2.62,10.53,1900-01-01 11:17:45,11:18:18,2,1,33,0,35,677,1,7.0,5.49,8.666666666666666,3.0,12.595419847328245,0.793939393939394
2,3.25,1.31,1900-01-01 11:17:56,11:18:29,3,1,33,1,20,677,1,10.0,10.53,6.333333333333333,-8.0,10.153846153846153,0.196969696969697
9,1.74,10.9,1900-01-01 11:18:05,11:18:38,4,1,33,0,55,678,1,2.0,1.31,7.0,7.0,18.96551724137931,0.47454545454545455
6,4.75,5.49,1900-01-01 11:19:08,11:19:41,1,1,33,1,25,679,1,9.0,10.9,5.666666666666667,-3.0,6.947368421052632,0.8636363636363636
10,2.82,10.46,1900-01-01 11:19:19,11:19:52,5,1,33,0,35,679,1,6.0,5.49,8.333333333333334,4.0,11.702127659574469,0.8545454545454545
4,1.97,4.2,1900-01-01 11:20:17,11:20:50,2,1,33,1,20,680,1,10.0,10.46,6.666666666666667,-6.0,16.751269035532996,0.23878787878787877
4,2.17,2.78,1900-01-01 11:20:28,11:21:01,3,1,33,1,20,680,1,4.0,4.2,6.0,0.0,15.207373271889402,0.263030303030303
6,1.48,8.17,1900-01-01 11:20:37,11:21:10,4,1,33,1,20,680,1,4.0,2.78,4.666666666666667,2.0,22.2972972972973,0.2690909090909091
7,2.32,8.78,1900-01-01 11:21:40,11:22:13,1,1,33,1,25,681,1,6.0,8.17,5.666666666666667,1.0,14.224137931034484,0.49212121212121207
5,2.4,9.34,1900-01-01 11:21:51,11:22:24,5,1,33,1,20,681,1,7.0,8.78,6.0,-2.0,13.75,0.36363636363636365
9,1.64,6.01,1900-01-01 11:22:49,11:23:22,2,1,33,1,20,682,1,5.0,9.34,7.0,4.0,20.121951219512198,0.4472727272727272
6,2.02,4.15,1900-01-01 11:23:00,11:23:33,3,1,33,1,20,683,1,9.0,6.01,6.666666666666667,-3.0,16.336633663366335,0.3672727272727273
5,1.31,32.09,1900-01-01 11:23:09,11:23:42,4,1,33,0,55,683,1,6.0,4.15,6.666666666666667,-1.0,25.19083969465649,0.1984848484848485
6,4.5,5.76,1900-01-01 11:24:12,11:24:45,1,1,33,1,25,684,1,5.0,32.09,5.666666666666667,1.0,7.333333333333333,0.8181818181818182
14,1.92,14.38,1900-01-01 11:24:23,11:24:56,5,1,33,0,35,684,1,6.0,5.76,8.333333333333334,8.0,17.1875,0.8145454545454546
6,2.32,9.84,1900-01-01 11:25:21,11:25:54,2,1,33,1,20,685,1,14.0,14.38,8.666666666666666,-8.0,14.224137931034484,0.42181818181818176
1,0.0,1.62,1900-01-01 11:25:32,11:26:05,3,1,33,1,20,685,1,6.0,9.84,7.0,-5.0,33.0,0.030303030303030304
0,0.0,27.14,1900-01-01 11:25:41,11:26:14,4,1,33,0,55,685,1,1.0,1.62,2.3333333333333335,-1.0,33.0,0.0
5,3.35,5.91,1900-01-01 11:26:44,11:27:17,1,1,33,1,25,686,1,0.0,27.14,2.0,5.0,9.850746268656716,0.5075757575757576
7,3.96,7.36,1900-01-01 11:26:55,11:27:28,5,1,33,1,20,686,1,5.0,5.91,4.0,2.0,8.333333333333334,0.84
3,3.12,5.8,1900-01-01 11:27:53,11:28:26,2,1,33,1,20,687,1,7.0,7.36,5.0,-4.0,10.576923076923077,0.28363636363636363
2,4.58,5.0,1900-01-01 11:28:04,11:28:37,3,1,33,1,20,688,1,3.0,5.8,4.0,-1.0,7.205240174672489,0.2775757575757576
7,1.46,29.26,1900-01-01 11:28:13,11:28:46,4,1,33,0,55,688,1,2.0,5.0,4.0,5.0,22.602739726027398,0.3096969696969697
6,4.43,8.08,1900-01-01 11:29:16,11:29:49,1,1,33,1,25,689,1,7.0,29.26,5.0,-1.0,7.44920993227991,0.8054545454545454
3,2.54,2.4,1900-01-01 11:29:27,11:30:00,5,1,33,1,20,689,1,6.0,8.08,5.333333333333333,-3.0,12.992125984251969,0.2309090909090909
1,0.0,1.24,1900-01-01 11:30:25,11:30:58,2,1,33,1,20,690,1,3.0,2.4,3.3333333333333335,-2.0,33.0,0.030303030303030304
3,3.25,6.79,1900-01-01 11:30:36,11:31:09,3,1,33,1,20,690,1,1.0,1.24,2.3333333333333335,2.0,10.153846153846153,0.29545454545454547
7,4.15,9.14,1900-01-01 11:30:45,11:31:18,4,1,33,1,20,690,1,3.0,6.79,3.6666666666666665,4.0,7.951807228915662,0.8803030303030304
8,2.9,7.84,1900-01-01 11:31:48,11:32:21,1,1,33,1,24,691,1,7.0,9.14,6.0,1.0,11.379310344827587,0.703030303030303
6,3.18,4.52,1900-01-01 11:31:59,11:32:32,5,1,33,1,20,691,1,8.0,7.84,7.0,-2.0,10.377358490566037,0.5781818181818182
7,3.65,6.04,1900-01-01 11:32:57,11:33:30,2,1,33,1,20,692,1,6.0,4.52,7.0,1.0,9.04109589041096,0.7742424242424242
8,2.35,7.95,1900-01-01 11:33:08,11:33:41,3,1,33,1,20,693,1,7.0,6.04,7.0,1.0,14.042553191489361,0.5696969696969697
4,1.53,5.2,1900-01-01 11:33:17,11:33:50,4,1,33,1,20,693,1,8.0,7.95,6.333333333333333,-4.0,21.56862745098039,0.18545454545454548
8,4.1,8.16,1900-01-01 11:34:20,11:34:53,1,1,33,1,24,694,1,4.0,5.2,6.666666666666667,4.0,8.048780487804878,0.9939393939393939
6,2.45,7.74,1900-01-01 11:34:31,11:35:04,5,1,33,1,20,694,1,8.0,8.16,6.0,-2.0,13.46938775510204,0.44545454545454544
11,2.22,6.58,1900-01-01 11:35:29,11:36:02,2,1,33,0,35,695,1,6.0,7.74,8.333333333333334,5.0,14.864864864864863,0.7400000000000001
5,1.54,9.83,1900-01-01 11:35:40,11:36:13,3,1,33,1,20,695,1,11.0,6.58,7.333333333333333,-6.0,21.428571428571427,0.23333333333333334
9,1.55,10.27,1900-01-01 11:35:49,11:36:22,4,1,33,0,35,695,1,5.0,9.83,8.333333333333334,4.0,21.29032258064516,0.42272727272727273
2,2.83,2.06,1900-01-01 11:36:52,11:37:25,1,1,33,1,24,696,1,9.0,10.27,5.333333333333333,-7.0,11.66077738515901,0.17151515151515154
11,1.54,15.11,1900-01-01 11:37:03,11:37:36,5,1,33,0,35,697,1,2.0,2.06,7.333333333333333,9.0,21.428571428571427,0.5133333333333334
9,3.48,8.16,1900-01-01 11:38:01,11:38:34,2,1,33,0,35,698,1,11.0,15.11,7.333333333333333,-2.0,9.482758620689655,0.9490909090909091
3,4.17,3.58,1900-01-01 11:38:12,11:38:45,3,1,33,1,20,698,1,9.0,8.16,7.666666666666667,-6.0,7.913669064748202,0.3790909090909091
10,1.68,9.36,1900-01-01 11:38:21,11:38:54,4,1,33,0,35,698,1,3.0,3.58,7.333333333333333,7.0,19.642857142857142,0.5090909090909091
7,4.94,9.22,1900-01-01 11:39:24,11:39:57,1,1,33,1,24,699,1,10.0,9.36,6.666666666666667,-3.0,6.680161943319837,1.047878787878788
5,1.77,4.82,1900-01-01 11:39:35,11:40:08,5,1,33,1,20,699,1,7.0,9.22,7.333333333333333,-2.0,18.64406779661017,0.2681818181818182
4,2.61,6.54,1900-01-01 11:40:33,11:41:06,2,1,33,1,20,700,1,5.0,4.82,5.333333333333333,-1.0,12.64367816091954,0.31636363636363635
6,4.78,2.99,1900-01-01 11:40:44,11:41:17,3,1,33,1,20,700,1,4.0,6.54,5.0,2.0,6.903765690376568,0.8690909090909091
9,1.62,10.91,1900-01-01 11:40:53,11:41:26,4,1,33,0,35,700,1,6.0,2.99,6.333333333333333,3.0,20.37037037037037,0.44181818181818183
6,5.28,7.58,1900-01-01 11:41:56,11:42:29,1,1,33,1,24,701,1,9.0,10.91,7.0,-3.0,6.25,0.96
10,1.56,10.99,1900-01-01 11:42:07,11:42:40,5,1,33,0,35,702,1,6.0,7.58,8.333333333333334,4.0,21.153846153846153,0.4727272727272727
5,2.77,5.23,1900-01-01 11:43:05,11:43:38,2,1,33,1,20,703,1,10.0,10.99,7.0,-5.0,11.913357400722022,0.4196969696969697
3,1.71,2.38,1900-01-01 11:43:16,11:43:49,3,1,33,1,20,703,1,5.0,5.23,6.0,-2.0,19.29824561403509,0.15545454545454546
3,2.12,2.69,1900-01-01 11:43:25,11:43:58,4,1,33,1,20,703,1,3.0,2.38,3.6666666666666665,0.0,15.566037735849056,0.19272727272727275
6,1.42,6.3,1900-01-01 11:44:28,11:45:01,1,1,33,1,24,704,1,3.0,2.69,4.0,3.0,23.23943661971831,0.2581818181818182
7,2.07,9.65,1900-01-01 11:44:39,11:45:12,5,1,33,1,20,704,1,6.0,6.3,5.333333333333333,1.0,15.942028985507248,0.43909090909090903
9,2.0,9.13,1900-01-01 11:45:37,11:46:10,2,1,33,0,35,705,1,7.0,9.65,7.333333333333333,2.0,16.5,0.5454545454545454
0,0.0,1.89,1900-01-01 11:45:48,11:46:21,3,1,33,1,35,705,1,9.0,9.13,5.333333333333333,-9.0,33.0,0.0
4,8.14,7.36,1900-01-01 11:45:57,11:46:30,4,1,33,2,32,705,1,0.0,1.89,4.333333333333333,4.0,4.0540540540540535,0.9866666666666668
8,2.27,8.46,1900-01-01 11:47:00,11:47:33,1,1,33,1,20,707,1,4.0,7.36,4.0,4.0,14.537444933920705,0.5503030303030303
6,3.1,6.76,1900-01-01 11:47:11,11:47:44,5,1,33,1,23,707,1,8.0,8.46,6.0,-2.0,10.64516129032258,0.5636363636363637
2,2.83,1.81,1900-01-01 11:48:09,11:48:42,2,1,33,1,20,708,1,6.0,6.76,5.333333333333333,-4.0,11.66077738515901,0.17151515151515154
9,3.23,8.29,1900-01-01 11:48:20,11:48:53,3,1,33,0,35,708,1,2.0,1.81,5.666666666666667,7.0,10.21671826625387,0.8809090909090909
8,1.87,9.37,1900-01-01 11:48:29,11:49:02,4,1,33,0,35,708,1,9.0,8.29,6.333333333333333,-1.0,17.64705882352941,0.45333333333333337
2,6.17,1.14,1900-01-01 11:49:32,11:50:05,1,1,33,1,20,709,1,8.0,9.37,6.333333333333333,-6.0,5.348460291734198,0.3739393939393939
7,4.12,7.95,1900-01-01 11:49:43,11:50:16,5,1,33,1,23,709,1,2.0,1.14,5.666666666666667,5.0,8.009708737864077,0.873939393939394
3,2.75,4.05,1900-01-01 11:50:41,11:51:14,2,1,33,1,20,710,1,7.0,7.95,4.0,-4.0,12.0,0.25
13,1.42,10.21,1900-01-01 11:50:52,11:51:25,3,1,33,0,35,710,1,3.0,4.05,7.666666666666667,10.0,23.23943661971831,0.5593939393939393
6,4.9,9.14,1900-01-01 11:51:01,11:51:34,4,1,33,1,23,711,1,13.0,10.21,7.333333333333333,-7.0,6.73469387755102,0.8909090909090909
0,0.0,0.65,1900-01-01 11:52:04,11:52:37,1,1,33,1,20,712,1,6.0,9.14,6.333333333333333,-6.0,33.0,0.0
4,3.83,4.38,1900-01-01 11:52:15,11:52:48,5,1,33,1,23,712,1,0.0,0.65,3.3333333333333335,4.0,8.616187989556135,0.4642424242424243
9,1.54,9.84,1900-01-01 11:53:13,11:53:46,2,1,33,0,35,713,1,4.0,4.38,4.333333333333333,5.0,21.428571428571427,0.42000000000000004
0,0.0,0.27,1900-01-01 11:53:24,11:53:57,3,1,33,1,35,713,1,9.0,9.84,4.333333333333333,-9.0,33.0,0.0
8,1.8,9.8,1900-01-01 11:53:33,11:54:06,4,1,33,0,35,713,1,0.0,0.27,5.666666666666667,8.0,18.333333333333332,0.4363636363636364
3,15.17,3.83,1900-01-01 11:54:36,11:55:09,1,1,33,2,40,714,1,8.0,9.8,3.6666666666666665,-5.0,2.175346077785102,1.3790909090909091
3,6.17,2.19,1900-01-01 11:54:47,11:55:20,5,1,33,1,23,714,1,3.0,3.83,4.666666666666667,0.0,5.348460291734198,0.5609090909090909
5,1.98,9.4,1900-01-01 11:55:45,11:56:18,2,1,33,1,20,715,1,3.0,2.19,3.6666666666666665,2.0,16.666666666666668,0.3
4,1.72,2.05,1900-01-01 11:55:56,11:56:29,3,1,33,1,35,715,1,5.0,9.4,4.0,-1.0,19.186046511627907,0.2084848484848485
5,2.83,4.09,1900-01-01 11:56:05,11:56:38,4,1,33,1,23,716,1,4.0,2.05,4.666666666666667,1.0,11.66077738515901,0.42878787878787883
14,1.8,15.23,1900-01-01 11:57:08,11:57:41,1,1,33,0,35,717,1,5.0,4.09,7.666666666666667,9.0,18.333333333333332,0.7636363636363637
10,1.44,7.82,1900-01-01 11:57:19,11:57:52,5,1,33,0,35,717,1,14.0,15.23,9.666666666666666,-4.0,22.916666666666668,0.43636363636363634
9,3.08,6.92,1900-01-01 11:58:17,11:58:50,2,1,33,1,20,718,1,10.0,7.82,11.0,-1.0,10.714285714285714,0.8400000000000001
1,0.0,0.63,1900-01-01 11:58:28,11:59:01,3,1,33,1,35,718,1,9.0,6.92,6.666666666666667,-8.0,33.0,0.030303030303030304
14,1.93,14.06,1900-01-01 11:58:37,11:59:10,4,1,33,0,35,718,1,1.0,0.63,8.0,13.0,17.098445595854923,0.8187878787878787
7,1.86,9.15,1900-01-01 11:59:40,12:00:13,1,1,33,1,20,719,1,14.0,14.06,7.333333333333333,-7.0,17.741935483870968,0.39454545454545453
13,1.56,14.48,1900-01-01 11:59:51,12:00:24,5,1,33,0,35,719,1,7.0,9.15,11.333333333333334,6.0,21.153846153846153,0.6145454545454545
4,2.64,4.28,1900-01-01 12:00:49,12:01:22,2,1,33,1,20,720,1,13.0,14.48,8.0,-9.0,12.5,0.32
8,3.27,4.58,1900-01-01 12:01:00,12:01:33,3,1,33,1,20,721,2,4.0,4.28,8.333333333333334,4.0,10.091743119266056,0.7927272727272726
6,2.82,5.87,1900-01-01 12:01:09,12:01:42,4,1,33,1,20,721,2,8.0,4.58,6.0,-2.0,11.702127659574469,0.5127272727272727
6,4.97,8.81,1900-01-01 12:02:12,12:02:45,1,1,33,1,22,722,2,6.0,5.87,6.666666666666667,0.0,6.639839034205232,0.9036363636363636
6,4.98,6.05,1900-01-01 12:02:23,12:02:56,5,1,33,1,20,722,2,6.0,8.81,6.0,0.0,6.626506024096385,0.9054545454545455
5,4.54,3.15,1900-01-01 12:03:21,12:03:54,2,1,33,1,20,723,2,6.0,6.05,5.666666666666667,-1.0,7.2687224669603525,0.6878787878787879
3,1.96,2.08,1900-01-01 12:03:32,12:04:05,3,1,33,1,20,723,2,5.0,3.15,4.666666666666667,-2.0,16.836734693877553,0.17818181818181816
2,21.08,2.95,1900-01-01 12:03:41,12:04:14,4,1,33,2,40,723,2,3.0,2.08,3.3333333333333335,-1.0,1.5654648956356738,1.2775757575757574
6,2.68,11.63,1900-01-01 12:04:44,12:05:17,1,1,33,1,22,724,2,2.0,2.95,3.6666666666666665,4.0,12.313432835820894,0.48727272727272736
3,3.5,4.94,1900-01-01 12:04:55,12:05:28,5,1,33,1,20,724,2,6.0,11.63,3.6666666666666665,-3.0,9.428571428571429,0.3181818181818182
11,1.77,6.23,1900-01-01 12:05:53,12:06:26,2,1,33,0,35,725,2,3.0,4.94,6.666666666666667,8.0,18.64406779661017,0.59
7,4.4,9.84,1900-01-01 12:06:04,12:06:37,3,1,33,1,20,726,2,11.0,6.23,7.0,-4.0,7.499999999999999,0.9333333333333335
12,1.2,11.1,1900-01-01 12:06:13,12:06:46,4,1,33,0,35,726,2,7.0,9.84,10.0,5.0,27.5,0.43636363636363634
4,4.22,2.97,1900-01-01 12:07:16,12:07:49,1,1,33,1,22,727,2,12.0,11.1,7.666666666666667,-8.0,7.819905213270142,0.5115151515151515
4,4.47,2.77,1900-01-01 12:07:27,12:08:00,5,1,33,1,20,727,2,4.0,2.97,6.666666666666667,0.0,7.38255033557047,0.5418181818181818
8,1.94,11.19,1900-01-01 12:08:25,12:08:58,2,1,33,0,35,728,2,4.0,2.77,5.333333333333333,4.0,17.010309278350515,0.4703030303030303
6,1.9,4.01,1900-01-01 12:08:36,12:09:09,3,1,33,1,20,728,2,8.0,11.19,6.0,-2.0,17.36842105263158,0.34545454545454546
11,1.52,13.09,1900-01-01 12:08:45,12:09:18,4,1,33,0,35,728,2,6.0,4.01,8.333333333333334,5.0,21.710526315789473,0.5066666666666667
9,1.77,8.28,1900-01-01 12:09:48,12:10:21,1,1,33,0,35,729,2,11.0,13.09,8.666666666666666,-2.0,18.64406779661017,0.4827272727272727
9,2.03,7.24,1900-01-01 12:09:59,12:10:32,5,1,33,0,35,729,2,9.0,8.28,9.666666666666666,0.0,16.256157635467982,0.5536363636363636
4,8.19,4.12,1900-01-01 12:10:57,12:11:30,2,1,33,2,32,730,2,9.0,7.24,7.333333333333333,-5.0,4.029304029304029,0.9927272727272728
1,0.0,3.7,1900-01-01 12:11:08,12:11:41,3,1,33,1,20,731,2,4.0,4.12,4.666666666666667,-3.0,33.0,0.030303030303030304
9,2.12,15.01,1900-01-01 12:11:17,12:11:50,4,1,33,0,35,731,2,1.0,3.7,4.666666666666667,8.0,15.566037735849056,0.5781818181818182
13,1.57,14.04,1900-01-01 12:12:20,12:12:53,1,1,33,0,35,732,2,9.0,15.01,7.666666666666667,4.0,21.019108280254777,0.6184848484848485
2,0.33,1.65,1900-01-01 12:12:31,12:13:04,5,1,33,1,20,732,2,13.0,14.04,8.0,-11.0,100.0,0.02
6,4.27,6.39,1900-01-01 12:13:29,12:14:02,2,1,33,1,20,733,2,2.0,1.65,7.0,4.0,7.728337236533958,0.7763636363636363
4,3.72,5.91,1900-01-01 12:13:40,12:14:13,3,1,33,1,20,733,2,6.0,6.39,4.0,-2.0,8.870967741935484,0.4509090909090909
5,1.85,4.13,1900-01-01 12:13:49,12:14:22,4,1,33,1,20,733,2,4.0,5.91,5.0,1.0,17.83783783783784,0.2803030303030303
16,1.42,13.63,1900-01-01 12:14:52,12:15:25,1,1,33,0,35,734,2,5.0,4.13,8.333333333333334,11.0,23.23943661971831,0.6884848484848485
7,3.78,7.41,1900-01-01 12:15:03,12:15:36,5,1,33,1,24,735,2,16.0,13.63,9.333333333333334,-9.0,8.730158730158731,0.8018181818181818
6,1.73,6.84,1900-01-01 12:16:01,12:16:34,2,1,33,1,20,736,2,7.0,7.41,9.666666666666666,-1.0,19.07514450867052,0.3145454545454546
3,10.92,2.41,1900-01-01 12:16:12,12:16:45,3,1,33,2,26,736,2,6.0,6.84,5.333333333333333,-3.0,3.021978021978022,0.9927272727272728
3,8.88,1.73,1900-01-01 12:16:21,12:16:54,4,1,33,2,26,736,2,3.0,2.41,4.0,0.0,3.716216216216216,0.8072727272727274
8,2.88,7.03,1900-01-01 12:17:24,12:17:57,1,1,33,1,24,737,2,3.0,1.73,4.666666666666667,5.0,11.458333333333334,0.6981818181818181
6,2.07,6.31,1900-01-01 12:17:35,12:18:08,5,1,33,1,24,737,2,8.0,7.03,5.666666666666667,-2.0,15.942028985507248,0.37636363636363634
5,6.46,5.74,1900-01-01 12:18:33,12:19:06,2,1,33,1,20,738,2,6.0,6.31,6.333333333333333,-1.0,5.108359133126935,0.9787878787878788
2,10.5,1.94,1900-01-01 12:18:44,12:19:17,3,1,33,2,26,738,2,5.0,5.74,4.333333333333333,-3.0,3.142857142857143,0.6363636363636364
8,1.69,11.83,1900-01-01 12:18:53,12:19:26,4,1,33,0,35,738,2,2.0,1.94,5.0,6.0,19.526627218934912,0.40969696969696967
9,2.11,9.3,1900-01-01 12:19:56,12:20:29,1,1,33,0,35,739,2,8.0,11.83,6.333333333333333,1.0,15.639810426540285,0.5754545454545454
6,6.02,5.94,1900-01-01 12:20:07,12:20:40,5,1,33,1,24,740,2,9.0,9.3,7.666666666666667,-3.0,5.481727574750831,1.0945454545454545
3,5.54,2.35,1900-01-01 12:21:05,12:21:38,2,1,33,1,20,741,2,6.0,5.94,6.0,-3.0,5.956678700361011,0.5036363636363637
0,0.0,1.26,1900-01-01 12:21:16,12:21:49,3,1,33,1,20,741,2,3.0,2.35,3.0,-3.0,33.0,0.0
10,1.6,10.67,1900-01-01 12:21:25,12:21:58,4,1,33,0,35,741,2,0.0,1.26,4.333333333333333,10.0,20.625,0.48484848484848486
10,1.5,8.09,1900-01-01 12:22:28,12:23:01,1,1,33,0,35,742,2,10.0,10.67,6.666666666666667,0.0,22.0,0.45454545454545453
9,2.49,15.03,1900-01-01 12:22:39,12:23:12,5,1,33,0,35,742,2,10.0,8.09,9.666666666666666,-1.0,13.25301204819277,0.6790909090909091
4,6.08,3.34,1900-01-01 12:23:37,12:24:10,2,1,33,1,20,743,2,9.0,15.03,7.666666666666667,-5.0,5.427631578947368,0.736969696969697
10,1.91,7.44,1900-01-01 12:23:48,12:24:21,3,1,33,0,35,743,2,4.0,3.34,7.666666666666667,6.0,17.277486910994764,0.5787878787878789
9,2.7,12.3,1900-01-01 12:23:57,12:24:30,4,1,33,0,35,743,2,10.0,7.44,7.666666666666667,-1.0,12.222222222222221,0.7363636363636364
7,3.01,9.66,1900-01-01 12:25:00,12:25:33,1,1,33,1,24,745,2,9.0,12.3,8.666666666666666,-2.0,10.963455149501662,0.6384848484848484
6,2.0,3.16,1900-01-01 12:25:11,12:25:44,5,1,33,1,24,745,2,7.0,9.66,7.333333333333333,-1.0,16.5,0.36363636363636365
6,1.63,5.61,1900-01-01 12:26:09,12:26:42,2,1,33,1,20,746,2,6.0,3.16,6.333333333333333,0.0,20.245398773006137,0.29636363636363633
5,6.0,3.13,1900-01-01 12:26:20,12:26:53,3,1,33,1,20,746,2,6.0,5.61,5.666666666666667,-1.0,5.5,0.9090909090909091
5,1.73,9.0,1900-01-01 12:26:29,12:27:02,4,1,33,1,20,746,2,5.0,3.13,5.333333333333333,0.0,19.07514450867052,0.26212121212121214
7,3.47,7.75,1900-01-01 12:27:32,12:28:05,1,1,33,1,24,747,2,5.0,9.0,5.666666666666667,2.0,9.510086455331411,0.7360606060606062
6,3.93,12.47,1900-01-01 12:27:43,12:28:16,5,1,33,1,24,747,2,7.0,7.75,6.0,-1.0,8.396946564885496,0.7145454545454545
4,2.36,3.57,1900-01-01 12:28:41,12:29:14,2,1,33,1,20,748,2,6.0,12.47,5.666666666666667,-2.0,13.983050847457628,0.286060606060606
13,1.62,9.01,1900-01-01 12:28:52,12:29:25,3,1,33,0,35,748,2,4.0,3.57,7.666666666666667,9.0,20.37037037037037,0.6381818181818182
9,1.53,7.96,1900-01-01 12:29:01,12:29:34,4,1,33,0,35,749,2,13.0,9.01,8.666666666666666,-4.0,21.56862745098039,0.4172727272727273
3,2.46,6.35,1900-01-01 12:30:04,12:30:37,1,1,33,1,20,750,2,9.0,7.96,8.333333333333334,-6.0,13.414634146341463,0.22363636363636363
9,3.34,10.99,1900-01-01 12:30:15,12:30:48,5,1,33,0,35,750,2,3.0,6.35,7.0,6.0,9.880239520958085,0.9109090909090908
6,2.52,4.66,1900-01-01 12:31:13,12:31:46,2,1,33,1,20,751,2,9.0,10.99,6.0,-3.0,13.095238095238095,0.4581818181818182
1,0.0,4.61,1900-01-01 12:31:24,12:31:57,3,1,33,1,20,751,2,6.0,4.66,5.333333333333333,-5.0,33.0,0.030303030303030304
5,1.83,3.93,1900-01-01 12:31:33,12:32:06,4,1,33,1,20,751,2,1.0,4.61,4.0,4.0,18.0327868852459,0.2772727272727273
8,1.62,10.86,1900-01-01 12:32:36,12:33:09,1,1,33,0,35,752,2,5.0,3.93,4.666666666666667,3.0,20.37037037037037,0.3927272727272727
5,6.67,4.18,1900-01-01 12:32:47,12:33:20,5,1,33,1,23,752,2,8.0,10.86,6.0,-3.0,4.94752623688156,1.0106060606060605
8,4.0,9.09,1900-01-01 12:33:45,12:34:18,2,1,33,1,20,753,2,5.0,4.18,7.0,3.0,8.25,0.9696969696969697
1,0.0,0.77,1900-01-01 12:33:56,12:34:29,3,1,33,1,20,753,2,8.0,9.09,4.666666666666667,-7.0,33.0,0.030303030303030304
7,3.6,6.58,1900-01-01 12:34:05,12:34:38,4,1,33,1,20,754,2,1.0,0.77,5.333333333333333,6.0,9.166666666666666,0.7636363636363637
3,6.08,2.37,1900-01-01 12:35:08,12:35:41,1,1,33,1,20,755,2,7.0,6.58,3.6666666666666665,-4.0,5.427631578947368,0.5527272727272727
8,2.19,7.86,1900-01-01 12:35:19,12:35:52,5,1,33,1,23,755,2,3.0,2.37,6.0,5.0,15.068493150684931,0.5309090909090909
5,2.33,4.7,1900-01-01 12:36:17,12:36:50,2,1,33,1,20,756,2,8.0,7.86,5.333333333333333,-3.0,14.163090128755364,0.353030303030303
5,1.21,3.21,1900-01-01 12:36:28,12:37:01,3,1,33,1,20,756,2,5.0,4.7,6.0,0.0,27.272727272727273,0.18333333333333332
6,1.52,4.67,1900-01-01 12:36:37,12:37:10,4,1,33,1,20,756,2,5.0,3.21,5.333333333333333,1.0,21.710526315789473,0.27636363636363637
3,8.29,2.99,1900-01-01 12:37:40,12:38:13,1,1,33,2,25,757,2,6.0,4.67,4.666666666666667,-3.0,3.980699638118215,0.7536363636363635
8,1.9,7.49,1900-01-01 12:37:51,12:38:24,5,1,33,1,23,757,2,3.0,2.99,5.666666666666667,5.0,17.36842105263158,0.46060606060606063
6,1.77,4.98,1900-01-01 12:38:49,12:39:22,2,1,33,1,20,758,2,8.0,7.49,5.666666666666667,-2.0,18.64406779661017,0.32181818181818184
3,2.46,2.81,1900-01-01 12:39:00,12:39:33,3,1,33,1,20,759,2,6.0,4.98,5.666666666666667,-3.0,13.414634146341463,0.22363636363636363
10,3.31,14.32,1900-01-01 12:39:09,12:39:42,4,1,33,0,35,759,2,3.0,2.81,6.333333333333333,7.0,9.969788519637461,1.0030303030303032
5,5.54,4.46,1900-01-01 12:40:12,12:40:45,1,1,33,1,20,760,2,10.0,14.32,6.0,-5.0,5.956678700361011,0.8393939393939394
3,2.08,2.73,1900-01-01 12:40:23,12:40:56,5,1,33,1,23,760,2,5.0,4.46,6.0,-2.0,15.865384615384615,0.1890909090909091
9,2.62,5.94,1900-01-01 12:41:21,12:41:54,2,1,33,1,20,761,2,3.0,2.73,5.666666666666667,6.0,12.595419847328245,0.7145454545454545
1,0.0,2.53,1900-01-01 12:41:32,12:42:05,3,1,33,1,20,761,2,9.0,5.94,4.333333333333333,-8.0,33.0,0.030303030303030304
10,1.72,8.15,1900-01-01 12:41:41,12:42:14,4,1,33,0,35,761,2,1.0,2.53,6.666666666666667,9.0,19.186046511627907,0.5212121212121212
7,1.54,10.5,1900-01-01 12:42:44,12:43:17,1,1,33,1,20,762,2,10.0,8.15,6.0,-3.0,21.428571428571427,0.3266666666666667
9,3.29,6.83,1900-01-01 12:42:55,12:43:28,5,1,33,1,23,762,2,7.0,10.5,8.666666666666666,2.0,10.030395136778115,0.8972727272727273
7,3.79,6.66,1900-01-01 12:43:53,12:44:26,2,1,33,1,20,763,2,9.0,6.83,7.666666666666667,-2.0,8.70712401055409,0.803939393939394
6,4.82,2.9,1900-01-01 12:44:04,12:44:37,3,1,33,1,20,764,2,7.0,6.66,7.333333333333333,-1.0,6.846473029045643,0.8763636363636365
4,1.56,3.74,1900-01-01 12:44:13,12:44:46,4,1,33,1,20,764,2,6.0,2.9,5.666666666666667,-2.0,21.153846153846153,0.1890909090909091
5,6.62,8.08,1900-01-01 12:45:16,12:45:49,1,1,33,1,35,765,2,4.0,3.74,5.0,1.0,4.984894259818731,1.0030303030303032
7,2.5,11.5,1900-01-01 12:45:27,12:46:00,5,1,33,0,35,765,2,5.0,8.08,5.333333333333333,2.0,13.2,0.5303030303030303
10,3.21,6.0,1900-01-01 12:46:25,12:46:58,2,1,33,0,38,766,2,7.0,11.5,7.333333333333333,3.0,10.280373831775702,0.9727272727272727
4,4.94,2.55,1900-01-01 12:46:36,12:47:09,3,1,33,1,22,766,2,10.0,6.0,7.0,-6.0,6.680161943319837,0.5987878787878789
4,2.67,4.85,1900-01-01 12:46:45,12:47:18,4,1,33,1,20,766,2,4.0,2.55,6.0,0.0,12.359550561797754,0.3236363636363636
3,10.33,4.97,1900-01-01 12:47:48,12:48:21,1,1,33,2,31,767,2,4.0,4.85,3.6666666666666665,-1.0,3.1945788964181996,0.9390909090909091
0,0.0,1.35,1900-01-01 12:47:59,12:48:32,5,1,33,1,35,767,2,3.0,4.97,2.3333333333333335,-3.0,33.0,0.0
5,1.21,6.12,1900-01-01 12:48:57,12:49:30,2,1,33,1,20,768,2,0.0,1.35,2.6666666666666665,5.0,27.272727272727273,0.18333333333333332
9,2.92,10.07,1900-01-01 12:49:08,12:49:41,3,1,33,0,35,769,2,5.0,6.12,4.666666666666667,4.0,11.301369863013699,0.7963636363636364
10,1.94,13.28,1900-01-01 12:49:17,12:49:50,4,1,33,0,35,769,2,9.0,10.07,8.0,1.0,17.010309278350515,0.5878787878787879
7,4.67,10.31,1900-01-01 12:50:20,12:50:53,1,1,33,1,35,770,2,10.0,13.28,8.666666666666666,-3.0,7.0663811563169165,0.9906060606060606
2,2.25,0.69,1900-01-01 12:50:31,12:51:04,5,1,33,1,35,770,2,7.0,10.31,6.333333333333333,-5.0,14.666666666666666,0.13636363636363638
7,2.57,2.55,1900-01-01 12:51:29,12:52:02,2,1,33,1,20,771,2,2.0,0.69,5.333333333333333,5.0,12.84046692607004,0.5451515151515152
3,3.79,4.93,1900-01-01 12:51:40,12:52:13,3,1,33,1,22,771,2,7.0,2.55,4.0,-4.0,8.70712401055409,0.34454545454545454
9,3.44,7.69,1900-01-01 12:51:49,12:52:22,4,1,33,0,35,771,2,3.0,4.93,6.333333333333333,6.0,9.593023255813954,0.9381818181818181
11,2.83,10.75,1900-01-01 12:52:52,12:53:25,1,1,33,0,35,772,2,9.0,7.69,7.666666666666667,2.0,11.66077738515901,0.9433333333333334
1,0.0,1.45,1900-01-01 12:53:03,12:53:36,5,1,33,1,35,773,2,11.0,10.75,7.0,-10.0,33.0,0.030303030303030304
2,0.92,1.34,1900-01-01 12:54:01,12:54:34,2,1,33,1,20,774,2,1.0,1.45,4.666666666666667,1.0,35.869565217391305,0.055757575757575756
5,6.4,2.5,1900-01-01 12:54:12,12:54:45,3,1,33,1,22,774,2,2.0,1.34,2.6666666666666665,3.0,5.15625,0.9696969696969697
8,2.93,7.84,1900-01-01 12:54:21,12:54:54,4,1,33,1,20,774,2,5.0,2.5,5.0,3.0,11.262798634812286,0.7103030303030303
11,1.79,12.87,1900-01-01 12:55:24,12:55:57,1,1,33,0,35,775,2,8.0,7.84,8.0,3.0,18.435754189944134,0.5966666666666667
1,0.0,2.43,1900-01-01 12:55:35,12:56:08,5,1,33,1,35,775,2,11.0,12.87,6.666666666666667,-10.0,33.0,0.030303030303030304
4,3.83,2.16,1900-01-01 12:56:33,12:57:06,2,1,33,1,20,776,2,1.0,2.43,5.333333333333333,3.0,8.616187989556135,0.4642424242424243
8,4.43,7.9,1900-01-01 12:56:44,12:57:17,3,1,33,1,22,776,2,4.0,2.16,4.333333333333333,4.0,7.44920993227991,1.073939393939394
4,8.22,4.34,1900-01-01 12:56:53,12:57:26,4,1,33,2,32,776,2,8.0,7.9,5.333333333333333,-4.0,4.014598540145985,0.9963636363636365
6,5.67,5.76,1900-01-01 12:57:56,12:58:29,1,1,33,1,35,777,2,4.0,4.34,6.0,2.0,5.8201058201058204,1.0309090909090908
9,3.42,9.58,1900-01-01 12:58:07,12:58:40,5,1,33,0,35,778,2,6.0,5.76,6.333333333333333,3.0,9.649122807017545,0.9327272727272726
5,0.92,3.66,1900-01-01 12:59:05,12:59:38,2,1,33,1,20,779,2,9.0,9.58,6.666666666666667,-4.0,35.869565217391305,0.1393939393939394
4,1.92,4.62,1900-01-01 12:59:16,12:59:49,3,1,33,1,22,779,2,5.0,3.66,6.0,-1.0,17.1875,0.23272727272727273
8,2.44,9.16,1900-01-01 12:59:25,12:59:58,4,1,33,1,20,779,2,4.0,4.62,5.666666666666667,4.0,13.524590163934427,0.5915151515151514
5,5.79,9.9,1900-01-01 13:00:28,13:01:01,1,1,33,1,23,780,2,8.0,9.16,5.666666666666667,-3.0,5.699481865284974,0.8772727272727273
6,3.47,5.87,1900-01-01 13:00:39,13:01:12,5,1,33,1,20,780,2,5.0,9.9,6.333333333333333,1.0,9.510086455331411,0.630909090909091
9,3.25,2.91,1900-01-01 13:01:37,13:02:10,2,1,33,1,20,781,2,6.0,5.87,6.666666666666667,3.0,10.153846153846153,0.8863636363636365
2,3.08,1.57,1900-01-01 13:01:48,13:02:21,3,1,33,1,20,781,2,9.0,2.91,5.666666666666667,-7.0,10.714285714285714,0.18666666666666668
9,2.08,8.55,1900-01-01 13:01:57,13:02:30,4,1,33,0,35,781,2,2.0,1.57,6.666666666666667,7.0,15.865384615384615,0.5672727272727273
9,3.0,12.23,1900-01-01 13:03:00,13:03:33,1,1,33,0,35,783,2,9.0,8.55,6.666666666666667,0.0,11.0,0.8181818181818182
6,5.18,5.38,1900-01-01 13:03:11,13:03:44,5,1,33,1,20,783,2,9.0,12.23,8.0,-3.0,6.370656370656371,0.9418181818181818
1,0.0,0.58,1900-01-01 13:04:09,13:04:42,2,1,33,1,20,784,2,6.0,5.38,5.333333333333333,-5.0,33.0,0.030303030303030304
3,4.21,10.3,1900-01-01 13:04:20,13:04:53,3,1,33,1,20,784,2,1.0,0.58,3.3333333333333335,2.0,7.838479809976247,0.3827272727272727
6,2.0,4.13,1900-01-01 13:04:29,13:05:02,4,1,33,1,20,784,2,3.0,10.3,3.3333333333333335,3.0,16.5,0.36363636363636365
9,2.03,10.01,1900-01-01 13:05:32,13:06:05,1,1,33,0,35,785,2,6.0,4.13,6.0,3.0,16.256157635467982,0.5536363636363636
5,2.12,4.64,1900-01-01 13:05:43,13:06:16,5,1,33,1,20,785,2,9.0,10.01,6.666666666666667,-4.0,15.566037735849056,0.3212121212121212
1,0.0,1.29,1900-01-01 13:06:41,13:07:14,2,1,33,1,20,786,2,5.0,4.64,5.0,-4.0,33.0,0.030303030303030304
2,2.08,1.64,1900-01-01 13:06:52,13:07:25,3,1,33,1,20,786,2,1.0,1.29,2.6666666666666665,1.0,15.865384615384615,0.12606060606060607
1,0.0,1.07,1900-01-01 13:07:01,13:07:34,4,1,33,1,20,787,2,2.0,1.64,1.3333333333333333,-1.0,33.0,0.030303030303030304
3,8.29,3.56,1900-01-01 13:08:04,13:08:37,1,1,33,2,25,788,2,1.0,1.07,2.0,2.0,3.980699638118215,0.7536363636363635
7,2.03,6.6,1900-01-01 13:08:15,13:08:48,5,1,33,1,20,788,2,3.0,3.56,3.6666666666666665,4.0,16.256157635467982,0.43060606060606055
1,0.0,0.76,1900-01-01 13:09:13,13:09:46,2,1,33,1,20,789,2,7.0,6.6,3.6666666666666665,-6.0,33.0,0.030303030303030304
0,0.0,0.23,1900-01-01 13:09:24,13:09:57,3,1,33,1,20,789,2,1.0,0.76,2.6666666666666665,-1.0,33.0,0.0
4,1.58,5.18,1900-01-01 13:09:33,13:10:06,4,1,33,1,20,789,2,0.0,0.23,1.6666666666666667,4.0,20.886075949367086,0.19151515151515153
3,3.67,2.31,1900-01-01 13:10:36,13:11:09,1,1,33,1,23,790,2,4.0,5.18,2.3333333333333335,-1.0,8.991825613079019,0.3336363636363636
1,0.0,1.02,1900-01-01 13:10:47,13:11:20,5,1,33,1,20,790,2,3.0,2.31,2.6666666666666665,-2.0,33.0,0.030303030303030304
6,2.87,5.35,1900-01-01 13:11:45,13:12:18,2,1,33,1,20,791,2,1.0,1.02,3.3333333333333335,5.0,11.498257839721253,0.5218181818181818
5,3.06,2.21,1900-01-01 13:11:56,13:12:29,3,1,33,1,20,791,2,6.0,5.35,4.0,-1.0,10.784313725490195,0.4636363636363637
4,2.53,3.33,1900-01-01 13:12:05,13:12:38,4,1,33,1,20,792,2,5.0,2.21,5.0,-1.0,13.043478260869566,0.30666666666666664
7,3.51,10.24,1900-01-01 13:13:08,13:13:41,1,1,33,1,23,793,2,4.0,3.33,5.333333333333333,3.0,9.401709401709402,0.7445454545454545
7,1.64,13.73,1900-01-01 13:13:19,13:13:52,5,1,33,0,35,793,2,7.0,10.24,6.0,0.0,20.121951219512198,0.34787878787878784
6,4.07,2.39,1900-01-01 13:14:17,13:14:50,2,1,33,1,20,794,2,7.0,13.73,6.666666666666667,-1.0,8.108108108108107,0.7400000000000001
5,2.33,2.18,1900-01-01 13:14:28,13:15:01,3,1,33,1,20,794,2,6.0,2.39,6.0,-1.0,14.163090128755364,0.353030303030303
4,6.5,6.11,1900-01-01 13:14:37,13:15:10,4,1,33,1,20,794,2,5.0,2.18,5.0,-1.0,5.076923076923077,0.787878787878788
2,2.08,2.38,1900-01-01 13:15:40,13:16:13,1,1,33,1,20,795,2,4.0,6.11,3.6666666666666665,-2.0,15.865384615384615,0.12606060606060607
3,3.83,5.08,1900-01-01 13:15:51,13:16:24,5,1,33,1,20,795,2,2.0,2.38,3.0,1.0,8.616187989556135,0.3481818181818182
3,5.58,2.06,1900-01-01 13:16:49,13:17:22,2,1,33,1,25,796,2,3.0,5.08,2.6666666666666665,0.0,5.913978494623656,0.5072727272727273
7,1.5,6.86,1900-01-01 13:17:00,13:17:33,3,1,33,1,20,797,2,3.0,2.06,4.333333333333333,4.0,22.0,0.3181818181818182
6,2.08,5.85,1900-01-01 13:17:09,13:17:42,4,1,33,1,20,797,2,7.0,6.86,5.333333333333333,-1.0,15.865384615384615,0.3781818181818182
1,0.0,2.36,1900-01-01 13:18:12,13:18:45,1,1,33,1,20,798,2,6.0,5.85,4.666666666666667,-5.0,33.0,0.030303030303030304
10,2.25,9.94,1900-01-01 13:18:23,13:18:56,5,1,33,0,35,798,2,1.0,2.36,5.666666666666667,9.0,14.666666666666666,0.6818181818181819
4,9.39,3.89,1900-01-01 13:19:21,13:19:54,2,1,33,2,37,799,2,10.0,9.94,5.0,-6.0,3.5143769968051117,1.1381818181818182
1,0.0,1.13,1900-01-01 13:19:32,13:20:05,3,1,33,1,20,799,2,4.0,3.89,5.0,-3.0,33.0,0.030303030303030304
5,2.29,3.27,1900-01-01 13:19:41,13:20:14,4,1,33,1,20,799,2,1.0,1.13,3.3333333333333335,4.0,14.410480349344978,0.346969696969697
5,2.25,5.5,1900-01-01 13:20:44,13:21:17,1,1,33,1,20,800,2,5.0,3.27,3.6666666666666665,0.0,14.666666666666666,0.34090909090909094
6,2.63,9.04,1900-01-01 13:20:55,13:21:28,5,1,33,1,20,800,2,5.0,5.5,5.333333333333333,1.0,12.547528517110267,0.47818181818181815
7,4.12,4.31,1900-01-01 13:21:53,13:22:26,2,1,33,1,25,801,2,6.0,9.04,6.0,1.0,8.009708737864077,0.873939393939394
3,10.38,2.17,1900-01-01 13:22:04,13:22:37,3,1,33,2,31,802,2,7.0,4.31,5.333333333333333,-4.0,3.1791907514450863,0.9436363636363637
3,3.62,3.08,1900-01-01 13:22:13,13:22:46,4,1,33,1,20,802,2,3.0,2.17,4.333333333333333,0.0,9.116022099447514,0.3290909090909091
4,0.72,4.18,1900-01-01 13:23:16,13:23:49,1,1,33,1,20,803,2,3.0,3.08,3.3333333333333335,1.0,45.833333333333336,0.08727272727272727
2,5.08,7.19,1900-01-01 13:23:27,13:24:00,5,1,33,1,20,803,2,4.0,4.18,3.0,-2.0,6.496062992125984,0.30787878787878786
7,2.04,8.49,1900-01-01 13:24:25,13:24:58,2,1,33,1,25,804,2,2.0,7.19,4.333333333333333,5.0,16.176470588235293,0.43272727272727274
5,2.96,3.97,1900-01-01 13:24:36,13:25:09,3,1,33,1,20,804,2,7.0,8.49,4.666666666666667,-2.0,11.14864864864865,0.4484848484848485
0,0.0,0.18,1900-01-01 13:24:45,13:25:18,4,1,33,1,20,804,2,5.0,3.97,4.0,-5.0,33.0,0.0
3,2.88,4.48,1900-01-01 13:25:48,13:26:21,1,1,33,1,20,805,2,0.0,0.18,2.6666666666666665,3.0,11.458333333333334,0.2618181818181818
7,3.61,9.15,1900-01-01 13:25:59,13:26:32,5,1,33,1,20,805,2,3.0,4.48,3.3333333333333335,4.0,9.141274238227147,0.7657575757575757
5,6.48,5.52,1900-01-01 13:26:57,13:27:30,2,1,33,1,25,806,2,7.0,9.15,5.0,-2.0,5.092592592592593,0.9818181818181818
1,0.0,1.32,1900-01-01 13:27:08,13:27:41,3,1,33,1,20,807,2,5.0,5.52,4.333333333333333,-4.0,33.0,0.030303030303030304
7,3.78,8.58,1900-01-01 13:27:17,13:27:50,4,1,33,1,20,807,2,1.0,1.32,4.333333333333333,6.0,8.730158730158731,0.8018181818181818
3,2.5,3.3,1900-01-01 13:28:20,13:28:53,1,1,33,1,20,808,2,7.0,8.58,3.6666666666666665,-4.0,13.2,0.2272727272727273
6,3.07,7.24,1900-01-01 13:28:31,13:29:04,5,1,33,1,20,808,2,3.0,3.3,5.333333333333333,3.0,10.749185667752444,0.5581818181818181
8,1.57,6.72,1900-01-01 13:29:29,13:30:02,2,1,33,1,25,809,2,6.0,7.24,5.666666666666667,2.0,21.019108280254777,0.3806060606060606
4,1.53,3.64,1900-01-01 13:29:40,13:30:13,3,1,33,1,20,809,2,8.0,6.72,6.0,-4.0,21.56862745098039,0.18545454545454548
2,4.67,2.16,1900-01-01 13:29:49,13:30:22,4,1,33,1,20,809,2,4.0,3.64,4.666666666666667,-2.0,7.0663811563169165,0.283030303030303
2,4.5,2.78,1900-01-01 13:30:52,13:31:25,1,1,33,1,20,810,2,2.0,2.16,2.6666666666666665,0.0,7.333333333333333,0.27272727272727276
3,7.5,2.41,1900-01-01 13:31:03,13:31:36,5,1,33,2,22,811,2,2.0,2.78,2.3333333333333335,1.0,4.4,0.6818181818181818
9,2.81,13.47,1900-01-01 13:32:01,13:32:34,2,1,33,0,35,812,2,3.0,2.41,4.666666666666667,6.0,11.743772241992882,0.7663636363636364
0,0.0,0.16,1900-01-01 13:32:12,13:32:45,3,1,33,1,20,812,2,9.0,13.47,4.0,-9.0,33.0,0.0
6,2.9,8.43,1900-01-01 13:32:21,13:32:54,4,1,33,1,20,812,2,0.0,0.16,5.0,6.0,11.379310344827587,0.5272727272727272
4,2.78,7.35,1900-01-01 13:33:24,13:33:57,1,1,33,1,20,813,2,6.0,8.43,3.3333333333333335,-2.0,11.870503597122303,0.3369696969696969
1,0.0,0.52,1900-01-01 13:33:35,13:34:08,5,1,33,1,35,813,2,4.0,7.35,3.6666666666666665,-3.0,33.0,0.030303030303030304
4,2.58,1.32,1900-01-01 13:34:33,13:35:06,2,1,33,1,20,814,2,1.0,0.52,3.0,3.0,12.790697674418604,0.31272727272727274
8,3.7,5.58,1900-01-01 13:34:44,13:35:17,3,1,33,1,20,814,2,4.0,1.32,4.333333333333333,4.0,8.91891891891892,0.896969696969697
5,1.27,5.08,1900-01-01 13:34:53,13:35:26,4,1,33,1,20,814,2,8.0,5.58,5.666666666666667,-3.0,25.984251968503937,0.19242424242424241
3,2.17,6.23,1900-01-01 13:35:56,13:36:29,1,1,33,1,20,815,2,5.0,5.08,5.333333333333333,-2.0,15.207373271889402,0.19727272727272727
1,0.0,2.82,1900-01-01 13:36:07,13:36:40,5,1,33,1,35,816,2,3.0,6.23,3.0,-2.0,33.0,0.030303030303030304
1,0.0,0.85,1900-01-01 13:37:05,13:37:38,2,1,33,1,20,817,2,1.0,2.82,1.6666666666666667,0.0,33.0,0.030303030303030304
1,0.0,3.99,1900-01-01 13:37:16,13:37:49,3,1,33,1,20,817,2,1.0,0.85,1.0,0.0,33.0,0.030303030303030304
1,0.0,0.76,1900-01-01 13:37:25,13:37:58,4,1,33,1,20,817,2,1.0,3.99,1.0,0.0,33.0,0.030303030303030304
4,1.92,5.95,1900-01-01 13:38:28,13:39:01,1,1,33,1,20,818,2,1.0,0.76,2.0,3.0,17.1875,0.23272727272727273
3,2.71,1.75,1900-01-01 13:38:39,13:39:12,5,1,33,1,35,818,2,4.0,5.95,2.6666666666666665,-1.0,12.177121771217712,0.24636363636363637
4,3.86,2.34,1900-01-01 13:39:37,13:40:10,2,1,33,1,20,819,2,3.0,1.75,3.6666666666666665,1.0,8.549222797927461,0.4678787878787879
5,1.62,3.14,1900-01-01 13:39:48,13:40:21,3,1,33,1,20,819,2,4.0,2.34,4.0,1.0,20.37037037037037,0.24545454545454545
3,8.92,2.17,1900-01-01 13:39:57,13:40:30,4,1,33,2,26,819,2,5.0,3.14,4.0,-2.0,3.6995515695067267,0.8109090909090908
5,3.96,4.94,1900-01-01 13:41:00,13:41:33,1,1,33,1,20,821,2,3.0,2.17,4.333333333333333,2.0,8.333333333333334,0.6
1,0.0,2.03,1900-01-01 13:41:11,13:41:44,5,1,33,1,35,821,2,5.0,4.94,3.0,-4.0,33.0,0.030303030303030304
3,0.79,1.46,1900-01-01 13:42:09,13:42:42,2,1,33,1,20,822,2,1.0,2.03,3.0,2.0,41.77215189873417,0.07181818181818182
6,5.52,5.34,1900-01-01 13:42:20,13:42:53,3,1,33,1,20,822,2,3.0,1.46,3.3333333333333335,3.0,5.978260869565218,1.0036363636363637
4,1.61,4.99,1900-01-01 13:42:29,13:43:02,4,1,33,1,20,822,2,6.0,5.34,4.333333333333333,-2.0,20.496894409937887,0.19515151515151516
7,2.57,8.06,1900-01-01 13:43:32,13:44:05,1,1,33,1,20,823,2,4.0,4.99,5.666666666666667,3.0,12.84046692607004,0.5451515151515152
3,1.58,2.69,1900-01-01 13:43:43,13:44:16,5,1,33,1,35,823,2,7.0,8.06,4.666666666666667,-4.0,20.886075949367086,0.14363636363636365
3,1.75,2.36,1900-01-01 13:44:41,13:45:14,2,1,33,1,20,824,2,3.0,2.69,4.333333333333333,0.0,18.857142857142858,0.1590909090909091
3,9.42,4.9,1900-01-01 13:44:52,13:45:25,3,1,33,2,28,824,2,3.0,2.36,3.0,0.0,3.5031847133757963,0.8563636363636363
5,2.65,4.55,1900-01-01 13:45:01,13:45:34,4,1,33,1,20,825,2,3.0,4.9,3.6666666666666665,2.0,12.452830188679245,0.4015151515151515
6,2.13,6.98,1900-01-01 13:46:04,13:46:37,1,1,33,1,20,826,2,5.0,4.55,4.666666666666667,1.0,15.492957746478874,0.38727272727272727
8,1.25,5.53,1900-01-01 13:46:15,13:46:48,5,1,33,1,20,826,2,6.0,6.98,6.333333333333333,2.0,26.4,0.30303030303030304
2,3.5,1.47,1900-01-01 13:47:13,13:47:46,2,1,33,1,20,827,2,8.0,5.53,5.333333333333333,-6.0,9.428571428571429,0.21212121212121213
9,1.4,8.5,1900-01-01 13:47:24,13:47:57,3,1,33,0,35,827,2,2.0,1.47,6.333333333333333,7.0,23.571428571428573,0.3818181818181818
10,1.7,9.64,1900-01-01 13:47:33,13:48:06,4,1,33,0,35,827,2,9.0,8.5,7.0,1.0,19.411764705882355,0.5151515151515151
3,2.25,5.8,1900-01-01 13:48:36,13:49:09,1,1,33,1,20,828,2,10.0,9.64,7.333333333333333,-7.0,14.666666666666666,0.20454545454545456
5,2.1,5.24,1900-01-01 13:48:47,13:49:20,5,1,33,1,20,828,2,3.0,5.8,6.0,2.0,15.714285714285714,0.3181818181818182
3,11.42,2.24,1900-01-01 13:49:45,13:50:18,2,1,33,2,34,829,2,5.0,5.24,3.6666666666666665,-2.0,2.8896672504378285,1.038181818181818
2,2.33,2.98,1900-01-01 13:49:56,13:50:29,3,1,33,1,35,829,2,3.0,2.24,3.3333333333333335,-1.0,14.163090128755364,0.1412121212121212
4,8.94,3.25,1900-01-01 13:50:05,13:50:38,4,1,33,2,35,830,2,2.0,2.98,3.0,2.0,3.691275167785235,1.0836363636363635
2,2.92,1.79,1900-01-01 13:51:08,13:51:41,1,1,33,1,20,831,2,4.0,3.25,2.6666666666666665,-2.0,11.301369863013699,0.17696969696969697
4,0.86,4.87,1900-01-01 13:51:19,13:51:52,5,1,33,1,20,831,2,2.0,1.79,3.3333333333333335,2.0,38.372093023255815,0.10424242424242425
7,1.4,3.76,1900-01-01 13:52:17,13:52:50,2,1,33,1,20,832,2,4.0,4.87,4.333333333333333,3.0,23.571428571428573,0.29696969696969694
15,2.08,10.51,1900-01-01 13:52:28,13:53:01,3,1,33,0,35,832,2,7.0,3.76,8.666666666666666,8.0,15.865384615384615,0.9454545454545454
10,2.92,16.66,1900-01-01 13:52:37,13:53:10,4,1,33,0,35,832,2,15.0,10.51,10.666666666666666,-5.0,11.301369863013699,0.8848484848484848
6,3.97,6.7,1900-01-01 13:53:40,13:54:13,1,1,33,1,20,833,2,10.0,16.66,10.333333333333334,-4.0,8.312342569269521,0.7218181818181818
5,1.46,6.8,1900-01-01 13:53:51,13:54:24,5,1,33,1,20,833,2,6.0,6.7,7.0,-1.0,22.602739726027398,0.2212121212121212
0,0.0,0.51,1900-01-01 13:54:49,13:55:22,2,1,33,1,20,834,2,5.0,6.8,3.6666666666666665,-5.0,33.0,0.0
1,0.0,0.33,1900-01-01 13:55:00,13:55:33,3,1,33,1,35,835,2,0.0,0.51,2.0,1.0,33.0,0.030303030303030304
8,1.13,9.07,1900-01-01 13:55:09,13:55:42,4,1,33,0,35,835,2,1.0,0.33,3.0,7.0,29.203539823008853,0.2739393939393939
9,0.97,12.43,1900-01-01 13:56:12,13:56:45,1,1,33,0,35,836,2,8.0,9.07,6.0,1.0,34.02061855670103,0.26454545454545453
7,5.1,29.31,1900-01-01 13:56:23,13:56:56,5,1,33,0,35,836,2,9.0,12.43,8.0,-2.0,6.470588235294118,1.0818181818181818
2,3.92,1.88,1900-01-01 13:57:21,13:57:54,2,1,33,1,20,837,2,7.0,29.31,6.0,-5.0,8.418367346938776,0.23757575757575755
3,15.0,1.82,1900-01-01 13:57:32,13:58:05,3,1,33,2,40,837,2,2.0,1.88,4.0,1.0,2.2,1.3636363636363635
5,2.35,6.51,1900-01-01 13:57:41,13:58:14,4,1,33,1,20,837,2,3.0,1.82,3.3333333333333335,2.0,14.042553191489361,0.3560606060606061
4,3.17,5.56,1900-01-01 13:58:44,13:59:17,1,1,33,1,20,838,2,5.0,6.51,4.0,-1.0,10.410094637223976,0.3842424242424242
2,1.17,29.18,1900-01-01 13:58:55,13:59:28,5,1,33,0,35,838,2,4.0,5.56,3.6666666666666665,-2.0,28.205128205128208,0.07090909090909091
3,3.17,2.22,1900-01-01 13:59:53,14:00:26,2,1,33,1,20,839,2,2.0,29.18,3.0,1.0,10.410094637223976,0.28818181818181815
2,1.58,1.26,1900-01-01 14:00:04,14:00:37,3,1,33,1,20,840,2,3.0,2.22,2.3333333333333335,-1.0,20.886075949367086,0.09575757575757576
3,11.08,2.83,1900-01-01 14:00:13,14:00:46,4,1,33,2,30,840,2,2.0,1.26,2.6666666666666665,1.0,2.9783393501805056,1.0072727272727273
9,3.35,18.68,1900-01-01 14:01:16,14:01:49,1,1,33,0,35,841,2,3.0,2.83,4.666666666666667,6.0,9.850746268656716,0.9136363636363637
1,0.0,14.77,1900-01-01 14:01:27,14:02:00,5,1,33,1,20,841,2,9.0,18.68,4.333333333333333,-8.0,33.0,0.030303030303030304
7,1.76,3.27,1900-01-01 14:02:25,14:02:58,2,1,33,1,20,842,2,1.0,14.77,5.666666666666667,6.0,18.75,0.37333333333333335
3,2.08,4.3,1900-01-01 14:02:36,14:03:09,3,1,33,1,20,842,2,7.0,3.27,3.6666666666666665,-4.0,15.865384615384615,0.1890909090909091
3,6.79,2.03,1900-01-01 14:02:45,14:03:18,4,1,33,2,30,842,2,3.0,4.3,4.333333333333333,0.0,4.860088365243004,0.6172727272727273
5,2.17,6.61,1900-01-01 14:03:48,14:04:21,1,1,33,1,20,843,2,3.0,2.03,3.6666666666666665,2.0,15.207373271889402,0.32878787878787874
6,4.92,9.62,1900-01-01 14:03:59,14:04:32,5,1,33,1,20,843,2,5.0,6.61,4.666666666666667,1.0,6.7073170731707314,0.8945454545454545
3,1.46,6.2,1900-01-01 14:04:57,14:05:30,2,1,33,1,20,844,2,6.0,9.62,4.666666666666667,-3.0,22.602739726027398,0.13272727272727272
6,1.95,3.74,1900-01-01 14:05:08,14:05:41,3,1,33,1,20,845,2,3.0,6.2,5.0,3.0,16.923076923076923,0.35454545454545455
6,1.88,5.34,1900-01-01 14:05:17,14:05:50,4,1,33,1,20,845,2,6.0,3.74,5.0,0.0,17.5531914893617,0.34181818181818185
7,3.46,14.45,1900-01-01 14:06:20,14:06:53,1,1,33,0,35,846,2,6.0,5.34,6.333333333333333,1.0,9.53757225433526,0.733939393939394
3,2.17,4.51,1900-01-01 14:06:31,14:07:04,5,1,33,1,20,846,2,7.0,14.45,5.333333333333333,-4.0,15.207373271889402,0.19727272727272727
3,1.58,0.91,1900-01-01 14:07:29,14:08:02,2,1,33,1,20,847,2,3.0,4.51,4.333333333333333,0.0,20.886075949367086,0.14363636363636365
3,2.12,2.03,1900-01-01 14:07:40,14:08:13,3,1,33,1,20,847,2,3.0,0.91,3.0,0.0,15.566037735849056,0.19272727272727275
5,7.27,4.16,1900-01-01 14:07:49,14:08:22,4,1,33,2,30,847,2,3.0,2.03,3.6666666666666665,2.0,4.53920220082531,1.1015151515151516
3,9.83,4.67,1900-01-01 14:08:52,14:09:25,1,1,33,2,30,848,2,5.0,4.16,3.6666666666666665,-2.0,3.3570701932858595,0.8936363636363637
2,0.0,2.71,1900-01-01 14:09:03,14:09:36,5,1,33,1,20,849,2,3.0,4.67,3.3333333333333335,-1.0,33.0,0.06060606060606061
8,2.08,3.63,1900-01-01 14:10:01,14:10:34,2,1,33,1,20,850,2,2.0,2.71,4.333333333333333,6.0,15.865384615384615,0.5042424242424243
1,0.0,0.54,1900-01-01 14:10:12,14:10:45,3,1,33,1,20,850,2,8.0,3.63,3.6666666666666665,-7.0,33.0,0.030303030303030304
6,2.27,5.3,1900-01-01 14:10:21,14:10:54,4,1,33,1,20,850,2,1.0,0.54,5.0,5.0,14.537444933920705,0.4127272727272727
3,2.17,4.18,1900-01-01 14:11:24,14:11:57,1,1,33,1,20,851,2,6.0,5.3,3.3333333333333335,-3.0,15.207373271889402,0.19727272727272727
1,0.0,3.62,1900-01-01 14:11:35,14:12:08,5,1,33,1,20,851,2,3.0,4.18,3.3333333333333335,-2.0,33.0,0.030303030303030304
7,2.03,2.41,1900-01-01 14:12:33,14:13:06,2,1,33,1,20,852,2,1.0,3.62,3.6666666666666665,6.0,16.256157635467982,0.43060606060606055
2,5.25,0.82,1900-01-01 14:12:44,14:13:17,3,1,33,1,20,852,2,7.0,2.41,3.3333333333333335,-5.0,6.285714285714286,0.3181818181818182
4,2.69,3.26,1900-01-01 14:12:53,14:13:26,4,1,33,1,20,852,2,2.0,0.82,4.333333333333333,2.0,12.267657992565056,0.32606060606060605
4,7.44,4.5,1900-01-01 14:13:56,14:14:29,1,1,33,2,30,853,2,4.0,3.26,3.3333333333333335,0.0,4.435483870967742,0.9018181818181819
2,5.5,1.97,1900-01-01 14:14:07,14:14:40,5,1,33,1,20,854,2,4.0,4.5,3.3333333333333335,-2.0,6.0,0.3333333333333333
6,5.4,3.29,1900-01-01 14:15:05,14:15:38,2,1,33,1,20,855,2,2.0,1.97,4.0,4.0,6.111111111111111,0.9818181818181819
6,1.9,7.67,1900-01-01 14:15:16,14:15:49,3,1,33,1,20,855,2,6.0,3.29,4.666666666666667,0.0,17.36842105263158,0.34545454545454546
3,4.46,3.42,1900-01-01 14:15:25,14:15:58,4,1,33,1,20,855,2,6.0,7.67,5.0,-3.0,7.399103139013453,0.4054545454545454
6,2.35,6.41,1900-01-01 14:16:28,14:17:01,1,1,33,1,20,856,2,3.0,3.42,5.0,3.0,14.042553191489361,0.4272727272727273
4,6.56,2.86,1900-01-01 14:16:39,14:17:12,5,1,33,1,20,856,2,6.0,6.41,4.333333333333333,-2.0,5.0304878048780495,0.795151515151515
2,1.08,1.54,1900-01-01 14:17:37,14:18:10,2,1,33,1,20,857,2,4.0,2.86,4.0,-2.0,30.555555555555554,0.06545454545454546
3,4.21,1.29,1900-01-01 14:17:48,14:18:21,3,1,33,1,20,857,2,2.0,1.54,3.0,1.0,7.838479809976247,0.3827272727272727
0,0.0,0.6,1900-01-01 14:17:57,14:18:30,4,1,33,1,20,857,2,3.0,1.29,1.6666666666666667,-3.0,33.0,0.0
3,2.62,2.65,1900-01-01 14:19:00,14:19:33,1,1,33,1,20,859,2,0.0,0.6,2.0,3.0,12.595419847328245,0.2381818181818182
1,0.0,2.2,1900-01-01 14:19:11,14:19:44,5,1,33,1,20,859,2,3.0,2.65,1.3333333333333333,-2.0,33.0,0.030303030303030304
4,2.69,4.16,1900-01-01 14:20:09,14:20:42,2,1,33,1,20,860,2,1.0,2.2,2.6666666666666665,3.0,12.267657992565056,0.32606060606060605
1,0.0,0.34,1900-01-01 14:20:20,14:20:53,3,1,33,1,20,860,2,4.0,4.16,2.0,-3.0,33.0,0.030303030303030304
8,2.71,11.1,1900-01-01 14:20:29,14:21:02,4,1,33,0,35,860,2,1.0,0.34,4.333333333333333,7.0,12.177121771217712,0.656969696969697
7,3.96,7.2,1900-01-01 14:21:32,14:22:05,1,1,33,1,20,861,2,8.0,11.1,5.333333333333333,-1.0,8.333333333333334,0.84
1,0.0,4.34,1900-01-01 14:21:43,14:22:16,5,1,33,1,20,861,2,7.0,7.2,5.333333333333333,-6.0,33.0,0.030303030303030304
6,1.97,11.48,1900-01-01 14:22:41,14:23:14,2,1,33,1,20,862,2,1.0,4.34,4.666666666666667,5.0,16.751269035532996,0.35818181818181816
2,15.92,1.71,1900-01-01 14:22:52,14:23:25,3,1,33,2,31,862,2,6.0,11.48,3.0,-4.0,2.0728643216080402,0.9648484848484848
7,1.43,7.93,1900-01-01 14:23:01,14:23:34,4,1,33,1,20,863,2,2.0,1.71,5.0,5.0,23.076923076923077,0.30333333333333334
5,5.0,3.29,1900-01-01 14:24:04,14:24:37,1,1,33,1,20,864,2,7.0,7.93,4.666666666666667,-2.0,6.6,0.7575757575757576
7,3.94,11.26,1900-01-01 14:24:15,14:24:48,5,1,33,1,20,864,2,5.0,3.29,6.333333333333333,2.0,8.375634517766498,0.8357575757575757
0,0.0,0.48,1900-01-01 14:25:13,14:25:46,2,1,33,1,20,865,2,7.0,11.26,4.0,-7.0,33.0,0.0
7,3.11,5.52,1900-01-01 14:25:24,14:25:57,3,1,33,1,20,865,2,0.0,0.48,4.666666666666667,7.0,10.610932475884244,0.6596969696969697
4,5.53,2.57,1900-01-01 14:25:33,14:26:06,4,1,33,1,20,865,2,7.0,5.52,3.6666666666666665,-3.0,5.967450271247739,0.6703030303030303
3,7.71,2.51,1900-01-01 14:26:36,14:27:09,1,1,33,2,26,866,2,4.0,2.57,4.666666666666667,-1.0,4.280155642023346,0.7009090909090909
4,1.94,7.16,1900-01-01 14:26:47,14:27:20,5,1,33,1,20,866,2,3.0,2.51,3.6666666666666665,1.0,17.010309278350515,0.23515151515151514
3,3.12,3.37,1900-01-01 14:27:45,14:28:18,2,1,33,1,20,867,2,4.0,7.16,3.3333333333333335,-1.0,10.576923076923077,0.28363636363636363
5,2.56,7.89,1900-01-01 14:27:56,14:28:29,3,1,33,1,20,867,2,3.0,3.37,4.0,2.0,12.890625,0.3878787878787879
5,3.75,6.72,1900-01-01 14:28:05,14:28:38,4,1,33,1,20,868,2,5.0,7.89,4.333333333333333,0.0,8.8,0.5681818181818181
3,9.79,2.61,1900-01-01 14:29:08,14:29:41,1,1,33,2,26,869,2,5.0,6.72,4.333333333333333,-2.0,3.370786516853933,0.8899999999999999
2,4.0,9.37,1900-01-01 14:29:19,14:29:52,5,1,33,1,20,869,2,3.0,2.61,3.3333333333333335,-1.0,8.25,0.24242424242424243
2,2.17,1.94,1900-01-01 14:30:17,14:30:50,2,1,33,1,20,870,2,2.0,9.37,2.3333333333333335,0.0,15.207373271889402,0.1315151515151515
3,2.29,1.18,1900-01-01 14:30:28,14:31:01,3,1,33,1,20,870,2,2.0,1.94,2.3333333333333335,1.0,14.410480349344978,0.2081818181818182
8,3.69,7.41,1900-01-01 14:30:37,14:31:10,4,1,33,1,20,870,2,3.0,1.18,4.333333333333333,5.0,8.94308943089431,0.8945454545454545
3,2.58,3.1,1900-01-01 14:31:40,14:32:13,1,1,33,1,20,871,2,8.0,7.41,4.666666666666667,-5.0,12.790697674418604,0.23454545454545456
4,5.03,5.28,1900-01-01 14:31:51,14:32:24,5,1,33,1,20,871,2,3.0,3.1,5.0,1.0,6.560636182902584,0.6096969696969697
4,6.06,6.82,1900-01-01 14:32:49,14:33:22,2,1,33,1,20,872,2,4.0,5.28,3.6666666666666665,0.0,5.445544554455446,0.7345454545454545
0,0.0,4.32,1900-01-01 14:33:00,14:33:33,3,1,33,1,20,873,2,4.0,6.82,2.6666666666666665,-4.0,33.0,0.0
4,2.33,4.72,1900-01-01 14:33:09,14:33:42,4,1,33,1,20,873,2,0.0,4.32,2.6666666666666665,4.0,14.163090128755364,0.2824242424242424
3,2.75,2.64,1900-01-01 14:34:12,14:34:45,1,1,33,1,20,874,2,4.0,4.72,2.3333333333333335,-1.0,12.0,0.25
8,2.46,7.93,1900-01-01 14:34:23,14:34:56,5,1,33,1,20,874,2,3.0,2.64,5.0,5.0,13.414634146341463,0.5963636363636364
1,0.0,12.53,1900-01-01 14:35:21,14:35:54,2,1,33,1,20,875,2,8.0,7.93,4.0,-7.0,33.0,0.030303030303030304
3,4.25,2.31,1900-01-01 14:35:32,14:36:05,3,1,33,1,20,875,2,1.0,12.53,4.0,2.0,7.764705882352941,0.38636363636363635
8,3.44,7.01,1900-01-01 14:35:41,14:36:14,4,1,33,1,20,875,2,3.0,2.31,4.0,5.0,9.593023255813954,0.833939393939394
0,0.0,0.16,1900-01-01 14:36:44,14:37:17,1,1,33,1,20,876,2,8.0,7.01,3.6666666666666665,-8.0,33.0,0.0
2,2.17,2.31,1900-01-01 14:36:55,14:37:28,5,1,33,1,20,876,2,0.0,0.16,3.3333333333333335,2.0,15.207373271889402,0.1315151515151515
0,0.0,7.49,1900-01-01 14:37:53,14:38:26,2,1,33,1,20,877,2,2.0,2.31,0.6666666666666666,-2.0,33.0,0.0
4,10.19,2.39,1900-01-01 14:38:04,14:38:37,3,1,33,2,40,878,2,0.0,7.49,2.0,4.0,3.23846908734053,1.2351515151515151
4,2.56,4.76,1900-01-01 14:38:13,14:38:46,4,1,33,1,20,878,2,4.0,2.39,2.6666666666666665,0.0,12.890625,0.3103030303030303
3,4.5,2.93,1900-01-01 14:39:16,14:39:49,1,1,33,1,20,879,2,4.0,4.76,3.6666666666666665,-1.0,7.333333333333333,0.4090909090909091
4,5.0,2.84,1900-01-01 14:39:27,14:40:00,5,1,33,1,20,879,2,3.0,2.93,3.6666666666666665,1.0,6.6,0.6060606060606061
3,5.42,2.46,1900-01-01 14:40:25,14:40:58,2,1,33,1,20,880,2,4.0,2.84,3.3333333333333335,-1.0,6.088560885608856,0.49272727272727274
3,1.67,2.42,1900-01-01 14:40:36,14:41:09,3,1,33,1,20,880,2,3.0,2.46,3.3333333333333335,0.0,19.76047904191617,0.1518181818181818
4,2.69,3.88,1900-01-01 14:40:45,14:41:18,4,1,33,1,20,880,2,3.0,2.42,3.3333333333333335,1.0,12.267657992565056,0.32606060606060605
8,1.83,17.06,1900-01-01 14:41:48,14:42:21,1,1,33,0,35,881,2,4.0,3.88,5.0,4.0,18.0327868852459,0.44363636363636366
3,9.0,2.6,1900-01-01 14:41:59,14:42:32,5,1,33,2,37,881,2,8.0,17.06,5.0,-5.0,3.6666666666666665,0.8181818181818182
4,2.36,7.66,1900-01-01 14:42:57,14:43:30,2,1,33,1,20,882,2,3.0,2.6,5.0,1.0,13.983050847457628,0.286060606060606
1,0.0,0.34,1900-01-01 14:43:08,14:43:41,3,1,33,1,20,883,2,4.0,7.66,2.6666666666666665,-3.0,33.0,0.030303030303030304
8,2.25,7.98,1900-01-01 14:43:17,14:43:50,4,1,33,1,20,883,2,1.0,0.34,4.333333333333333,7.0,14.666666666666666,0.5454545454545455
4,2.14,6.89,1900-01-01 14:44:20,14:44:53,1,1,33,1,20,884,2,8.0,7.98,4.333333333333333,-4.0,15.42056074766355,0.2593939393939394
2,21.0,1.65,1900-01-01 14:44:31,14:45:04,5,1,33,2,37,884,2,4.0,6.89,4.666666666666667,-2.0,1.5714285714285714,1.2727272727272727
5,2.38,6.29,1900-01-01 14:45:29,14:46:02,2,1,33,1,20,885,2,2.0,1.65,3.6666666666666665,3.0,13.865546218487395,0.3606060606060606
1,0.0,0.8,1900-01-01 14:45:40,14:46:13,3,1,33,1,35,885,2,5.0,6.29,2.6666666666666665,-4.0,33.0,0.030303030303030304
4,6.0,5.02,1900-01-01 14:45:49,14:46:22,4,1,33,1,20,885,2,1.0,0.8,3.3333333333333335,3.0,5.5,0.7272727272727273
2,4.67,2.5,1900-01-01 14:46:52,14:47:25,1,1,33,1,23,886,2,4.0,5.02,2.3333333333333335,-2.0,7.0663811563169165,0.283030303030303
4,8.64,3.05,1900-01-01 14:47:03,14:47:36,5,1,33,2,34,887,2,2.0,2.5,3.3333333333333335,2.0,3.819444444444444,1.0472727272727274
1,0.0,1.85,1900-01-01 14:48:01,14:48:34,2,1,33,1,20,888,2,4.0,3.05,2.3333333333333335,-3.0,33.0,0.030303030303030304
0,0.0,0.02,1900-01-01 14:48:12,14:48:45,3,1,33,1,35,888,2,1.0,1.85,1.6666666666666667,-1.0,33.0,0.0
8,3.23,8.26,1900-01-01 14:48:21,14:48:54,4,1,33,1,20,888,2,0.0,0.02,3.0,8.0,10.21671826625387,0.783030303030303
7,4.19,7.04,1900-01-01 14:49:24,14:49:57,1,1,33,1,23,889,2,8.0,8.26,5.0,-1.0,7.875894988066825,0.8887878787878788
2,2.33,4.35,1900-01-01 14:49:35,14:50:08,5,1,33,1,20,889,2,7.0,7.04,5.666666666666667,-5.0,14.163090128755364,0.1412121212121212
6,3.72,12.63,1900-01-01 14:50:33,14:51:06,2,1,33,1,20,890,2,2.0,4.35,5.0,4.0,8.870967741935484,0.6763636363636364
0,0.0,0.06,1900-01-01 14:50:44,14:51:17,3,1,33,1,35,890,2,6.0,12.63,2.6666666666666665,-6.0,33.0,0.0
5,1.15,5.96,1900-01-01 14:50:53,14:51:26,4,1,33,1,20,890,2,0.0,0.06,3.6666666666666665,5.0,28.695652173913047,0.17424242424242423
3,14.54,1.63,1900-01-01 14:51:56,14:52:29,1,1,33,2,32,891,2,5.0,5.96,2.6666666666666665,-2.0,2.269601100412655,1.3218181818181818
0,0.0,4.35,1900-01-01 14:52:07,14:52:40,5,1,33,1,20,892,2,3.0,1.63,2.6666666666666665,-3.0,33.0,0.0
3,6.42,3.25,1900-01-01 14:53:05,14:53:38,2,1,33,1,20,893,2,0.0,4.35,2.0,3.0,5.140186915887851,0.5836363636363636
1,0.0,0.66,1900-01-01 14:53:16,14:53:49,3,1,33,1,35,893,2,3.0,3.25,1.3333333333333333,-2.0,33.0,0.030303030303030304
5,2.04,5.84,1900-01-01 14:53:25,14:53:58,4,1,33,1,20,893,2,1.0,0.66,3.0,4.0,16.176470588235293,0.3090909090909091
6,2.65,7.14,1900-01-01 14:54:28,14:55:01,1,1,33,1,23,894,2,5.0,5.84,4.0,1.0,12.452830188679245,0.4818181818181818
0,0.0,0.05,1900-01-01 14:54:39,14:55:12,5,1,33,1,20,894,2,6.0,7.14,3.6666666666666665,-6.0,33.0,0.0
3,3.04,2.84,1900-01-01 14:55:37,14:56:10,2,1,33,1,20,895,2,0.0,0.05,3.0,3.0,10.855263157894736,0.27636363636363637
5,2.1,4.05,1900-01-01 14:55:48,14:56:21,3,1,33,1,35,895,2,3.0,2.84,2.6666666666666665,2.0,15.714285714285714,0.3181818181818182
3,6.88,4.24,1900-01-01 14:55:57,14:56:30,4,1,33,2,20,895,2,5.0,4.05,3.6666666666666665,-2.0,4.796511627906977,0.6254545454545455
7,4.39,7.76,1900-01-01 14:57:00,14:57:33,1,1,33,1,23,897,2,3.0,4.24,5.0,4.0,7.517084282460138,0.931212121212121
6,2.05,8.66,1900-01-01 14:57:11,14:57:44,5,1,33,1,20,897,2,7.0,7.76,5.333333333333333,-1.0,16.097560975609756,0.37272727272727274
1,0.0,0.56,1900-01-01 14:58:09,14:58:42,2,1,33,1,20,898,2,6.0,8.66,4.666666666666667,-5.0,33.0,0.030303030303030304
1,0.0,0.47,1900-01-01 14:58:20,14:58:53,3,1,33,1,35,898,2,1.0,0.56,2.6666666666666665,0.0,33.0,0.030303030303030304
3,1.12,4.71,1900-01-01 14:58:29,14:59:02,4,1,33,1,20,898,2,1.0,0.47,1.6666666666666667,2.0,29.46428571428571,0.10181818181818182
3,7.04,2.33,1900-01-01 14:59:32,15:00:05,1,1,33,2,32,899,2,3.0,4.71,2.3333333333333335,0.0,4.6875,0.64
8,2.21,11.56,1900-01-01 14:59:43,15:00:16,5,1,33,0,35,899,2,3.0,2.33,4.666666666666667,5.0,14.93212669683258,0.5357575757575758
6,2.72,4.3,1900-01-01 15:00:41,15:01:14,2,1,33,1,20,900,2,8.0,11.56,5.666666666666667,-2.0,12.13235294117647,0.4945454545454546
4,2.03,1.95,1900-01-01 15:00:52,15:01:25,3,1,33,1,35,900,2,6.0,4.3,6.0,-2.0,16.256157635467982,0.24606060606060604
3,2.0,6.4,1900-01-01 15:01:01,15:01:34,4,1,33,1,20,901,2,4.0,1.95,4.333333333333333,-1.0,16.5,0.18181818181818182
5,2.48,7.41,1900-01-01 15:02:04,15:02:37,1,1,33,1,20,902,2,3.0,6.4,4.0,2.0,13.306451612903226,0.37575757575757573
4,2.89,3.22,1900-01-01 15:02:15,15:02:48,5,1,33,1,20,902,2,5.0,7.41,4.0,-1.0,11.418685121107266,0.3503030303030303
7,4.18,6.06,1900-01-01 15:03:13,15:03:46,2,1,33,1,20,903,2,4.0,3.22,5.333333333333333,3.0,7.894736842105264,0.8866666666666666
3,7.54,0.97,1900-01-01 15:03:24,15:03:57,3,1,33,2,22,903,2,7.0,6.06,4.666666666666667,-4.0,4.376657824933687,0.6854545454545454
4,7.19,4.92,1900-01-01 15:03:33,15:04:06,4,1,33,2,27,903,2,3.0,0.97,4.666666666666667,1.0,4.589707927677329,0.8715151515151516
5,3.42,4.84,1900-01-01 15:04:36,15:05:09,1,1,33,1,20,904,2,4.0,4.92,4.0,1.0,9.649122807017545,0.5181818181818182
5,3.58,4.22,1900-01-01 15:04:47,15:05:20,5,1,33,1,20,904,2,5.0,4.84,4.666666666666667,0.0,9.217877094972067,0.5424242424242424
4,5.86,2.6,1900-01-01 15:05:45,15:06:18,2,1,33,1,20,905,2,5.0,4.22,4.666666666666667,-1.0,5.631399317406143,0.7103030303030303
1,0.0,0.37,1900-01-01 15:05:56,15:06:29,3,1,33,1,35,905,2,4.0,2.6,3.3333333333333335,-3.0,33.0,0.030303030303030304
4,2.47,5.86,1900-01-01 15:06:05,15:06:38,4,1,33,1,20,906,2,1.0,0.37,3.0,3.0,13.360323886639675,0.29939393939393943
3,6.0,2.19,1900-01-01 15:07:08,15:07:41,1,1,33,1,20,907,2,4.0,5.86,2.6666666666666665,-1.0,5.5,0.5454545454545454
5,1.88,4.87,1900-01-01 15:07:19,15:07:52,5,1,33,1,20,907,2,3.0,2.19,4.0,2.0,17.5531914893617,0.28484848484848485
2,22.58,1.89,1900-01-01 15:08:17,15:08:50,2,1,33,2,40,908,2,5.0,4.87,3.3333333333333335,-3.0,1.4614703277236494,1.3684848484848484
0,0.0,0.12,1900-01-01 15:08:28,15:09:01,3,1,33,1,35,908,2,2.0,1.89,2.3333333333333335,-2.0,33.0,0.0
3,8.62,4.49,1900-01-01 15:08:37,15:09:10,4,1,33,2,27,908,2,0.0,0.12,1.6666666666666667,3.0,3.8283062645011605,0.7836363636363636
2,3.17,1.85,1900-01-01 15:09:40,15:10:13,1,1,33,1,20,909,2,3.0,4.49,1.6666666666666667,-1.0,10.410094637223976,0.1921212121212121
4,2.53,3.58,1900-01-01 15:09:51,15:10:24,5,1,33,1,20,909,2,2.0,1.85,3.0,2.0,13.043478260869566,0.30666666666666664
1,0.0,1.67,1900-01-01 15:10:49,15:11:22,2,1,33,1,20,910,2,4.0,3.58,2.3333333333333335,-3.0,33.0,0.030303030303030304
1,0.0,1.33,1900-01-01 15:11:00,15:11:33,3,1,33,1,35,911,2,1.0,1.67,2.0,0.0,33.0,0.030303030303030304
4,6.94,5.2,1900-01-01 15:11:09,15:11:42,4,1,33,2,27,911,2,1.0,1.33,2.0,3.0,4.7550432276657055,0.8412121212121213
6,1.75,4.04,1900-01-01 15:12:12,15:12:45,1,1,33,1,20,912,2,4.0,5.2,3.6666666666666665,2.0,18.857142857142858,0.3181818181818182
4,2.5,6.76,1900-01-01 15:12:23,15:12:56,5,1,33,1,20,912,2,6.0,4.04,4.666666666666667,-2.0,13.2,0.30303030303030304
3,2.38,1.71,1900-01-01 15:13:21,15:13:54,2,1,33,1,20,913,2,4.0,6.76,4.333333333333333,-1.0,13.865546218487395,0.21636363636363637
0,0.0,11.89,1900-01-01 15:13:32,15:14:05,3,1,33,1,35,913,2,3.0,1.71,2.3333333333333335,-3.0,33.0,0.0
3,3.33,6.8,1900-01-01 15:13:41,15:14:14,4,1,33,1,20,913,2,0.0,11.89,2.0,3.0,9.90990990990991,0.30272727272727273
7,2.26,6.78,1900-01-01 15:14:44,15:15:17,1,1,33,1,20,914,2,3.0,6.8,3.3333333333333335,4.0,14.601769911504427,0.4793939393939393
5,1.6,5.36,1900-01-01 15:14:55,15:15:28,5,1,33,1,20,914,2,7.0,6.78,5.0,-2.0,20.625,0.24242424242424243
0,0.0,0.14,1900-01-01 15:15:53,15:16:26,2,1,33,1,20,915,2,5.0,5.36,4.0,-5.0,33.0,0.0
0,0.0,1.23,1900-01-01 15:16:04,15:16:37,3,1,33,1,20,916,2,0.0,0.14,1.6666666666666667,0.0,33.0,0.0
3,2.5,5.06,1900-01-01 15:16:13,15:16:46,4,1,33,1,20,916,2,0.0,1.23,1.0,3.0,13.2,0.2272727272727273
9,1.49,12.21,1900-01-01 15:17:16,15:17:49,1,1,33,0,35,917,2,3.0,5.06,4.0,6.0,22.14765100671141,0.40636363636363637
3,2.58,1.82,1900-01-01 15:17:27,15:18:00,5,1,33,1,20,917,2,9.0,12.21,5.0,-6.0,12.790697674418604,0.23454545454545456
2,8.75,1.55,1900-01-01 15:18:25,15:18:58,2,1,33,2,18,918,2,3.0,1.82,4.666666666666667,-1.0,3.7714285714285714,0.5303030303030303
0,0.0,0.01,1900-01-01 15:18:36,15:19:09,3,1,33,1,20,918,2,2.0,1.55,1.6666666666666667,-2.0,33.0,0.0
3,1.67,4.22,1900-01-01 15:18:45,15:19:18,4,1,33,1,20,918,2,0.0,0.01,1.6666666666666667,3.0,19.76047904191617,0.1518181818181818
8,2.61,9.56,1900-01-01 15:19:48,15:20:21,1,1,33,0,35,919,2,3.0,4.22,3.6666666666666665,5.0,12.64367816091954,0.6327272727272727
2,0.0,1.37,1900-01-01 15:19:59,15:20:32,5,1,33,1,20,919,2,8.0,9.56,4.333333333333333,-6.0,33.0,0.06060606060606061
3,2.75,2.2,1900-01-01 15:20:57,15:21:30,2,1,33,1,20,920,2,2.0,1.37,4.333333333333333,1.0,12.0,0.25
4,2.11,2.66,1900-01-01 15:21:08,15:21:41,3,1,33,1,20,921,2,3.0,2.2,3.0,1.0,15.639810426540285,0.25575757575757574
7,1.86,6.87,1900-01-01 15:21:17,15:21:50,4,1,33,1,20,921,2,4.0,2.66,4.666666666666667,3.0,17.741935483870968,0.39454545454545453
3,15.0,3.55,1900-01-01 15:22:20,15:22:53,1,1,33,2,40,922,2,7.0,6.87,4.666666666666667,-4.0,2.2,1.3636363636363635
4,1.89,2.64,1900-01-01 15:22:31,15:23:04,5,1,33,1,20,922,2,3.0,3.55,4.666666666666667,1.0,17.460317460317462,0.22909090909090907
2,3.42,2.57,1900-01-01 15:23:29,15:24:02,2,1,33,1,20,923,2,4.0,2.64,3.0,-2.0,9.649122807017545,0.20727272727272725
1,0.0,0.5,1900-01-01 15:23:40,15:24:13,3,1,33,1,20,923,2,2.0,2.57,2.3333333333333335,-1.0,33.0,0.030303030303030304
1,0.0,2.23,1900-01-01 15:23:49,15:24:22,4,1,33,1,20,923,2,1.0,0.5,1.3333333333333333,0.0,33.0,0.030303030303030304
5,3.83,7.69,1900-01-01 15:24:52,15:25:25,1,1,33,1,23,924,2,1.0,2.23,2.3333333333333335,4.0,8.616187989556135,0.5803030303030303
0,0.0,1.34,1900-01-01 15:25:03,15:25:36,5,1,33,1,20,925,2,5.0,7.69,2.0,-5.0,33.0,0.0
0,0.0,2.9,1900-01-01 15:26:01,15:26:34,2,1,33,1,20,926,2,0.0,1.34,1.6666666666666667,0.0,33.0,0.0
5,5.19,4.44,1900-01-01 15:26:12,15:26:45,3,1,33,1,20,926,2,0.0,2.9,1.6666666666666667,5.0,6.358381502890173,0.7863636363636365
3,2.62,4.63,1900-01-01 15:26:21,15:26:54,4,1,33,1,20,926,2,5.0,4.44,2.6666666666666665,-2.0,12.595419847328245,0.2381818181818182
5,4.88,5.68,1900-01-01 15:27:24,15:27:57,1,1,33,1,23,927,2,3.0,4.63,4.333333333333333,2.0,6.762295081967213,0.7393939393939394
7,3.28,4.59,1900-01-01 15:27:35,15:28:08,5,1,33,1,20,927,2,5.0,5.68,5.0,2.0,10.060975609756099,0.6957575757575757
5,1.25,7.11,1900-01-01 15:28:33,15:29:06,2,1,33,1,20,928,2,7.0,4.59,5.666666666666667,-2.0,26.4,0.1893939393939394
3,1.46,0.77,1900-01-01 15:28:44,15:29:17,3,1,33,1,20,928,2,5.0,7.11,5.0,-2.0,22.602739726027398,0.13272727272727272
2,0.75,2.88,1900-01-01 15:28:53,15:29:26,4,1,33,1,20,928,2,3.0,0.77,3.3333333333333335,-1.0,44.0,0.045454545454545456
9,3.85,14.38,1900-01-01 15:29:56,15:30:29,1,1,33,0,35,929,2,2.0,2.88,4.666666666666667,7.0,8.571428571428571,1.05
7,4.51,7.47,1900-01-01 15:30:07,15:30:40,5,1,33,1,20,930,2,9.0,14.38,6.0,-2.0,7.317073170731708,0.9566666666666667
6,1.85,4.14,1900-01-01 15:31:05,15:31:38,2,1,33,1,20,931,2,7.0,7.47,7.333333333333333,-1.0,17.83783783783784,0.33636363636363636
2,6.75,1.43,1900-01-01 15:31:16,15:31:49,3,1,33,2,14,931,2,6.0,4.14,5.0,-4.0,4.888888888888889,0.40909090909090906
6,4.83,8.32,1900-01-01 15:31:25,15:31:58,4,1,33,1,20,931,2,2.0,1.43,4.666666666666667,4.0,6.832298136645963,0.8781818181818182
1,0.0,0.52,1900-01-01 15:32:28,15:33:01,1,1,33,1,20,932,2,6.0,8.32,3.0,-5.0,33.0,0.030303030303030304
5,2.42,4.1,1900-01-01 15:32:39,15:33:12,5,1,33,1,20,932,2,1.0,0.52,4.0,4.0,13.636363636363637,0.36666666666666664
6,2.3,6.64,1900-01-01 15:33:37,15:34:10,2,1,33,1,20,933,2,5.0,4.1,4.0,1.0,14.347826086956523,0.41818181818181815
2,3.6,6.28,1900-01-01 15:33:48,15:34:21,3,1,33,1,20,933,2,6.0,6.64,4.333333333333333,-4.0,9.166666666666666,0.2181818181818182
7,3.08,8.41,1900-01-01 15:33:57,15:34:30,4,1,33,1,20,933,2,2.0,6.28,5.0,5.0,10.714285714285714,0.6533333333333334
4,4.42,3.13,1900-01-01 15:35:00,15:35:33,1,1,33,1,20,935,2,7.0,8.41,4.333333333333333,-3.0,7.46606334841629,0.5357575757575758
5,1.15,2.96,1900-01-01 15:35:11,15:35:44,5,1,33,1,20,935,2,4.0,3.13,5.333333333333333,1.0,28.695652173913047,0.17424242424242423
6,3.97,7.63,1900-01-01 15:36:09,15:36:42,2,1,33,1,20,936,2,5.0,2.96,5.0,1.0,8.312342569269521,0.7218181818181818
5,2.44,13.92,1900-01-01 15:36:20,15:36:53,3,1,33,1,20,936,2,6.0,7.63,5.333333333333333,-1.0,13.524590163934427,0.3696969696969697
7,3.9,14.41,1900-01-01 15:36:29,15:37:02,4,1,33,0,35,936,2,5.0,13.92,6.0,2.0,8.461538461538462,0.8272727272727273
3,4.0,2.5,1900-01-01 15:37:32,15:38:05,1,1,33,1,20,937,2,7.0,14.41,5.0,-4.0,8.25,0.36363636363636365
2,27.17,1.23,1900-01-01 15:37:43,15:38:16,5,1,33,2,40,937,2,3.0,2.5,4.0,-1.0,1.214574898785425,1.6466666666666667
9,3.42,11.36,1900-01-01 15:38:41,15:39:14,2,1,33,0,36,938,2,2.0,1.23,4.666666666666667,7.0,9.649122807017545,0.9327272727272726
2,3.86,4.09,1900-01-01 15:38:52,15:39:25,3,1,33,1,20,938,2,9.0,11.36,4.333333333333333,-7.0,8.549222797927461,0.23393939393939395
4,2.25,5.28,1900-01-01 15:39:01,15:39:34,4,1,33,1,20,939,2,2.0,4.09,5.0,2.0,14.666666666666666,0.27272727272727276
1,0.0,0.69,1900-01-01 15:40:04,15:40:37,1,1,33,1,20,940,2,4.0,5.28,2.3333333333333335,-3.0,33.0,0.030303030303030304
5,2.23,7.21,1900-01-01 15:40:15,15:40:48,5,1,33,1,20,940,2,1.0,0.69,3.3333333333333335,4.0,14.798206278026907,0.33787878787878783
7,3.22,5.55,1900-01-01 15:41:13,15:41:46,2,1,33,1,20,941,2,5.0,7.21,4.333333333333333,2.0,10.248447204968944,0.6830303030303031
4,4.97,12.03,1900-01-01 15:41:24,15:41:57,3,1,33,1,20,941,2,7.0,5.55,5.333333333333333,-3.0,6.639839034205232,0.6024242424242424
5,2.4,6.36,1900-01-01 15:41:33,15:42:06,4,1,33,1,20,941,2,4.0,12.03,5.333333333333333,1.0,13.75,0.36363636363636365
2,3.25,1.08,1900-01-01 15:42:36,15:43:09,1,1,33,1,20,942,2,5.0,6.36,3.6666666666666665,-3.0,10.153846153846153,0.196969696969697
6,3.09,17.14,1900-01-01 15:42:47,15:43:20,5,1,33,0,35,942,2,2.0,1.08,4.333333333333333,4.0,10.679611650485437,0.5618181818181818
4,2.69,3.72,1900-01-01 15:43:45,15:44:18,2,1,33,1,20,943,2,6.0,17.14,4.0,-2.0,12.267657992565056,0.32606060606060605
4,4.86,10.11,1900-01-01 15:43:56,15:44:29,3,1,33,1,20,943,2,4.0,3.72,4.666666666666667,0.0,6.790123456790123,0.5890909090909091
8,2.88,11.36,1900-01-01 15:44:05,15:44:38,4,1,33,0,35,944,2,4.0,10.11,5.333333333333333,4.0,11.458333333333334,0.6981818181818181
3,2.83,4.69,1900-01-01 15:45:08,15:45:41,1,1,33,1,20,945,2,8.0,11.36,5.0,-5.0,11.66077738515901,0.25727272727272726
2,4.76,5.41,1900-01-01 15:45:19,15:45:52,5,1,33,1,20,945,2,3.0,4.69,4.333333333333333,-1.0,6.932773109243698,0.28848484848484846
2,3.25,3.82,1900-01-01 15:46:17,15:46:50,2,1,33,1,20,946,2,2.0,5.41,2.3333333333333335,0.0,10.153846153846153,0.196969696969697
4,4.74,10.27,1900-01-01 15:46:28,15:47:01,3,1,33,1,20,946,2,2.0,3.82,2.6666666666666665,2.0,6.962025316455696,0.5745454545454546
6,1.83,7.15,1900-01-01 15:46:37,15:47:10,4,1,33,1,20,946,2,4.0,10.27,4.0,2.0,18.0327868852459,0.33272727272727276
1,0.0,0.65,1900-01-01 15:47:40,15:48:13,1,1,33,1,20,947,2,6.0,7.15,3.6666666666666665,-5.0,33.0,0.030303030303030304
2,3.69,6.15,1900-01-01 15:47:51,15:48:24,5,1,33,1,20,947,2,1.0,0.65,3.0,1.0,8.94308943089431,0.22363636363636363
4,2.53,2.58,1900-01-01 15:48:49,15:49:22,2,1,33,1,20,948,2,2.0,6.15,2.3333333333333335,2.0,13.043478260869566,0.30666666666666664
4,4.42,11.69,1900-01-01 15:49:00,15:49:33,3,1,33,1,20,949,2,4.0,2.58,3.3333333333333335,0.0,7.46606334841629,0.5357575757575758
3,3.33,3.24,1900-01-01 15:49:09,15:49:42,4,1,33,1,20,949,2,4.0,11.69,3.6666666666666665,-1.0,9.90990990990991,0.30272727272727273
8,3.9,9.1,1900-01-01 15:50:12,15:50:45,1,1,33,1,20,950,2,3.0,3.24,5.0,5.0,8.461538461538462,0.9454545454545454
5,2.88,12.19,1900-01-01 15:50:23,15:50:56,5,1,33,1,20,950,2,8.0,9.1,5.333333333333333,-3.0,11.458333333333334,0.43636363636363634
5,3.48,3.51,1900-01-01 15:51:21,15:51:54,2,1,33,1,20,951,2,5.0,12.19,6.0,0.0,9.482758620689655,0.5272727272727273
6,2.42,16.51,1900-01-01 15:51:32,15:52:05,3,1,33,0,35,951,2,5.0,3.51,5.333333333333333,1.0,13.636363636363637,0.44
7,1.71,8.12,1900-01-01 15:51:41,15:52:14,4,1,33,1,20,951,2,6.0,16.51,6.0,1.0,19.29824561403509,0.3627272727272727
2,1.58,3.5,1900-01-01 15:52:44,15:53:17,1,1,33,1,20,952,2,7.0,8.12,5.0,-5.0,20.886075949367086,0.09575757575757576
4,4.77,11.69,1900-01-01 15:52:55,15:53:28,5,1,33,1,20,952,2,2.0,3.5,4.333333333333333,2.0,6.918238993710692,0.5781818181818181
3,2.33,2.24,1900-01-01 15:53:53,15:54:26,2,1,33,1,20,953,2,4.0,11.69,3.0,-1.0,14.163090128755364,0.21181818181818182
4,4.52,10.59,1900-01-01 15:54:04,15:54:37,3,1,33,1,20,954,2,3.0,2.24,3.6666666666666665,1.0,7.300884955752213,0.5478787878787879
3,5.23,8.57,1900-01-01 15:54:13,15:54:46,4,1,33,1,20,954,2,4.0,10.59,3.3333333333333335,-1.0,6.309751434034417,0.47545454545454546
2,3.17,1.55,1900-01-01 15:55:16,15:55:49,1,1,33,1,20,955,2,3.0,8.57,3.0,-1.0,10.410094637223976,0.1921212121212121
4,3.58,9.35,1900-01-01 15:55:27,15:56:00,5,1,33,1,20,955,2,2.0,1.55,3.0,2.0,9.217877094972067,0.43393939393939396
7,2.14,5.36,1900-01-01 15:56:25,15:56:58,2,1,33,1,20,956,2,4.0,9.35,4.333333333333333,3.0,15.42056074766355,0.453939393939394
2,3.6,4.89,1900-01-01 15:56:36,15:57:09,3,1,33,1,20,956,2,7.0,5.36,4.333333333333333,-5.0,9.166666666666666,0.2181818181818182
4,4.11,10.03,1900-01-01 15:56:45,15:57:18,4,1,33,1,20,956,2,2.0,4.89,4.333333333333333,2.0,8.02919708029197,0.4981818181818182
2,3.95,5.32,1900-01-01 15:57:48,15:58:21,1,1,33,1,20,957,2,4.0,10.03,2.6666666666666665,-2.0,8.354430379746836,0.23939393939393938
6,2.84,15.52,1900-01-01 15:57:59,15:58:32,5,1,33,0,35,957,2,2.0,5.32,4.0,4.0,11.619718309859156,0.5163636363636364
2,3.62,4.94,1900-01-01 15:58:57,15:59:30,2,1,33,1,20,958,2,6.0,15.52,3.3333333333333335,-4.0,9.116022099447514,0.2193939393939394
5,3.31,13.0,1900-01-01 15:59:08,15:59:41,3,1,33,1,20,959,2,2.0,4.94,4.333333333333333,3.0,9.969788519637461,0.5015151515151516
6,2.55,14.52,1900-01-01 15:59:17,15:59:50,4,1,33,0,35,959,2,5.0,13.0,4.333333333333333,1.0,12.941176470588236,0.4636363636363636
3,4.18,6.96,1900-01-01 07:59:31,08:00:04,2,2,33,1,20,479,1,0.0,0.0,3.0,0.0,7.894736842105264,0.37999999999999995
4,5.67,5.88,1900-01-01 07:59:42,08:00:15,3,2,33,1,24,479,1,3.0,6.96,3.5,1.0,5.8201058201058204,0.6872727272727273
3,1.9,7.46,1900-01-01 07:59:51,08:00:24,4,2,33,1,20,479,1,4.0,5.88,3.3333333333333335,-1.0,17.36842105263158,0.17272727272727273
4,2.8,9.68,1900-01-01 08:00:54,08:01:27,1,2,33,1,20,480,1,3.0,7.46,3.6666666666666665,1.0,11.785714285714286,0.33939393939393936
7,4.43,20.09,1900-01-01 08:01:05,08:01:38,5,2,33,0,35,481,1,4.0,9.68,4.666666666666667,3.0,7.44920993227991,0.9396969696969697
3,1.87,6.9,1900-01-01 08:02:03,08:02:36,2,2,33,1,20,482,1,7.0,20.09,4.666666666666667,-4.0,17.64705882352941,0.17
7,2.68,9.49,1900-01-01 08:02:14,08:02:47,3,2,33,1,20,482,1,3.0,6.9,5.666666666666667,4.0,12.313432835820894,0.5684848484848486
10,2.57,19.54,1900-01-01 08:02:23,08:02:56,4,2,33,0,35,482,1,7.0,9.49,6.666666666666667,3.0,12.84046692607004,0.7787878787878788
8,1.28,19.39,1900-01-01 08:03:26,08:03:59,1,2,33,0,35,483,1,10.0,19.54,8.333333333333334,-2.0,25.78125,0.3103030303030303
3,3.83,22.73,1900-01-01 08:03:37,08:04:10,5,2,33,0,35,483,1,8.0,19.39,7.0,-5.0,8.616187989556135,0.3481818181818182
2,2.61,4.26,1900-01-01 08:04:35,08:05:08,2,2,33,1,20,484,1,3.0,22.73,4.333333333333333,-1.0,12.64367816091954,0.15818181818181817
7,2.15,10.47,1900-01-01 08:04:46,08:05:19,3,2,33,1,20,484,1,2.0,4.26,4.0,5.0,15.348837209302326,0.45606060606060606
1,0.0,6.3,1900-01-01 08:04:55,08:05:28,4,2,33,1,33,484,1,7.0,10.47,3.3333333333333335,-6.0,33.0,0.030303030303030304
5,4.06,12.17,1900-01-01 08:05:58,08:06:31,1,2,33,1,20,485,1,1.0,6.3,4.333333333333333,4.0,8.128078817733991,0.6151515151515151
7,2.21,17.29,1900-01-01 08:06:09,08:06:42,5,2,33,0,35,486,1,5.0,12.17,4.333333333333333,2.0,14.93212669683258,0.46878787878787875
7,3.37,17.45,1900-01-01 08:07:07,08:07:40,2,2,33,0,35,487,1,7.0,17.29,6.333333333333333,0.0,9.792284866468842,0.714848484848485
6,1.3,9.88,1900-01-01 08:07:18,08:07:51,3,2,33,1,20,487,1,7.0,17.45,6.666666666666667,-1.0,25.384615384615383,0.2363636363636364
8,1.64,19.71,1900-01-01 08:07:27,08:08:00,4,2,33,0,35,487,1,6.0,9.88,7.0,2.0,20.121951219512198,0.3975757575757575
4,2.85,10.21,1900-01-01 08:08:30,08:09:03,1,2,33,1,20,488,1,8.0,19.71,6.0,-4.0,11.578947368421053,0.34545454545454546
2,1.26,17.2,1900-01-01 08:08:41,08:09:14,5,2,33,1,20,488,1,4.0,10.21,4.666666666666667,-2.0,26.19047619047619,0.07636363636363637
9,1.44,22.06,1900-01-01 08:09:39,08:10:12,2,2,33,0,35,489,1,2.0,17.2,5.0,7.0,22.916666666666668,0.3927272727272727
4,4.22,6.22,1900-01-01 08:09:50,08:10:23,3,2,33,1,20,489,1,9.0,22.06,5.0,-5.0,7.819905213270142,0.5115151515151515
1,0.0,3.16,1900-01-01 08:09:59,08:10:32,4,2,33,1,33,489,1,4.0,6.22,4.666666666666667,-3.0,33.0,0.030303030303030304
8,3.56,21.23,1900-01-01 08:11:02,08:11:35,1,2,33,0,35,491,1,1.0,3.16,4.333333333333333,7.0,9.269662921348315,0.8630303030303029
3,1.24,8.39,1900-01-01 08:11:13,08:11:46,5,2,33,1,20,491,1,8.0,21.23,4.0,-5.0,26.612903225806452,0.11272727272727273
7,4.46,18.88,1900-01-01 08:12:11,08:12:44,2,2,33,0,35,492,1,3.0,8.39,6.0,4.0,7.399103139013453,0.946060606060606
2,13.33,4.92,1900-01-01 08:12:22,08:12:55,3,2,33,2,26,492,1,7.0,18.88,4.0,-5.0,2.4756189047261814,0.807878787878788
3,7.33,6.16,1900-01-01 08:12:31,08:13:04,4,2,33,2,22,492,1,2.0,4.92,4.0,1.0,4.502046384720328,0.6663636363636364
8,2.38,19.96,1900-01-01 08:13:34,08:14:07,1,2,33,0,35,493,1,3.0,6.16,4.333333333333333,5.0,13.865546218487395,0.5769696969696969
8,2.94,20.01,1900-01-01 08:13:45,08:14:18,5,2,33,0,35,493,1,8.0,19.96,6.333333333333333,0.0,11.224489795918368,0.7127272727272727
6,3.02,14.65,1900-01-01 08:14:43,08:15:16,2,2,33,0,35,494,1,8.0,20.01,7.333333333333333,-2.0,10.927152317880795,0.5490909090909091
7,2.47,15.36,1900-01-01 08:14:54,08:15:27,3,2,33,0,35,494,1,6.0,14.65,7.0,1.0,13.360323886639675,0.523939393939394
2,2.67,3.51,1900-01-01 08:15:03,08:15:36,4,2,33,1,20,495,1,7.0,15.36,5.0,-5.0,12.359550561797754,0.1618181818181818
9,2.23,25.28,1900-01-01 08:16:06,08:16:39,1,2,33,0,35,496,1,2.0,3.51,6.0,7.0,14.798206278026907,0.6081818181818182
5,1.66,13.84,1900-01-01 08:16:17,08:16:50,5,2,33,1,20,496,1,9.0,25.28,5.333333333333333,-4.0,19.87951807228916,0.25151515151515147
4,2.42,9.8,1900-01-01 08:17:15,08:17:48,2,2,33,1,20,497,1,5.0,13.84,6.0,-1.0,13.636363636363637,0.29333333333333333
6,3.05,13.61,1900-01-01 08:17:26,08:17:59,3,2,33,0,35,497,1,4.0,9.8,5.0,2.0,10.819672131147541,0.5545454545454546
7,1.99,13.22,1900-01-01 08:17:35,08:18:08,4,2,33,0,35,497,1,6.0,13.61,5.666666666666667,1.0,16.582914572864322,0.4221212121212121
9,4.37,24.09,1900-01-01 08:18:38,08:19:11,1,2,33,0,35,498,1,7.0,13.22,7.333333333333333,2.0,7.551487414187643,1.1918181818181819
8,2.02,21.86,1900-01-01 08:18:49,08:19:22,5,2,33,0,35,498,1,9.0,24.09,8.0,-1.0,16.336633663366335,0.48969696969696974
6,1.58,15.52,1900-01-01 08:19:47,08:20:20,2,2,33,0,35,499,1,8.0,21.86,7.666666666666667,-2.0,20.886075949367086,0.2872727272727273
5,7.08,6.73,1900-01-01 08:19:58,08:20:31,3,2,33,2,35,499,1,6.0,15.52,6.333333333333333,-1.0,4.661016949152542,1.0727272727272728
4,2.58,6.45,1900-01-01 08:20:07,08:20:40,4,2,33,1,20,500,1,5.0,6.73,5.0,-1.0,12.790697674418604,0.31272727272727274
8,3.24,22.6,1900-01-01 08:21:10,08:21:43,1,2,33,0,35,501,1,4.0,6.45,5.666666666666667,4.0,10.185185185185185,0.7854545454545454
5,1.95,12.52,1900-01-01 08:21:21,08:21:54,5,2,33,1,20,501,1,8.0,22.6,5.666666666666667,-3.0,16.923076923076923,0.29545454545454547
2,3.73,6.1,1900-01-01 08:22:19,08:22:52,2,2,33,1,20,502,1,5.0,12.52,5.0,-3.0,8.847184986595174,0.22606060606060607
5,1.75,8.19,1900-01-01 08:22:30,08:23:03,3,2,33,1,20,502,1,2.0,6.1,4.0,3.0,18.857142857142858,0.26515151515151514
6,1.82,12.91,1900-01-01 08:22:39,08:23:12,4,2,33,1,20,502,1,5.0,8.19,4.333333333333333,1.0,18.13186813186813,0.33090909090909093
4,4.15,8.9,1900-01-01 08:23:42,08:24:15,1,2,33,1,20,503,1,6.0,12.91,5.0,-2.0,7.951807228915662,0.503030303030303
5,1.55,11.38,1900-01-01 08:23:53,08:24:26,5,2,33,1,20,503,1,4.0,8.9,5.0,1.0,21.29032258064516,0.23484848484848486
5,1.5,12.31,1900-01-01 08:24:51,08:25:24,2,2,33,1,20,504,1,5.0,11.38,4.666666666666667,0.0,22.0,0.22727272727272727
6,4.07,10.12,1900-01-01 08:25:02,08:25:35,3,2,33,1,20,505,1,5.0,12.31,5.333333333333333,1.0,8.108108108108107,0.7400000000000001
7,1.56,12.0,1900-01-01 08:25:11,08:25:44,4,2,33,0,35,505,1,6.0,10.12,6.0,1.0,21.153846153846153,0.33090909090909093
6,3.09,16.36,1900-01-01 08:26:14,08:26:47,1,2,33,0,35,506,1,7.0,12.0,6.333333333333333,-1.0,10.679611650485437,0.5618181818181818
7,1.32,17.43,1900-01-01 08:26:25,08:26:58,5,2,33,0,35,506,1,6.0,16.36,6.666666666666667,1.0,25.0,0.28
2,2.83,4.9,1900-01-01 08:27:23,08:27:56,2,2,33,1,20,507,1,7.0,17.43,5.0,-5.0,11.66077738515901,0.17151515151515154
6,5.47,14.44,1900-01-01 08:27:34,08:28:07,3,2,33,0,35,507,1,2.0,4.9,5.0,4.0,6.032906764168191,0.9945454545454545
5,2.67,13.94,1900-01-01 08:27:43,08:28:16,4,2,33,1,20,507,1,6.0,14.44,4.333333333333333,-1.0,12.359550561797754,0.40454545454545454
4,1.95,10.55,1900-01-01 08:28:46,08:29:19,1,2,33,1,20,508,1,5.0,13.94,5.0,-1.0,16.923076923076923,0.23636363636363636
3,12.71,4.56,1900-01-01 08:28:57,08:29:30,5,2,33,2,37,508,1,4.0,10.55,4.0,-1.0,2.5963808025177024,1.1554545454545455
4,2.17,9.08,1900-01-01 08:29:55,08:30:28,2,2,33,1,20,509,1,3.0,4.56,3.6666666666666665,1.0,15.207373271889402,0.263030303030303
5,3.27,7.83,1900-01-01 08:30:06,08:30:39,3,2,33,1,20,510,1,4.0,9.08,4.0,1.0,10.091743119266056,0.4954545454545454
8,2.08,14.12,1900-01-01 08:30:15,08:30:48,4,2,33,0,35,510,1,5.0,7.83,5.666666666666667,3.0,15.865384615384615,0.5042424242424243
2,2.75,5.61,1900-01-01 08:31:18,08:31:51,1,2,33,1,20,511,1,8.0,14.12,5.0,-6.0,12.0,0.16666666666666666
1,0.0,3.83,1900-01-01 08:31:29,08:32:02,5,2,33,1,20,511,1,2.0,5.61,3.6666666666666665,-1.0,33.0,0.030303030303030304
7,3.69,17.41,1900-01-01 08:32:27,08:33:00,2,2,33,0,35,512,1,1.0,3.83,3.3333333333333335,6.0,8.94308943089431,0.7827272727272727
6,1.7,9.28,1900-01-01 08:32:38,08:33:11,3,2,33,1,20,512,1,7.0,17.41,4.666666666666667,-1.0,19.411764705882355,0.3090909090909091
4,2.97,11.51,1900-01-01 08:32:47,08:33:20,4,2,33,1,20,512,1,6.0,9.28,5.666666666666667,-2.0,11.11111111111111,0.36
3,4.14,7.82,1900-01-01 08:33:50,08:34:23,1,2,33,1,20,513,1,4.0,11.51,4.333333333333333,-1.0,7.971014492753624,0.37636363636363634
2,20.5,3.19,1900-01-01 08:34:01,08:34:34,5,2,33,2,40,514,1,3.0,7.82,3.0,-1.0,1.6097560975609757,1.2424242424242424
7,2.25,18.31,1900-01-01 08:34:59,08:35:32,2,2,33,0,35,514,1,2.0,3.19,4.0,5.0,14.666666666666666,0.4772727272727273
4,8.78,5.7,1900-01-01 08:35:10,08:35:43,3,2,33,2,31,515,1,7.0,18.31,4.333333333333333,-3.0,3.758542141230069,1.0642424242424242
4,3.42,6.83,1900-01-01 08:35:19,08:35:52,4,2,33,1,20,515,1,4.0,5.7,5.0,0.0,9.649122807017545,0.4145454545454545
8,1.31,21.71,1900-01-01 08:36:22,08:36:55,1,2,33,0,35,516,1,4.0,6.83,5.333333333333333,4.0,25.19083969465649,0.31757575757575757
6,2.38,10.99,1900-01-01 08:36:33,08:37:06,5,2,33,1,20,516,1,8.0,21.71,6.0,-2.0,13.865546218487395,0.43272727272727274
5,4.38,14.33,1900-01-01 08:37:31,08:38:04,2,2,33,1,21,517,1,6.0,10.99,6.333333333333333,-1.0,7.534246575342466,0.6636363636363637
4,7.11,6.36,1900-01-01 08:37:42,08:38:15,3,2,33,2,31,517,1,5.0,14.33,5.0,-1.0,4.641350210970464,0.8618181818181818
3,1.21,6.21,1900-01-01 08:37:51,08:38:24,4,2,33,1,20,517,1,4.0,6.36,4.0,-1.0,27.272727272727273,0.11
5,2.24,13.34,1900-01-01 08:38:54,08:39:27,1,2,33,1,20,518,1,3.0,6.21,4.0,2.0,14.732142857142856,0.3393939393939394
5,2.69,12.79,1900-01-01 08:39:05,08:39:38,5,2,33,1,20,519,1,5.0,13.34,4.333333333333333,0.0,12.267657992565056,0.4075757575757576
6,1.12,15.67,1900-01-01 08:40:03,08:40:36,2,2,33,0,35,520,1,5.0,12.79,5.333333333333333,1.0,29.46428571428571,0.20363636363636364
6,3.85,6.1,1900-01-01 08:40:14,08:40:47,3,2,33,1,20,520,1,6.0,15.67,5.666666666666667,0.0,8.571428571428571,0.7000000000000001
3,1.62,7.95,1900-01-01 08:40:23,08:40:56,4,2,33,1,20,520,1,6.0,6.1,5.0,-3.0,20.37037037037037,0.14727272727272728
3,1.41,7.24,1900-01-01 08:41:26,08:41:59,1,2,33,1,20,521,1,3.0,7.95,4.0,0.0,23.404255319148938,0.12818181818181817
6,4.67,9.27,1900-01-01 08:41:37,08:42:10,5,2,33,1,20,521,1,3.0,7.24,4.0,3.0,7.0663811563169165,0.8490909090909091
5,3.64,13.76,1900-01-01 08:42:35,08:43:08,2,2,33,1,21,522,1,6.0,9.27,4.666666666666667,-1.0,9.065934065934066,0.5515151515151515
8,2.13,12.85,1900-01-01 08:42:46,08:43:19,3,2,33,0,35,522,1,5.0,13.76,6.333333333333333,3.0,15.492957746478874,0.5163636363636364
4,5.42,6.08,1900-01-01 08:42:55,08:43:28,4,2,33,1,20,522,1,8.0,12.85,5.666666666666667,-4.0,6.088560885608856,0.656969696969697
7,3.92,18.41,1900-01-01 08:43:58,08:44:31,1,2,33,0,35,523,1,4.0,6.08,6.333333333333333,3.0,8.418367346938776,0.8315151515151514
3,4.38,5.3,1900-01-01 08:44:09,08:44:42,5,2,33,1,20,524,1,7.0,18.41,4.666666666666667,-4.0,7.534246575342466,0.3981818181818182
4,0.86,8.01,1900-01-01 08:45:07,08:45:40,2,2,33,1,20,525,1,3.0,5.3,4.666666666666667,1.0,38.372093023255815,0.10424242424242425
3,4.38,7.35,1900-01-01 08:45:18,08:45:51,3,2,33,1,20,525,1,4.0,8.01,3.3333333333333335,-1.0,7.534246575342466,0.3981818181818182
10,2.7,28.04,1900-01-01 08:45:27,08:46:00,4,2,33,0,35,525,1,3.0,7.35,5.666666666666667,7.0,12.222222222222221,0.8181818181818182
4,1.61,9.69,1900-01-01 08:46:30,08:47:03,1,2,33,1,20,526,1,10.0,28.04,5.666666666666667,-6.0,20.496894409937887,0.19515151515151516
7,3.81,12.63,1900-01-01 08:46:41,08:47:14,5,2,33,0,35,526,1,4.0,9.69,7.0,3.0,8.661417322834646,0.8081818181818181
1,0.0,4.29,1900-01-01 08:47:39,08:48:12,2,2,33,1,20,527,1,7.0,12.63,4.0,-6.0,33.0,0.030303030303030304
4,5.08,7.88,1900-01-01 08:47:50,08:48:23,3,2,33,1,20,527,1,1.0,4.29,4.0,3.0,6.496062992125984,0.6157575757575757
8,1.99,17.37,1900-01-01 08:47:59,08:48:32,4,2,33,0,35,527,1,4.0,7.88,4.333333333333333,4.0,16.582914572864322,0.4824242424242424
2,4.03,5.94,1900-01-01 08:49:02,08:49:35,1,2,33,1,20,529,1,8.0,17.37,4.666666666666667,-6.0,8.188585607940446,0.24424242424242426
4,2.25,13.2,1900-01-01 08:49:13,08:49:46,5,2,33,1,20,529,1,2.0,5.94,4.666666666666667,2.0,14.666666666666666,0.27272727272727276
4,1.97,10.77,1900-01-01 08:50:11,08:50:44,2,2,33,1,20,530,1,4.0,13.2,3.3333333333333335,0.0,16.751269035532996,0.23878787878787877
2,2.33,2.71,1900-01-01 08:50:22,08:50:55,3,2,33,1,20,530,1,4.0,10.77,3.3333333333333335,-2.0,14.163090128755364,0.1412121212121212
5,1.73,16.86,1900-01-01 08:50:31,08:51:04,4,2,33,0,35,530,1,2.0,2.71,3.6666666666666665,3.0,19.07514450867052,0.26212121212121214
5,2.27,12.87,1900-01-01 08:51:34,08:52:07,1,2,33,1,20,531,1,5.0,16.86,4.0,0.0,14.537444933920705,0.34393939393939393
3,3.08,19.32,1900-01-01 08:51:45,08:52:18,5,2,33,1,20,531,1,5.0,12.87,4.333333333333333,-2.0,10.714285714285714,0.28
4,2.03,7.91,1900-01-01 08:52:43,08:53:16,2,2,33,1,20,532,1,3.0,19.32,4.0,1.0,16.256157635467982,0.24606060606060604
3,2.96,7.16,1900-01-01 08:52:54,08:53:27,3,2,33,1,20,532,1,4.0,7.91,3.3333333333333335,-1.0,11.14864864864865,0.2690909090909091
10,2.35,13.57,1900-01-01 08:53:03,08:53:36,4,2,33,0,35,533,1,3.0,7.16,5.666666666666667,7.0,14.042553191489361,0.7121212121212122
2,3.24,5.91,1900-01-01 08:54:06,08:54:39,1,2,33,1,20,534,1,10.0,13.57,5.0,-8.0,10.185185185185185,0.19636363636363635
2,8.17,2.7,1900-01-01 08:54:17,08:54:50,5,2,33,2,17,534,1,2.0,5.91,4.666666666666667,0.0,4.039167686658507,0.4951515151515151
6,2.82,10.21,1900-01-01 08:55:15,08:55:48,2,2,33,1,20,535,1,2.0,2.7,3.3333333333333335,4.0,11.702127659574469,0.5127272727272727
6,1.82,9.09,1900-01-01 08:55:26,08:55:59,3,2,33,1,20,535,1,6.0,10.21,4.666666666666667,0.0,18.13186813186813,0.33090909090909093
3,3.0,8.85,1900-01-01 08:55:35,08:56:08,4,2,33,1,20,535,1,6.0,9.09,5.0,-3.0,11.0,0.2727272727272727
8,2.52,20.43,1900-01-01 08:56:38,08:57:11,1,2,33,0,35,536,1,3.0,8.85,5.666666666666667,5.0,13.095238095238095,0.610909090909091
7,2.11,12.07,1900-01-01 08:56:49,08:57:22,5,2,33,0,35,536,1,8.0,20.43,6.0,-1.0,15.639810426540285,0.44757575757575757
7,1.96,14.65,1900-01-01 08:57:47,08:58:20,2,2,33,0,35,537,1,7.0,12.07,7.333333333333333,0.0,16.836734693877553,0.4157575757575757
4,3.47,4.75,1900-01-01 08:57:58,08:58:31,3,2,33,1,20,537,1,7.0,14.65,6.0,-3.0,9.510086455331411,0.42060606060606065
12,1.77,30.63,1900-01-01 08:58:07,08:58:40,4,2,33,0,35,538,1,4.0,4.75,7.666666666666667,8.0,18.64406779661017,0.6436363636363637
9,4.11,20.79,1900-01-01 08:59:10,08:59:43,1,2,33,0,35,539,1,12.0,30.63,8.333333333333334,-3.0,8.02919708029197,1.120909090909091
4,3.5,7.78,1900-01-01 08:59:21,08:59:54,5,2,33,1,20,539,1,9.0,20.79,8.333333333333334,-5.0,9.428571428571429,0.42424242424242425
3,1.42,5.96,1900-01-01 09:00:19,09:00:52,2,2,33,1,20,540,1,4.0,7.78,5.333333333333333,-1.0,23.23943661971831,0.1290909090909091
2,3.33,5.83,1900-01-01 09:00:30,09:01:03,3,2,33,1,20,540,1,3.0,5.96,3.0,-1.0,9.90990990990991,0.2018181818181818
6,1.78,17.65,1900-01-01 09:00:39,09:01:12,4,2,33,0,35,540,1,2.0,5.83,3.6666666666666665,4.0,18.53932584269663,0.3236363636363636
9,1.12,22.47,1900-01-01 09:01:42,09:02:15,1,2,33,0,35,541,1,6.0,17.65,5.666666666666667,3.0,29.46428571428571,0.3054545454545455
1,0.0,1.39,1900-01-01 09:01:53,09:02:26,5,2,33,1,20,541,1,9.0,22.47,5.333333333333333,-8.0,33.0,0.030303030303030304
2,2.92,5.86,1900-01-01 09:02:51,09:03:24,2,2,33,1,20,542,1,1.0,1.39,4.0,1.0,11.301369863013699,0.17696969696969697
10,3.02,19.55,1900-01-01 09:03:02,09:03:35,3,2,33,0,35,543,1,2.0,5.86,4.333333333333333,8.0,10.927152317880795,0.9151515151515152
1,0.0,2.79,1900-01-01 09:03:11,09:03:44,4,2,33,1,20,543,1,10.0,19.55,4.333333333333333,-9.0,33.0,0.030303030303030304
5,4.43,13.33,1900-01-01 09:04:14,09:04:47,1,2,33,1,20,544,1,1.0,2.79,5.333333333333333,4.0,7.44920993227991,0.6712121212121211
3,5.62,4.75,1900-01-01 09:04:25,09:04:58,5,2,33,1,20,544,1,5.0,13.33,3.0,-2.0,5.871886120996441,0.5109090909090909
6,1.4,11.65,1900-01-01 09:05:23,09:05:56,2,2,33,1,20,545,1,3.0,4.75,4.666666666666667,3.0,23.571428571428573,0.2545454545454545
9,2.4,20.91,1900-01-01 09:05:34,09:06:07,3,2,33,0,35,545,1,6.0,11.65,6.0,3.0,13.75,0.6545454545454545
2,4.25,5.63,1900-01-01 09:05:43,09:06:16,4,2,33,1,20,545,1,9.0,20.91,5.666666666666667,-7.0,7.764705882352941,0.25757575757575757
4,4.45,9.5,1900-01-01 09:06:46,09:07:19,1,2,33,1,20,546,1,2.0,5.63,5.0,2.0,7.415730337078651,0.5393939393939394
7,4.78,13.24,1900-01-01 09:06:57,09:07:30,5,2,33,0,35,546,1,4.0,9.5,4.333333333333333,3.0,6.903765690376568,1.0139393939393941
4,2.89,9.12,1900-01-01 09:07:55,09:08:28,2,2,33,1,20,547,1,7.0,13.24,5.0,-3.0,11.418685121107266,0.3503030303030303
0,0.0,2.57,1900-01-01 09:08:06,09:08:39,3,2,33,1,20,548,1,4.0,9.12,3.6666666666666665,-4.0,33.0,0.0
8,2.42,15.05,1900-01-01 09:08:15,09:08:48,4,2,33,0,35,548,1,0.0,2.57,4.0,8.0,13.636363636363637,0.5866666666666667
7,2.49,16.71,1900-01-01 09:09:18,09:09:51,1,2,33,0,35,549,1,8.0,15.05,5.0,-1.0,13.25301204819277,0.5281818181818182
10,1.85,21.61,1900-01-01 09:09:29,09:10:02,5,2,33,0,35,549,1,7.0,16.71,8.333333333333334,3.0,17.83783783783784,0.5606060606060606
8,1.45,12.63,1900-01-01 09:10:27,09:11:00,2,2,33,0,35,550,1,10.0,21.61,8.333333333333334,-2.0,22.758620689655174,0.3515151515151515
5,2.23,6.24,1900-01-01 09:10:38,09:11:11,3,2,33,1,20,550,1,8.0,12.63,7.666666666666667,-3.0,14.798206278026907,0.33787878787878783
5,5.4,14.8,1900-01-01 09:10:47,09:11:20,4,2,33,1,20,550,1,5.0,6.24,6.0,0.0,6.111111111111111,0.8181818181818182
7,3.7,17.62,1900-01-01 09:11:50,09:12:23,1,2,33,0,35,551,1,5.0,14.8,5.666666666666667,2.0,8.91891891891892,0.7848484848484848
7,3.29,23.01,1900-01-01 09:12:01,09:12:34,5,2,33,0,35,552,1,7.0,17.62,6.333333333333333,0.0,10.030395136778115,0.697878787878788
6,1.58,12.37,1900-01-01 09:12:59,09:13:32,2,2,33,1,20,552,1,7.0,23.01,6.666666666666667,-1.0,20.886075949367086,0.2872727272727273
4,2.69,7.09,1900-01-01 09:13:10,09:13:43,3,2,33,1,20,553,1,6.0,12.37,5.666666666666667,-2.0,12.267657992565056,0.32606060606060605
3,11.33,6.19,1900-01-01 09:13:19,09:13:52,4,2,33,2,33,553,1,4.0,7.09,4.333333333333333,-1.0,2.912621359223301,1.03
3,3.87,8.45,1900-01-01 09:14:22,09:14:55,1,2,33,1,20,554,1,3.0,6.19,3.3333333333333335,0.0,8.527131782945736,0.35181818181818186
5,3.67,20.3,1900-01-01 09:14:33,09:15:06,5,2,33,0,35,554,1,3.0,8.45,3.6666666666666665,2.0,8.991825613079019,0.556060606060606
2,3.42,4.84,1900-01-01 09:15:31,09:16:04,2,2,33,1,20,555,1,5.0,20.3,3.3333333333333335,-3.0,9.649122807017545,0.20727272727272725
3,4.04,6.69,1900-01-01 09:15:42,09:16:15,3,2,33,1,20,555,1,2.0,4.84,3.3333333333333335,1.0,8.168316831683168,0.3672727272727273
4,3.08,10.05,1900-01-01 09:15:51,09:16:24,4,2,33,1,20,555,1,3.0,6.69,3.0,1.0,10.714285714285714,0.37333333333333335
6,3.48,15.81,1900-01-01 09:16:54,09:17:27,1,2,33,0,35,556,1,4.0,10.05,4.333333333333333,2.0,9.482758620689655,0.6327272727272728
9,1.71,14.92,1900-01-01 09:17:05,09:17:38,5,2,33,0,35,557,1,6.0,15.81,6.333333333333333,3.0,19.29824561403509,0.4663636363636363
3,3.46,5.12,1900-01-01 09:18:03,09:18:36,2,2,33,1,20,558,1,9.0,14.92,6.0,-6.0,9.53757225433526,0.3145454545454546
2,6.17,2.16,1900-01-01 09:18:14,09:18:47,3,2,33,1,20,558,1,3.0,5.12,4.666666666666667,-1.0,5.348460291734198,0.3739393939393939
8,1.96,16.94,1900-01-01 09:18:23,09:18:56,4,2,33,0,35,558,1,2.0,2.16,4.333333333333333,6.0,16.836734693877553,0.4751515151515151
8,3.95,20.19,1900-01-01 09:19:26,09:19:59,1,2,33,0,35,559,1,8.0,16.94,6.0,0.0,8.354430379746836,0.9575757575757575
2,5.5,6.41,1900-01-01 09:19:37,09:20:10,5,2,33,1,20,559,1,8.0,20.19,6.0,-6.0,6.0,0.3333333333333333
8,1.8,13.23,1900-01-01 09:20:35,09:21:08,2,2,33,0,35,560,1,2.0,6.41,6.0,6.0,18.333333333333332,0.4363636363636364
3,3.33,4.02,1900-01-01 09:20:46,09:21:19,3,2,33,1,20,560,1,8.0,13.23,4.333333333333333,-5.0,9.90990990990991,0.30272727272727273
1,0.0,5.13,1900-01-01 09:20:55,09:21:28,4,2,33,1,20,560,1,3.0,4.02,4.0,-2.0,33.0,0.030303030303030304
9,1.38,24.3,1900-01-01 09:21:58,09:22:31,1,2,33,0,35,561,1,1.0,5.13,4.333333333333333,8.0,23.91304347826087,0.37636363636363634
7,2.33,8.59,1900-01-01 09:22:09,09:22:42,5,2,33,1,20,562,1,9.0,24.3,5.666666666666667,-2.0,14.163090128755364,0.49424242424242426
5,1.85,10.15,1900-01-01 09:23:07,09:23:40,2,2,33,1,20,563,1,7.0,8.59,7.0,-2.0,17.83783783783784,0.2803030303030303
4,2.78,6.56,1900-01-01 09:23:18,09:23:51,3,2,33,1,20,563,1,5.0,10.15,5.333333333333333,-1.0,11.870503597122303,0.3369696969696969
4,3.11,13.86,1900-01-01 09:23:27,09:24:00,4,2,33,1,20,563,1,4.0,6.56,4.333333333333333,0.0,10.610932475884244,0.37696969696969695
4,3.82,10.15,1900-01-01 09:24:30,09:25:03,1,2,33,1,20,564,1,4.0,13.86,4.0,0.0,8.638743455497382,0.46303030303030307
2,2.67,3.85,1900-01-01 09:24:41,09:25:14,5,2,33,1,20,564,1,4.0,10.15,3.3333333333333335,-2.0,12.359550561797754,0.1618181818181818
6,4.3,9.65,1900-01-01 09:25:39,09:26:12,2,2,33,1,20,565,1,2.0,3.85,4.0,4.0,7.674418604651163,0.7818181818181817
8,3.06,12.12,1900-01-01 09:25:50,09:26:23,3,2,33,0,35,565,1,6.0,9.65,5.333333333333333,2.0,10.784313725490195,0.7418181818181819
4,5.06,9.58,1900-01-01 09:25:59,09:26:32,4,2,33,1,20,565,1,8.0,12.12,6.0,-4.0,6.521739130434783,0.6133333333333333
5,2.54,13.66,1900-01-01 09:27:02,09:27:35,1,2,33,1,20,567,1,4.0,9.58,5.666666666666667,1.0,12.992125984251969,0.38484848484848483
8,2.23,18.68,1900-01-01 09:27:13,09:27:46,5,2,33,0,35,567,1,5.0,13.66,5.666666666666667,3.0,14.798206278026907,0.5406060606060605
3,9.08,5.32,1900-01-01 09:28:11,09:28:44,2,2,33,2,27,568,1,8.0,18.68,5.333333333333333,-5.0,3.6343612334801763,0.8254545454545454
5,5.96,7.62,1900-01-01 09:28:22,09:28:55,3,2,33,1,20,568,1,3.0,5.32,5.333333333333333,2.0,5.5369127516778525,0.903030303030303
3,5.75,12.14,1900-01-01 09:28:31,09:29:04,4,2,33,1,20,568,1,5.0,7.62,3.6666666666666665,-2.0,5.739130434782608,0.5227272727272727
5,4.34,12.47,1900-01-01 09:29:34,09:30:07,1,2,33,1,20,569,1,3.0,12.14,4.333333333333333,2.0,7.603686635944701,0.6575757575757575
3,10.5,7.5,1900-01-01 09:29:45,09:30:18,5,2,33,2,31,569,1,5.0,12.47,3.6666666666666665,-2.0,3.142857142857143,0.9545454545454546
6,5.08,12.95,1900-01-01 09:30:43,09:31:16,2,2,33,1,20,570,1,3.0,7.5,4.666666666666667,3.0,6.496062992125984,0.9236363636363636
2,18.83,3.91,1900-01-01 09:30:54,09:31:27,3,2,33,2,37,570,1,6.0,12.95,3.6666666666666665,-4.0,1.7525225703664367,1.1412121212121211
10,2.31,20.66,1900-01-01 09:31:03,09:31:36,4,2,33,0,35,571,1,2.0,3.91,6.0,8.0,14.285714285714285,0.7000000000000001
9,4.5,24.31,1900-01-01 09:32:06,09:32:39,1,2,33,0,35,572,1,10.0,20.66,7.0,-1.0,7.333333333333333,1.2272727272727273
5,4.21,6.23,1900-01-01 09:32:17,09:32:50,5,2,33,1,20,572,1,9.0,24.31,8.0,-4.0,7.838479809976247,0.6378787878787878
4,1.42,5.25,1900-01-01 09:33:15,09:33:48,2,2,33,1,20,573,1,5.0,6.23,6.0,-1.0,23.23943661971831,0.17212121212121212
4,5.75,5.39,1900-01-01 09:33:26,09:33:59,3,2,33,1,20,573,1,4.0,5.25,4.333333333333333,0.0,5.739130434782608,0.696969696969697
4,5.47,6.25,1900-01-01 09:33:35,09:34:08,4,2,33,1,28,573,1,4.0,5.39,4.0,0.0,6.032906764168191,0.663030303030303
4,2.37,11.11,1900-01-01 09:34:38,09:35:11,1,2,33,1,20,574,1,4.0,6.25,4.0,0.0,13.924050632911392,0.2872727272727273
8,4.19,12.45,1900-01-01 09:34:49,09:35:22,5,2,33,0,35,574,1,4.0,11.11,5.333333333333333,4.0,7.875894988066825,1.0157575757575759
10,2.16,18.82,1900-01-01 09:35:47,09:36:20,2,2,33,0,35,575,1,8.0,12.45,7.333333333333333,2.0,15.277777777777777,0.6545454545454545
4,4.67,7.4,1900-01-01 09:35:58,09:36:31,3,2,33,1,20,575,1,10.0,18.82,7.333333333333333,-6.0,7.0663811563169165,0.566060606060606
8,2.56,15.66,1900-01-01 09:36:07,09:36:40,4,2,33,0,35,576,1,4.0,7.4,7.333333333333333,4.0,12.890625,0.6206060606060606
5,1.22,13.21,1900-01-01 09:37:10,09:37:43,1,2,33,1,20,577,1,8.0,15.66,5.666666666666667,-3.0,27.049180327868854,0.18484848484848485
10,2.25,28.85,1900-01-01 09:37:21,09:37:54,5,2,33,0,35,577,1,5.0,13.21,7.666666666666667,5.0,14.666666666666666,0.6818181818181819
2,0.75,6.4,1900-01-01 09:38:19,09:38:52,2,2,33,1,20,578,1,10.0,28.85,5.666666666666667,-8.0,44.0,0.045454545454545456
3,2.67,6.15,1900-01-01 09:38:30,09:39:03,3,2,33,1,20,578,1,2.0,6.4,5.0,1.0,12.359550561797754,0.2427272727272727
6,4.9,8.92,1900-01-01 09:38:39,09:39:12,4,2,33,1,28,578,1,3.0,6.15,3.6666666666666665,3.0,6.73469387755102,0.8909090909090909
6,2.0,16.27,1900-01-01 09:39:42,09:40:15,1,2,33,0,35,579,1,6.0,8.92,5.0,0.0,16.5,0.36363636363636365
3,1.33,8.52,1900-01-01 09:39:53,09:40:26,5,2,33,1,20,579,1,6.0,16.27,5.0,-3.0,24.81203007518797,0.12090909090909091
3,1.21,5.71,1900-01-01 09:40:51,09:41:24,2,2,33,1,20,580,1,3.0,8.52,4.0,0.0,27.272727272727273,0.11
3,1.75,6.12,1900-01-01 09:41:02,09:41:35,3,2,33,1,20,581,1,3.0,5.71,3.0,0.0,18.857142857142858,0.1590909090909091
10,1.54,15.56,1900-01-01 09:41:11,09:41:44,4,2,33,0,35,581,1,3.0,6.12,5.333333333333333,7.0,21.428571428571427,0.4666666666666667
5,2.3,12.05,1900-01-01 09:42:14,09:42:47,1,2,33,1,20,582,1,10.0,15.56,6.0,-5.0,14.347826086956523,0.34848484848484845
5,2.27,11.5,1900-01-01 09:42:25,09:42:58,5,2,33,1,20,582,1,5.0,12.05,6.666666666666667,0.0,14.537444933920705,0.34393939393939393
8,3.55,14.79,1900-01-01 09:43:23,09:43:56,2,2,33,0,35,583,1,5.0,11.5,6.0,3.0,9.295774647887324,0.8606060606060606
7,3.29,10.17,1900-01-01 09:43:34,09:44:07,3,2,33,1,20,583,1,8.0,14.79,6.666666666666667,-1.0,10.030395136778115,0.697878787878788
8,2.33,23.3,1900-01-01 09:43:43,09:44:16,4,2,33,0,35,583,1,7.0,10.17,7.666666666666667,1.0,14.163090128755364,0.5648484848484848
3,4.03,8.5,1900-01-01 09:44:46,09:45:19,1,2,33,1,20,584,1,8.0,23.3,6.0,-5.0,8.188585607940446,0.3663636363636364
5,0.79,7.53,1900-01-01 09:44:57,09:45:30,5,2,33,1,20,584,1,3.0,8.5,5.333333333333333,2.0,41.77215189873417,0.1196969696969697
13,1.64,20.33,1900-01-01 09:45:55,09:46:28,2,2,33,0,35,585,1,5.0,7.53,7.0,8.0,20.121951219512198,0.646060606060606
3,8.29,2.7,1900-01-01 09:46:06,09:46:39,3,2,33,2,26,586,1,13.0,20.33,7.0,-10.0,3.980699638118215,0.7536363636363635
6,2.33,15.1,1900-01-01 09:46:15,09:46:48,4,2,33,0,35,586,1,3.0,2.7,7.333333333333333,3.0,14.163090128755364,0.42363636363636364
6,2.6,14.18,1900-01-01 09:47:18,09:47:51,1,2,33,0,35,587,1,6.0,15.1,5.0,0.0,12.692307692307692,0.4727272727272728
2,2.25,5.22,1900-01-01 09:47:29,09:48:02,5,2,33,1,20,587,1,6.0,14.18,4.666666666666667,-4.0,14.666666666666666,0.13636363636363638
8,2.99,13.25,1900-01-01 09:48:27,09:49:00,2,2,33,0,35,588,1,2.0,5.22,5.333333333333333,6.0,11.036789297658862,0.724848484848485
8,3.52,9.98,1900-01-01 09:48:38,09:49:11,3,2,33,0,35,588,1,8.0,13.25,6.0,0.0,9.375,0.8533333333333334
12,1.92,20.02,1900-01-01 09:48:47,09:49:20,4,2,33,0,35,588,1,8.0,9.98,9.333333333333334,4.0,17.1875,0.6981818181818182
7,1.52,17.9,1900-01-01 09:49:50,09:50:23,1,2,33,0,35,589,1,12.0,20.02,9.0,-5.0,21.710526315789473,0.32242424242424245
11,2.34,18.12,1900-01-01 09:50:01,09:50:34,5,2,33,0,35,590,1,7.0,17.9,10.0,4.0,14.102564102564104,0.7799999999999999
5,2.58,9.06,1900-01-01 09:50:59,09:51:32,2,2,33,1,20,590,1,11.0,18.12,7.666666666666667,-6.0,12.790697674418604,0.39090909090909093
4,6.97,4.59,1900-01-01 09:51:10,09:51:43,3,2,33,2,26,591,1,5.0,9.06,6.666666666666667,-1.0,4.734576757532281,0.8448484848484848
5,4.9,12.13,1900-01-01 09:51:19,09:51:52,4,2,33,1,20,591,1,4.0,4.59,4.666666666666667,1.0,6.73469387755102,0.7424242424242424
6,2.45,14.3,1900-01-01 09:52:22,09:52:55,1,2,33,0,35,592,1,5.0,12.13,5.0,1.0,13.46938775510204,0.44545454545454544
4,6.17,6.72,1900-01-01 09:52:33,09:53:06,5,2,33,1,20,592,1,6.0,14.3,5.0,-2.0,5.348460291734198,0.7478787878787878
1,0.0,2.87,1900-01-01 09:53:31,09:54:04,2,2,33,1,20,593,1,4.0,6.72,3.6666666666666665,-3.0,33.0,0.030303030303030304
9,1.08,12.94,1900-01-01 09:53:42,09:54:15,3,2,33,0,35,593,1,1.0,2.87,4.666666666666667,8.0,30.555555555555554,0.29454545454545455
7,4.62,11.27,1900-01-01 09:53:51,09:54:24,4,2,33,1,20,593,1,9.0,12.94,5.666666666666667,-2.0,7.142857142857142,0.9800000000000001
2,1.16,6.5,1900-01-01 09:54:54,09:55:27,1,2,33,1,20,594,1,7.0,11.27,6.0,-5.0,28.448275862068968,0.0703030303030303
7,2.57,10.04,1900-01-01 09:55:05,09:55:38,5,2,33,1,20,595,1,2.0,6.5,5.333333333333333,5.0,12.84046692607004,0.5451515151515152
7,1.25,12.63,1900-01-01 09:56:03,09:56:36,2,2,33,0,35,596,1,7.0,10.04,5.333333333333333,0.0,26.4,0.26515151515151514
10,1.61,16.02,1900-01-01 09:56:14,09:56:47,3,2,33,0,35,596,1,7.0,12.63,8.0,3.0,20.496894409937887,0.4878787878787879
4,2.92,13.37,1900-01-01 09:56:23,09:56:56,4,2,33,1,20,596,1,10.0,16.02,7.0,-6.0,11.301369863013699,0.35393939393939394
6,2.58,16.17,1900-01-01 09:57:26,09:57:59,1,2,33,0,35,597,1,4.0,13.37,6.666666666666667,2.0,12.790697674418604,0.4690909090909091
2,1.58,6.45,1900-01-01 09:57:37,09:58:10,5,2,33,1,20,597,1,6.0,16.17,4.0,-4.0,20.886075949367086,0.09575757575757576
6,2.55,11.8,1900-01-01 09:58:35,09:59:08,2,2,33,1,20,598,1,2.0,6.45,4.666666666666667,4.0,12.941176470588236,0.4636363636363636
5,3.62,8.67,1900-01-01 09:58:46,09:59:19,3,2,33,1,20,598,1,6.0,11.8,4.333333333333333,-1.0,9.116022099447514,0.5484848484848485
2,0.08,4.69,1900-01-01 09:58:55,09:59:28,4,2,33,1,20,598,1,5.0,8.67,4.333333333333333,-3.0,412.5,0.0048484848484848485
6,2.81,14.87,1900-01-01 09:59:58,10:00:31,1,2,33,0,35,599,1,2.0,4.69,4.333333333333333,4.0,11.743772241992882,0.5109090909090909
2,2.83,5.46,1900-01-01 10:00:09,10:00:42,5,2,33,1,21,600,1,6.0,14.87,3.3333333333333335,-4.0,11.66077738515901,0.17151515151515154
6,5.2,13.15,1900-01-01 10:01:07,10:01:40,2,2,33,1,20,601,1,2.0,5.46,4.666666666666667,4.0,6.346153846153846,0.9454545454545455
8,2.98,9.86,1900-01-01 10:01:18,10:01:51,3,2,33,0,35,601,1,6.0,13.15,5.333333333333333,2.0,11.073825503355705,0.7224242424242424
2,2.42,6.65,1900-01-01 10:01:27,10:02:00,4,2,33,1,20,601,1,8.0,9.86,5.333333333333333,-6.0,13.636363636363637,0.14666666666666667
3,3.29,8.75,1900-01-01 10:02:30,10:03:03,1,2,33,1,20,602,1,2.0,6.65,4.333333333333333,1.0,10.030395136778115,0.29909090909090913
4,6.81,7.82,1900-01-01 10:02:41,10:03:14,5,2,33,1,21,602,1,3.0,8.75,3.0,1.0,4.845814977973569,0.8254545454545454
4,3.0,6.11,1900-01-01 10:03:39,10:04:12,2,2,33,1,20,603,1,4.0,7.82,3.6666666666666665,0.0,11.0,0.36363636363636365
5,3.96,7.15,1900-01-01 10:03:50,10:04:23,3,2,33,1,20,603,1,4.0,6.11,4.333333333333333,1.0,8.333333333333334,0.6
5,5.02,8.47,1900-01-01 10:03:59,10:04:32,4,2,33,1,20,603,1,5.0,7.15,4.666666666666667,0.0,6.573705179282869,0.7606060606060605
8,2.32,19.36,1900-01-01 10:05:02,10:05:35,1,2,33,0,35,605,1,5.0,8.47,6.0,3.0,14.224137931034484,0.5624242424242424
5,5.94,15.18,1900-01-01 10:05:13,10:05:46,5,2,33,1,21,605,1,8.0,19.36,6.0,-3.0,5.555555555555555,0.9
3,1.83,4.15,1900-01-01 10:06:11,10:06:44,2,2,33,1,20,606,1,5.0,15.18,5.333333333333333,-2.0,18.0327868852459,0.16636363636363638
6,1.88,4.62,1900-01-01 10:06:22,10:06:55,3,2,33,1,20,606,1,3.0,4.15,4.666666666666667,3.0,17.5531914893617,0.34181818181818185
4,2.69,6.39,1900-01-01 10:06:31,10:07:04,4,2,33,1,20,606,1,6.0,4.62,4.333333333333333,-2.0,12.267657992565056,0.32606060606060605
7,2.06,19.01,1900-01-01 10:07:34,10:08:07,1,2,33,0,35,607,1,4.0,6.39,5.666666666666667,3.0,16.019417475728154,0.436969696969697
6,3.62,12.59,1900-01-01 10:07:45,10:08:18,5,2,33,1,21,607,1,7.0,19.01,5.666666666666667,-1.0,9.116022099447514,0.6581818181818182
10,2.19,18.17,1900-01-01 10:08:43,10:09:16,2,2,33,0,35,608,1,6.0,12.59,7.666666666666667,4.0,15.068493150684931,0.6636363636363637
4,7.11,5.34,1900-01-01 10:08:54,10:09:27,3,2,33,2,28,608,1,10.0,18.17,6.666666666666667,-6.0,4.641350210970464,0.8618181818181818
3,6.54,9.06,1900-01-01 10:09:03,10:09:36,4,2,33,1,20,609,1,4.0,5.34,5.666666666666667,-1.0,5.045871559633028,0.5945454545454545
7,3.6,17.76,1900-01-01 10:10:06,10:10:39,1,2,33,0,35,610,1,3.0,9.06,4.666666666666667,4.0,9.166666666666666,0.7636363636363637
9,1.72,13.17,1900-01-01 10:10:17,10:10:50,5,2,33,0,35,610,1,7.0,17.76,6.333333333333333,2.0,19.186046511627907,0.46909090909090906
6,5.0,9.18,1900-01-01 10:11:15,10:11:48,2,2,33,1,20,611,1,9.0,13.17,7.333333333333333,-3.0,6.6,0.9090909090909092
5,3.56,6.36,1900-01-01 10:11:26,10:11:59,3,2,33,1,20,611,1,6.0,9.18,6.666666666666667,-1.0,9.269662921348315,0.5393939393939393
5,4.88,9.63,1900-01-01 10:11:35,10:12:08,4,2,33,1,20,611,1,5.0,6.36,5.333333333333333,0.0,6.762295081967213,0.7393939393939394
6,1.6,13.73,1900-01-01 10:12:38,10:13:11,1,2,33,0,35,612,1,5.0,9.63,5.333333333333333,1.0,20.625,0.2909090909090909
7,1.42,10.07,1900-01-01 10:12:49,10:13:22,5,2,33,1,21,612,1,6.0,13.73,6.0,1.0,23.23943661971831,0.3012121212121212
6,1.72,11.75,1900-01-01 10:13:47,10:14:20,2,2,33,1,20,613,1,7.0,10.07,6.333333333333333,-1.0,19.186046511627907,0.31272727272727274
3,9.17,3.2,1900-01-01 10:13:58,10:14:31,3,2,33,2,28,613,1,6.0,11.75,5.333333333333333,-3.0,3.5986913849509268,0.8336363636363636
7,3.76,15.0,1900-01-01 10:14:07,10:14:40,4,2,33,0,35,614,1,3.0,3.2,5.333333333333333,4.0,8.77659574468085,0.7975757575757576
9,1.9,22.71,1900-01-01 10:15:10,10:15:43,1,2,33,0,35,615,1,7.0,15.0,6.333333333333333,2.0,17.36842105263158,0.5181818181818182
6,1.88,9.13,1900-01-01 10:15:21,10:15:54,5,2,33,1,20,615,1,9.0,22.71,7.333333333333333,-3.0,17.5531914893617,0.34181818181818185
8,3.26,19.14,1900-01-01 10:16:19,10:16:52,2,2,33,0,35,616,1,6.0,9.13,7.666666666666667,2.0,10.122699386503069,0.7903030303030302
5,1.46,11.98,1900-01-01 10:16:30,10:17:03,3,2,33,1,20,616,1,8.0,19.14,6.333333333333333,-3.0,22.602739726027398,0.2212121212121212
9,1.69,15.21,1900-01-01 10:16:39,10:17:12,4,2,33,0,35,616,1,5.0,11.98,7.333333333333333,4.0,19.526627218934912,0.4609090909090909
2,3.27,4.54,1900-01-01 10:17:42,10:18:15,1,2,33,1,20,617,1,9.0,15.21,5.333333333333333,-7.0,10.091743119266056,0.19818181818181815
8,1.71,12.23,1900-01-01 10:17:53,10:18:26,5,2,33,0,35,617,1,2.0,4.54,6.333333333333333,6.0,19.29824561403509,0.4145454545454545
4,4.25,10.66,1900-01-01 10:18:51,10:19:24,2,2,33,1,20,618,1,8.0,12.23,4.666666666666667,-4.0,7.764705882352941,0.5151515151515151
6,2.7,10.64,1900-01-01 10:19:02,10:19:35,3,2,33,1,20,619,1,4.0,10.66,6.0,2.0,12.222222222222221,0.49090909090909096
6,2.22,12.63,1900-01-01 10:19:11,10:19:44,4,2,33,1,20,619,1,6.0,10.64,5.333333333333333,0.0,14.864864864864863,0.4036363636363637
4,3.67,10.11,1900-01-01 10:20:14,10:20:47,1,2,33,1,20,620,1,6.0,12.63,5.333333333333333,-2.0,8.991825613079019,0.4448484848484848
3,11.75,6.26,1900-01-01 10:20:25,10:20:58,5,2,33,2,35,620,1,4.0,10.11,4.333333333333333,-1.0,2.8085106382978724,1.0681818181818181
7,2.93,16.58,1900-01-01 10:21:23,10:21:56,2,2,33,0,35,621,1,3.0,6.26,4.666666666666667,4.0,11.262798634812286,0.6215151515151516
5,7.4,5.05,1900-01-01 10:21:34,10:22:07,3,2,33,2,36,621,1,7.0,16.58,5.0,-2.0,4.45945945945946,1.121212121212121
6,2.82,14.27,1900-01-01 10:21:43,10:22:16,4,2,33,0,35,621,1,5.0,5.05,6.0,1.0,11.702127659574469,0.5127272727272727
6,2.8,17.25,1900-01-01 10:22:46,10:23:19,1,2,33,0,35,622,1,6.0,14.27,5.666666666666667,0.0,11.785714285714286,0.509090909090909
1,0.0,4.62,1900-01-01 10:22:57,10:23:30,5,2,33,1,20,622,1,6.0,17.25,4.333333333333333,-5.0,33.0,0.030303030303030304
3,2.88,5.68,1900-01-01 10:23:55,10:24:28,2,2,33,1,20,623,1,1.0,4.62,3.3333333333333335,2.0,11.458333333333334,0.2618181818181818
2,2.08,2.74,1900-01-01 10:24:06,10:24:39,3,2,33,1,20,624,1,3.0,5.68,2.0,-1.0,15.865384615384615,0.12606060606060607
9,1.59,14.26,1900-01-01 10:24:15,10:24:48,4,2,33,0,35,624,1,2.0,2.74,4.666666666666667,7.0,20.754716981132074,0.43363636363636365
4,2.33,4.7,1900-01-01 10:25:18,10:25:51,1,2,33,1,20,625,1,9.0,14.26,5.0,-5.0,14.163090128755364,0.2824242424242424
6,4.32,15.95,1900-01-01 10:25:29,10:26:02,5,2,33,0,35,625,1,4.0,4.7,6.333333333333333,2.0,7.638888888888888,0.7854545454545455
2,18.42,6.08,1900-01-01 10:26:27,10:27:00,2,2,33,2,36,626,1,6.0,15.95,4.0,-4.0,1.791530944625407,1.1163636363636364
5,2.58,6.93,1900-01-01 10:26:38,10:27:11,3,2,33,1,20,626,1,2.0,6.08,4.333333333333333,3.0,12.790697674418604,0.39090909090909093
9,3.3,19.59,1900-01-01 10:26:47,10:27:20,4,2,33,0,35,626,1,5.0,6.93,5.333333333333333,4.0,10.0,0.9
4,5.56,5.68,1900-01-01 10:27:50,10:28:23,1,2,33,1,20,627,1,9.0,19.59,6.0,-5.0,5.9352517985611515,0.6739393939393938
7,1.72,15.79,1900-01-01 10:28:01,10:28:34,5,2,33,0,35,628,1,4.0,5.68,6.666666666666667,3.0,19.186046511627907,0.36484848484848487
4,2.17,7.15,1900-01-01 10:28:59,10:29:32,2,2,33,1,20,628,1,7.0,15.79,5.0,-3.0,15.207373271889402,0.263030303030303
3,6.38,3.24,1900-01-01 10:29:10,10:29:43,3,2,33,1,20,629,1,4.0,7.15,4.666666666666667,-1.0,5.172413793103448,0.58
2,2.5,8.15,1900-01-01 10:29:19,10:29:52,4,2,33,1,20,629,1,3.0,3.24,3.0,-1.0,13.2,0.15151515151515152
4,4.5,6.3,1900-01-01 10:30:22,10:30:55,1,2,33,1,20,630,1,2.0,8.15,3.0,2.0,7.333333333333333,0.5454545454545455
6,2.28,17.85,1900-01-01 10:30:33,10:31:06,5,2,33,0,35,630,1,4.0,6.3,4.0,2.0,14.473684210526317,0.4145454545454545
7,1.82,12.9,1900-01-01 10:31:31,10:32:04,2,2,33,0,35,631,1,6.0,17.85,5.666666666666667,1.0,18.13186813186813,0.38606060606060605
3,0.38,4.01,1900-01-01 10:31:42,10:32:15,3,2,33,1,20,631,1,7.0,12.9,5.333333333333333,-4.0,86.84210526315789,0.034545454545454546
5,1.67,9.98,1900-01-01 10:31:51,10:32:24,4,2,33,1,20,631,1,3.0,4.01,5.0,2.0,19.76047904191617,0.253030303030303
5,2.08,8.96,1900-01-01 10:32:54,10:33:27,1,2,33,1,20,632,1,5.0,9.98,4.333333333333333,0.0,15.865384615384615,0.3151515151515152
2,13.25,3.01,1900-01-01 10:33:05,10:33:38,5,2,33,2,26,633,1,5.0,8.96,4.0,-3.0,2.490566037735849,0.8030303030303031
8,2.0,15.17,1900-01-01 10:34:03,10:34:36,2,2,33,0,35,634,1,2.0,3.01,5.0,6.0,16.5,0.48484848484848486
4,4.44,4.63,1900-01-01 10:34:14,10:34:47,3,2,33,1,20,634,1,8.0,15.17,4.666666666666667,-4.0,7.432432432432432,0.5381818181818182
6,2.13,11.74,1900-01-01 10:34:23,10:34:56,4,2,33,1,20,634,1,4.0,4.63,6.0,2.0,15.492957746478874,0.38727272727272727
4,1.89,7.97,1900-01-01 10:35:26,10:35:59,1,2,33,1,20,635,1,6.0,11.74,4.666666666666667,-2.0,17.460317460317462,0.22909090909090907
10,1.5,15.96,1900-01-01 10:35:37,10:36:10,5,2,33,0,35,635,1,4.0,7.97,6.666666666666667,6.0,22.0,0.45454545454545453
5,1.94,10.29,1900-01-01 10:36:35,10:37:08,2,2,33,1,20,636,1,10.0,15.96,6.333333333333333,-5.0,17.010309278350515,0.29393939393939394
8,2.07,11.19,1900-01-01 10:36:46,10:37:19,3,2,33,0,35,636,1,5.0,10.29,7.666666666666667,3.0,15.942028985507248,0.5018181818181817
5,4.21,8.39,1900-01-01 10:36:55,10:37:28,4,2,33,1,20,636,1,8.0,11.19,6.0,-3.0,7.838479809976247,0.6378787878787878
7,2.99,10.05,1900-01-01 10:37:58,10:38:31,1,2,33,1,20,637,1,5.0,8.39,6.666666666666667,2.0,11.036789297658862,0.6342424242424243
5,1.17,7.22,1900-01-01 10:38:09,10:38:42,5,2,33,1,20,638,1,7.0,10.05,5.666666666666667,-2.0,28.205128205128208,0.17727272727272725
5,6.5,8.5,1900-01-01 10:39:07,10:39:40,2,2,33,1,20,639,1,5.0,7.22,5.666666666666667,0.0,5.076923076923077,0.9848484848484849
8,2.13,9.9,1900-01-01 10:39:18,10:39:51,3,2,33,0,35,639,1,5.0,8.5,6.0,3.0,15.492957746478874,0.5163636363636364
10,1.68,16.12,1900-01-01 10:39:27,10:40:00,4,2,33,0,35,639,1,8.0,9.9,7.666666666666667,2.0,19.642857142857142,0.5090909090909091
1,0.0,2.68,1900-01-01 10:40:30,10:41:03,1,2,33,1,20,640,1,10.0,16.12,6.333333333333333,-9.0,33.0,0.030303030303030304
7,1.83,14.36,1900-01-01 10:40:41,10:41:14,5,2,33,0,35,640,1,1.0,2.68,6.0,6.0,18.0327868852459,0.3881818181818182
6,1.87,12.83,1900-01-01 10:41:39,10:42:12,2,2,33,1,20,641,1,7.0,14.36,4.666666666666667,-1.0,17.64705882352941,0.34
6,2.4,10.97,1900-01-01 10:41:50,10:42:23,3,2,33,1,20,641,1,6.0,12.83,6.333333333333333,0.0,13.75,0.43636363636363634
8,3.32,14.02,1900-01-01 10:41:59,10:42:32,4,2,33,0,35,641,1,6.0,10.97,6.666666666666667,2.0,9.93975903614458,0.8048484848484848
4,2.22,4.21,1900-01-01 10:43:02,10:43:35,1,2,33,1,20,643,1,8.0,14.02,6.0,-4.0,14.864864864864863,0.2690909090909091
6,1.55,9.46,1900-01-01 10:43:13,10:43:46,5,2,33,1,20,643,1,4.0,4.21,6.0,2.0,21.29032258064516,0.28181818181818186
2,20.17,6.48,1900-01-01 10:44:11,10:44:44,2,2,33,2,40,644,1,6.0,9.46,4.0,-4.0,1.6360932077342587,1.2224242424242424
9,1.65,15.38,1900-01-01 10:44:22,10:44:55,3,2,33,0,35,644,1,2.0,6.48,5.666666666666667,7.0,20.0,0.45
16,1.53,28.73,1900-01-01 10:44:31,10:45:04,4,2,33,0,35,644,1,9.0,15.38,9.0,7.0,21.56862745098039,0.7418181818181819
4,5.56,6.21,1900-01-01 10:45:34,10:46:07,1,2,33,1,20,645,1,16.0,28.73,9.666666666666666,-12.0,5.9352517985611515,0.6739393939393938
7,4.94,13.78,1900-01-01 10:45:45,10:46:18,5,2,33,0,35,645,1,4.0,6.21,9.0,3.0,6.680161943319837,1.047878787878788
3,3.08,7.54,1900-01-01 10:46:43,10:47:16,2,2,33,1,20,646,1,7.0,13.78,4.666666666666667,-4.0,10.714285714285714,0.28
6,1.85,9.21,1900-01-01 10:46:54,10:47:27,3,2,33,1,20,646,1,3.0,7.54,5.333333333333333,3.0,17.83783783783784,0.33636363636363636
5,2.73,12.3,1900-01-01 10:47:03,10:47:36,4,2,33,1,20,647,1,6.0,9.21,4.666666666666667,-1.0,12.087912087912088,0.41363636363636364
3,5.08,5.47,1900-01-01 10:48:06,10:48:39,1,2,33,1,20,648,1,5.0,12.3,4.666666666666667,-2.0,6.496062992125984,0.4618181818181818
5,3.6,14.4,1900-01-01 10:48:17,10:48:50,5,2,33,1,22,648,1,3.0,5.47,4.333333333333333,2.0,9.166666666666666,0.5454545454545455
4,4.53,16.21,1900-01-01 10:49:15,10:49:48,2,2,33,1,20,649,1,5.0,14.4,4.0,-1.0,7.28476821192053,0.5490909090909091
5,1.9,5.09,1900-01-01 10:49:26,10:49:59,3,2,33,1,20,649,1,4.0,16.21,4.666666666666667,1.0,17.36842105263158,0.2878787878787879
9,1.6,20.99,1900-01-01 10:49:35,10:50:08,4,2,33,0,35,649,1,5.0,5.09,6.0,4.0,20.625,0.43636363636363634
3,7.96,2.67,1900-01-01 10:50:38,10:51:11,1,2,33,2,35,650,1,9.0,20.99,5.666666666666667,-6.0,4.1457286432160805,0.7236363636363636
7,3.14,22.16,1900-01-01 10:50:49,10:51:22,5,2,33,0,35,650,1,3.0,2.67,6.333333333333333,4.0,10.509554140127388,0.666060606060606
5,2.75,12.74,1900-01-01 10:51:47,10:52:20,2,2,33,1,20,651,1,7.0,22.16,5.0,-2.0,12.0,0.4166666666666667
7,2.88,17.55,1900-01-01 10:51:58,10:52:31,3,2,33,0,35,651,1,5.0,12.74,6.333333333333333,2.0,11.458333333333334,0.6109090909090908
7,2.26,15.19,1900-01-01 10:52:07,10:52:40,4,2,33,0,35,652,1,7.0,17.55,6.333333333333333,0.0,14.601769911504427,0.4793939393939393
2,20.33,3.42,1900-01-01 10:53:10,10:53:43,1,2,33,2,35,653,1,7.0,15.19,5.333333333333333,-5.0,1.6232169208066898,1.232121212121212
6,1.93,9.34,1900-01-01 10:53:21,10:53:54,5,2,33,1,22,653,1,2.0,3.42,5.0,4.0,17.098445595854923,0.3509090909090909
6,3.37,9.38,1900-01-01 10:54:19,10:54:52,2,2,33,1,20,654,1,6.0,9.34,4.666666666666667,0.0,9.792284866468842,0.6127272727272728
10,2.53,12.0,1900-01-01 10:54:30,10:55:03,3,2,33,0,35,654,1,6.0,9.38,7.333333333333333,4.0,13.043478260869566,0.7666666666666666
5,2.23,7.76,1900-01-01 10:54:39,10:55:12,4,2,33,1,20,654,1,10.0,12.0,7.0,-5.0,14.798206278026907,0.33787878787878783
3,3.25,5.7,1900-01-01 10:55:42,10:56:15,1,2,33,1,20,655,1,5.0,7.76,6.0,-2.0,10.153846153846153,0.29545454545454547
8,2.24,10.37,1900-01-01 10:55:53,10:56:26,5,2,33,0,35,655,1,3.0,5.7,5.333333333333333,5.0,14.732142857142856,0.5430303030303031
3,3.17,13.3,1900-01-01 10:56:51,10:57:24,2,2,33,1,20,656,1,8.0,10.37,4.666666666666667,-5.0,10.410094637223976,0.28818181818181815
2,2.5,4.07,1900-01-01 10:57:02,10:57:35,3,2,33,1,20,657,1,3.0,13.3,4.333333333333333,-1.0,13.2,0.15151515151515152
7,2.53,13.4,1900-01-01 10:57:11,10:57:44,4,2,33,0,35,657,1,2.0,4.07,4.0,5.0,13.043478260869566,0.5366666666666666
4,7.0,4.17,1900-01-01 10:58:14,10:58:47,1,2,33,2,35,658,1,7.0,13.4,4.333333333333333,-3.0,4.714285714285714,0.8484848484848485
4,6.83,10.94,1900-01-01 10:58:25,10:58:58,5,2,33,1,22,658,1,4.0,4.17,5.0,0.0,4.831625183016105,0.8278787878787879
16,1.93,23.43,1900-01-01 10:59:23,10:59:56,2,2,33,0,36,659,1,4.0,10.94,8.0,12.0,17.098445595854923,0.9357575757575758
5,6.81,5.17,1900-01-01 10:59:34,11:00:07,3,2,33,1,20,659,1,16.0,23.43,8.333333333333334,-11.0,4.845814977973569,1.0318181818181817
3,3.58,8.21,1900-01-01 10:59:43,11:00:16,4,2,33,1,20,659,1,5.0,5.17,8.0,-2.0,9.217877094972067,0.32545454545454544
2,2.42,3.94,1900-01-01 11:00:46,11:01:19,1,2,33,1,20,660,1,3.0,8.21,3.3333333333333335,-1.0,13.636363636363637,0.14666666666666667
8,3.45,11.54,1900-01-01 11:00:57,11:01:30,5,2,33,0,35,660,1,2.0,3.94,4.333333333333333,6.0,9.565217391304348,0.8363636363636364
11,2.23,22.89,1900-01-01 11:01:55,11:02:28,2,2,33,0,35,661,1,8.0,11.54,7.0,3.0,14.798206278026907,0.7433333333333333
5,1.94,8.81,1900-01-01 11:02:06,11:02:39,3,2,33,1,20,662,1,11.0,22.89,8.0,-6.0,17.010309278350515,0.29393939393939394
6,5.03,11.28,1900-01-01 11:02:15,11:02:48,4,2,33,1,30,662,1,5.0,8.81,7.333333333333333,1.0,6.560636182902584,0.9145454545454546
3,12.33,4.33,1900-01-01 11:03:18,11:03:51,1,2,33,2,36,663,1,6.0,11.28,4.666666666666667,-3.0,2.67639902676399,1.120909090909091
4,4.39,5.84,1900-01-01 11:03:29,11:04:02,5,2,33,1,20,663,1,3.0,4.33,4.333333333333333,1.0,7.517084282460138,0.5321212121212121
4,8.33,8.7,1900-01-01 11:04:27,11:05:00,2,2,33,2,36,664,1,4.0,5.84,3.6666666666666665,0.0,3.9615846338535414,1.0096969696969698
6,2.32,10.17,1900-01-01 11:04:38,11:05:11,3,2,33,1,20,664,1,4.0,8.7,4.666666666666667,2.0,14.224137931034484,0.42181818181818176
4,8.17,9.77,1900-01-01 11:04:47,11:05:20,4,2,33,2,32,664,1,6.0,10.17,4.666666666666667,-2.0,4.039167686658507,0.9903030303030302
4,3.56,3.49,1900-01-01 11:05:50,11:06:23,1,2,33,1,20,665,1,4.0,9.77,4.666666666666667,0.0,9.269662921348315,0.43151515151515146
5,1.98,11.89,1900-01-01 11:06:01,11:06:34,5,2,33,1,20,666,1,4.0,3.49,4.333333333333333,1.0,16.666666666666668,0.3
3,6.25,2.87,1900-01-01 11:06:59,11:07:32,2,2,33,1,20,666,1,5.0,11.89,4.0,-2.0,5.28,0.5681818181818181
5,1.79,10.41,1900-01-01 11:07:10,11:07:43,3,2,33,1,20,667,1,3.0,2.87,4.333333333333333,2.0,18.435754189944134,0.2712121212121212
5,4.92,10.12,1900-01-01 11:07:19,11:07:52,4,2,33,1,30,667,1,5.0,10.41,4.333333333333333,0.0,6.7073170731707314,0.7454545454545455
5,5.25,7.21,1900-01-01 11:08:22,11:08:55,1,2,33,1,20,668,1,5.0,10.12,5.0,0.0,6.285714285714286,0.7954545454545455
3,2.29,8.96,1900-01-01 11:08:33,11:09:06,5,2,33,1,20,668,1,5.0,7.21,4.333333333333333,-2.0,14.410480349344978,0.2081818181818182
2,16.33,5.4,1900-01-01 11:09:31,11:10:04,2,2,33,2,36,669,1,3.0,8.96,3.3333333333333335,-1.0,2.0208205756276794,0.9896969696969696
2,2.25,4.46,1900-01-01 11:09:42,11:10:15,3,2,33,1,20,669,1,2.0,5.4,2.3333333333333335,0.0,14.666666666666666,0.13636363636363638
10,2.01,18.6,1900-01-01 11:09:51,11:10:24,4,2,33,0,35,669,1,2.0,4.46,4.666666666666667,8.0,16.417910447761194,0.6090909090909091
2,2.92,4.53,1900-01-01 11:10:54,11:11:27,1,2,33,1,20,670,1,10.0,18.6,4.666666666666667,-8.0,11.301369863013699,0.17696969696969697
5,3.29,12.03,1900-01-01 11:11:05,11:11:38,5,2,33,1,20,671,1,2.0,4.53,5.666666666666667,3.0,10.030395136778115,0.49848484848484853
10,1.99,15.9,1900-01-01 11:12:03,11:12:36,2,2,33,0,35,672,1,5.0,12.03,5.666666666666667,5.0,16.582914572864322,0.603030303030303
3,4.38,4.69,1900-01-01 11:12:14,11:12:47,3,2,33,1,20,672,1,10.0,15.9,6.0,-7.0,7.534246575342466,0.3981818181818182
9,2.97,16.68,1900-01-01 11:12:23,11:12:56,4,2,33,0,35,672,1,3.0,4.69,7.333333333333333,6.0,11.11111111111111,0.81
4,5.61,6.53,1900-01-01 11:13:26,11:13:59,1,2,33,1,20,673,1,9.0,16.68,5.333333333333333,-5.0,5.88235294117647,0.68
2,0.58,6.85,1900-01-01 11:13:37,11:14:10,5,2,33,1,20,673,1,4.0,6.53,5.0,-2.0,56.896551724137936,0.03515151515151515
8,1.56,20.47,1900-01-01 11:14:35,11:15:08,2,2,33,0,35,674,1,2.0,6.85,4.666666666666667,6.0,21.153846153846153,0.3781818181818182
4,5.78,7.99,1900-01-01 11:14:46,11:15:19,3,2,33,1,20,674,1,8.0,20.47,4.666666666666667,-4.0,5.709342560553633,0.7006060606060606
7,1.9,18.86,1900-01-01 11:14:55,11:15:28,4,2,33,0,35,674,1,4.0,7.99,6.333333333333333,3.0,17.36842105263158,0.403030303030303
1,0.0,3.9,1900-01-01 11:15:58,11:16:31,1,2,33,1,20,675,1,7.0,18.86,4.0,-6.0,33.0,0.030303030303030304
2,2.17,6.43,1900-01-01 11:16:09,11:16:42,5,2,33,1,20,676,1,1.0,3.9,3.3333333333333335,1.0,15.207373271889402,0.1315151515151515
6,2.72,15.97,1900-01-01 11:17:07,11:17:40,2,2,33,0,35,677,1,2.0,6.43,3.0,4.0,12.13235294117647,0.4945454545454546
3,0.96,2.59,1900-01-01 11:17:18,11:17:51,3,2,33,1,20,677,1,6.0,15.97,3.6666666666666665,-3.0,34.375,0.08727272727272728
7,2.44,10.82,1900-01-01 11:17:27,11:18:00,4,2,33,1,25,677,1,3.0,2.59,5.333333333333333,4.0,13.524590163934427,0.5175757575757576
11,2.14,10.0,1900-01-01 11:18:30,11:19:03,1,2,33,0,35,678,1,7.0,10.82,7.0,4.0,15.42056074766355,0.7133333333333334
5,4.17,16.69,1900-01-01 11:18:41,11:19:14,5,2,33,0,35,678,1,11.0,10.0,7.666666666666667,-6.0,7.913669064748202,0.6318181818181817
6,2.0,11.33,1900-01-01 11:19:39,11:20:12,2,2,33,1,20,679,1,5.0,16.69,7.333333333333333,1.0,16.5,0.36363636363636365
5,2.5,8.73,1900-01-01 11:19:50,11:20:23,3,2,33,1,20,679,1,6.0,11.33,5.333333333333333,-1.0,13.2,0.3787878787878788
5,5.21,11.85,1900-01-01 11:19:59,11:20:32,4,2,33,1,25,679,1,5.0,8.73,5.333333333333333,0.0,6.333973128598848,0.7893939393939394
7,1.9,8.3,1900-01-01 11:21:02,11:21:35,1,2,33,1,20,681,1,5.0,11.85,5.666666666666667,2.0,17.36842105263158,0.403030303030303
3,3.54,5.19,1900-01-01 11:21:13,11:21:46,5,2,33,1,20,681,1,7.0,8.3,5.0,-4.0,9.322033898305085,0.32181818181818184
9,1.45,20.43,1900-01-01 11:22:11,11:22:44,2,2,33,0,35,682,1,3.0,5.19,6.333333333333333,6.0,22.758620689655174,0.39545454545454545
2,1.92,2.92,1900-01-01 11:22:22,11:22:55,3,2,33,1,20,682,1,9.0,20.43,4.666666666666667,-7.0,17.1875,0.11636363636363636
4,3.69,7.73,1900-01-01 11:22:31,11:23:04,4,2,33,1,25,682,1,2.0,2.92,5.0,2.0,8.94308943089431,0.44727272727272727
4,1.53,6.1,1900-01-01 11:23:34,11:24:07,1,2,33,1,20,683,1,4.0,7.73,3.3333333333333335,0.0,21.56862745098039,0.18545454545454548
5,2.1,10.79,1900-01-01 11:23:45,11:24:18,5,2,33,1,20,683,1,4.0,6.1,4.333333333333333,1.0,15.714285714285714,0.3181818181818182
10,2.59,24.12,1900-01-01 11:24:43,11:25:16,2,2,33,0,35,684,1,5.0,10.79,6.333333333333333,5.0,12.741312741312742,0.7848484848484848
4,2.53,6.7,1900-01-01 11:24:54,11:25:27,3,2,33,1,20,684,1,10.0,24.12,6.333333333333333,-6.0,13.043478260869566,0.30666666666666664
9,1.78,12.48,1900-01-01 11:25:03,11:25:36,4,2,33,0,35,685,1,4.0,6.7,7.666666666666667,5.0,18.53932584269663,0.4854545454545454
5,3.19,5.5,1900-01-01 11:26:06,11:26:39,1,2,33,1,20,686,1,9.0,12.48,6.0,-4.0,10.344827586206897,0.48333333333333334
7,2.65,8.38,1900-01-01 11:26:17,11:26:50,5,2,33,1,20,686,1,5.0,5.5,7.0,2.0,12.452830188679245,0.5621212121212121
4,4.36,6.87,1900-01-01 11:27:15,11:27:48,2,2,33,1,20,687,1,7.0,8.38,5.333333333333333,-3.0,7.568807339449541,0.5284848484848486
7,2.79,10.81,1900-01-01 11:27:26,11:27:59,3,2,33,1,20,687,1,4.0,6.87,6.0,3.0,11.827956989247312,0.5918181818181818
7,4.78,11.4,1900-01-01 11:27:35,11:28:08,4,2,33,1,25,687,1,7.0,10.81,6.0,0.0,6.903765690376568,1.0139393939393941
3,1.25,5.97,1900-01-01 11:28:38,11:29:11,1,2,33,1,20,688,1,7.0,11.4,5.666666666666667,-4.0,26.4,0.11363636363636365
1,0.0,5.14,1900-01-01 11:28:49,11:29:22,5,2,33,1,20,688,1,3.0,5.97,3.6666666666666665,-2.0,33.0,0.030303030303030304
2,5.0,4.31,1900-01-01 11:29:47,11:30:20,2,2,33,1,20,689,1,1.0,5.14,2.0,1.0,6.6,0.30303030303030304
2,14.42,2.98,1900-01-01 11:29:58,11:30:31,3,2,33,2,28,689,1,2.0,4.31,1.6666666666666667,0.0,2.2884882108183078,0.873939393939394
3,5.96,6.51,1900-01-01 11:30:07,11:30:40,4,2,33,1,22,690,1,2.0,2.98,2.3333333333333335,1.0,5.5369127516778525,0.5418181818181818
5,1.65,5.72,1900-01-01 11:31:10,11:31:43,1,2,33,1,20,691,1,3.0,6.51,3.3333333333333335,2.0,20.0,0.25
10,1.82,17.48,1900-01-01 11:31:21,11:31:54,5,2,33,0,35,691,1,5.0,5.72,6.0,5.0,18.13186813186813,0.5515151515151515
5,3.85,7.21,1900-01-01 11:32:19,11:32:52,2,2,33,1,20,692,1,10.0,17.48,6.666666666666667,-5.0,8.571428571428571,0.5833333333333334
9,2.32,9.5,1900-01-01 11:32:30,11:33:03,3,2,33,0,35,692,1,5.0,7.21,8.0,4.0,14.224137931034484,0.6327272727272727
3,14.12,6.06,1900-01-01 11:32:39,11:33:12,4,2,33,2,36,692,1,9.0,9.5,5.666666666666667,-6.0,2.3371104815864023,1.2836363636363637
4,2.56,10.21,1900-01-01 11:33:42,11:34:15,1,2,33,1,20,693,1,3.0,6.06,5.333333333333333,1.0,12.890625,0.3103030303030303
1,0.0,4.79,1900-01-01 11:33:53,11:34:26,5,2,33,1,20,693,1,4.0,10.21,2.6666666666666665,-3.0,33.0,0.030303030303030304
3,4.92,9.87,1900-01-01 11:34:51,11:35:24,2,2,33,1,20,694,1,1.0,4.79,2.6666666666666665,2.0,6.7073170731707314,0.44727272727272727
7,4.49,11.63,1900-01-01 11:35:02,11:35:35,3,2,33,1,20,695,1,3.0,9.87,3.6666666666666665,4.0,7.349665924276169,0.9524242424242424
6,3.4,10.68,1900-01-01 11:35:11,11:35:44,4,2,33,1,22,695,1,7.0,11.63,5.333333333333333,-1.0,9.705882352941178,0.6181818181818182
11,1.88,13.78,1900-01-01 11:36:14,11:36:47,1,2,33,0,35,696,1,6.0,10.68,8.0,5.0,17.5531914893617,0.6266666666666667
6,2.35,10.94,1900-01-01 11:36:25,11:36:58,5,2,33,1,20,696,1,11.0,13.78,7.666666666666667,-5.0,14.042553191489361,0.4272727272727273
4,1.94,14.49,1900-01-01 11:37:23,11:37:56,2,2,33,1,20,697,1,6.0,10.94,7.0,-2.0,17.010309278350515,0.23515151515151514
2,2.67,3.62,1900-01-01 11:37:34,11:38:07,3,2,33,1,20,697,1,4.0,14.49,4.0,-2.0,12.359550561797754,0.1618181818181818
8,3.5,11.92,1900-01-01 11:37:43,11:38:16,4,2,33,0,35,697,1,2.0,3.62,4.666666666666667,6.0,9.428571428571429,0.8484848484848485
12,1.79,13.07,1900-01-01 11:38:46,11:39:19,1,2,33,0,35,698,1,8.0,11.92,7.333333333333333,4.0,18.435754189944134,0.6509090909090909
3,9.79,9.83,1900-01-01 11:38:57,11:39:30,5,2,33,2,29,698,1,12.0,13.07,7.666666666666667,-9.0,3.370786516853933,0.8899999999999999
0,0.0,4.06,1900-01-01 11:39:55,11:40:28,2,2,33,1,20,699,1,3.0,9.83,5.0,-3.0,33.0,0.0
6,2.03,7.02,1900-01-01 11:40:06,11:40:39,3,2,33,1,20,700,1,0.0,4.06,3.0,6.0,16.256157635467982,0.369090909090909
3,10.29,7.01,1900-01-01 11:40:15,11:40:48,4,2,33,2,36,700,1,6.0,7.02,3.0,-3.0,3.2069970845481053,0.9354545454545453
4,4.44,5.73,1900-01-01 11:41:18,11:41:51,1,2,33,1,20,701,1,3.0,7.01,4.333333333333333,1.0,7.432432432432432,0.5381818181818182
5,6.88,7.2,1900-01-01 11:41:29,11:42:02,5,2,33,1,20,701,1,4.0,5.73,4.0,1.0,4.796511627906977,1.0424242424242425
12,1.67,18.52,1900-01-01 11:42:27,11:43:00,2,2,33,0,35,702,1,5.0,7.2,7.0,7.0,19.76047904191617,0.6072727272727272
6,2.25,8.83,1900-01-01 11:42:38,11:43:11,3,2,33,1,20,702,1,12.0,18.52,7.666666666666667,-6.0,14.666666666666666,0.4090909090909091
7,1.69,12.82,1900-01-01 11:42:47,11:43:20,4,2,33,0,35,702,1,6.0,8.83,8.333333333333334,1.0,19.526627218934912,0.35848484848484846
4,2.0,8.39,1900-01-01 11:43:50,11:44:23,1,2,33,1,20,703,1,7.0,12.82,5.666666666666667,-3.0,16.5,0.24242424242424243
4,6.64,6.38,1900-01-01 11:44:01,11:44:34,5,2,33,1,20,704,1,4.0,8.39,5.0,0.0,4.96987951807229,0.8048484848484848
2,0.83,5.06,1900-01-01 11:44:59,11:45:32,2,2,33,1,20,704,1,4.0,6.38,3.3333333333333335,-2.0,39.75903614457832,0.0503030303030303
3,3.38,5.3,1900-01-01 11:45:10,11:45:43,3,2,33,1,20,705,1,2.0,5.06,3.0,1.0,9.763313609467456,0.30727272727272725
2,0.0,4.45,1900-01-01 11:45:19,11:45:52,4,2,33,1,20,705,1,3.0,5.3,2.3333333333333335,-1.0,33.0,0.06060606060606061
6,5.35,6.0,1900-01-01 11:46:22,11:46:55,1,2,33,1,20,706,1,2.0,4.45,3.6666666666666665,4.0,6.168224299065421,0.9727272727272727
3,5.25,6.36,1900-01-01 11:46:33,11:47:06,5,2,33,1,20,706,1,6.0,6.0,3.6666666666666665,-3.0,6.285714285714286,0.4772727272727273
10,2.69,16.63,1900-01-01 11:47:31,11:48:04,2,2,33,0,35,707,1,3.0,6.36,6.333333333333333,7.0,12.267657992565056,0.8151515151515152
2,2.67,9.36,1900-01-01 11:47:42,11:48:15,3,2,33,1,20,707,1,10.0,16.63,5.0,-8.0,12.359550561797754,0.1618181818181818
1,0.0,3.34,1900-01-01 11:47:51,11:48:24,4,2,33,1,20,707,1,2.0,9.36,4.333333333333333,-1.0,33.0,0.030303030303030304
4,2.33,4.44,1900-01-01 11:48:54,11:49:27,1,2,33,1,20,708,1,1.0,3.34,2.3333333333333335,3.0,14.163090128755364,0.2824242424242424
4,2.08,8.32,1900-01-01 11:49:05,11:49:38,5,2,33,1,20,709,1,4.0,4.44,3.0,0.0,15.865384615384615,0.25212121212121213
3,4.46,7.05,1900-01-01 11:50:03,11:50:36,2,2,33,1,20,710,1,4.0,8.32,3.6666666666666665,-1.0,7.399103139013453,0.4054545454545454
7,3.08,13.43,1900-01-01 11:50:14,11:50:47,3,2,33,0,55,710,1,3.0,7.05,4.666666666666667,4.0,10.714285714285714,0.6533333333333334
4,5.83,7.05,1900-01-01 11:50:23,11:50:56,4,2,33,1,20,710,1,7.0,13.43,4.666666666666667,-3.0,5.660377358490566,0.7066666666666667
3,1.62,2.75,1900-01-01 11:51:26,11:51:59,1,2,33,1,20,711,1,4.0,7.05,4.666666666666667,-1.0,20.37037037037037,0.14727272727272728
1,0.0,6.51,1900-01-01 11:51:37,11:52:10,5,2,33,1,20,711,1,3.0,2.75,2.6666666666666665,-2.0,33.0,0.030303030303030304
1,0.0,5.08,1900-01-01 11:52:35,11:53:08,2,2,33,1,20,712,1,1.0,6.51,1.6666666666666667,0.0,33.0,0.030303030303030304
1,0.0,29.49,1900-01-01 11:52:46,11:53:19,3,2,33,0,55,712,1,1.0,5.08,1.0,0.0,33.0,0.030303030303030304
6,1.88,12.6,1900-01-01 11:52:55,11:53:28,4,2,33,1,20,712,1,1.0,29.49,2.6666666666666665,5.0,17.5531914893617,0.34181818181818185
5,3.58,5.46,1900-01-01 11:53:58,11:54:31,1,2,33,1,20,713,1,6.0,12.6,4.0,-1.0,9.217877094972067,0.5424242424242424
4,3.78,9.81,1900-01-01 11:54:09,11:54:42,5,2,33,1,20,714,1,5.0,5.46,5.0,-1.0,8.730158730158731,0.45818181818181813
8,3.55,13.66,1900-01-01 11:55:07,11:55:40,2,2,33,0,35,715,1,4.0,9.81,5.666666666666667,4.0,9.295774647887324,0.8606060606060606
7,2.57,7.7,1900-01-01 11:55:18,11:55:51,3,2,33,1,20,715,1,8.0,13.66,6.333333333333333,-1.0,12.84046692607004,0.5451515151515152
11,2.64,16.77,1900-01-01 11:55:27,11:56:00,4,2,33,0,35,715,1,7.0,7.7,8.666666666666666,4.0,12.5,0.88
2,1.75,3.59,1900-01-01 11:56:30,11:57:03,1,2,33,1,20,716,1,11.0,16.77,6.666666666666667,-9.0,18.857142857142858,0.10606060606060606
2,13.83,4.41,1900-01-01 11:56:41,11:57:14,5,2,33,2,27,716,1,2.0,3.59,5.0,0.0,2.386117136659436,0.8381818181818183
4,2.94,9.89,1900-01-01 11:57:39,11:58:12,2,2,33,1,20,717,1,2.0,4.41,2.6666666666666665,2.0,11.224489795918368,0.3563636363636363
6,4.2,10.68,1900-01-01 11:57:50,11:58:23,3,2,33,1,20,717,1,4.0,9.89,4.0,2.0,7.857142857142857,0.7636363636363637
5,4.02,11.21,1900-01-01 11:57:59,11:58:32,4,2,33,1,20,717,1,6.0,10.68,5.0,-1.0,8.208955223880597,0.6090909090909091
5,3.19,4.82,1900-01-01 11:59:02,11:59:35,1,2,33,1,20,719,1,5.0,11.21,5.333333333333333,0.0,10.344827586206897,0.48333333333333334
5,6.15,12.73,1900-01-01 11:59:13,11:59:46,5,2,33,1,20,719,1,5.0,4.82,5.0,0.0,5.365853658536585,0.9318181818181819
3,7.38,6.92,1900-01-01 12:00:11,12:00:44,2,2,33,2,32,720,1,5.0,12.73,4.333333333333333,-2.0,4.471544715447155,0.6709090909090909
7,1.72,10.34,1900-01-01 12:00:22,12:00:55,3,2,33,1,20,720,1,3.0,6.92,5.0,4.0,19.186046511627907,0.36484848484848487
6,4.4,9.52,1900-01-01 12:00:31,12:01:04,4,2,33,1,23,720,1,7.0,10.34,5.333333333333333,-1.0,7.499999999999999,0.8
11,1.72,11.68,1900-01-01 12:01:34,12:02:07,1,2,33,0,35,721,2,6.0,9.52,8.0,5.0,19.186046511627907,0.5733333333333334
3,1.21,6.85,1900-01-01 12:01:45,12:02:18,5,2,33,1,20,721,2,11.0,11.68,6.666666666666667,-8.0,27.272727272727273,0.11
6,3.48,11.6,1900-01-01 12:02:43,12:03:16,2,2,33,1,22,722,2,3.0,6.85,6.666666666666667,3.0,9.482758620689655,0.6327272727272728
2,0.08,3.59,1900-01-01 12:02:54,12:03:27,3,2,33,1,20,722,2,6.0,11.6,3.6666666666666665,-4.0,412.5,0.0048484848484848485
6,2.9,12.87,1900-01-01 12:03:03,12:03:36,4,2,33,1,23,723,2,2.0,3.59,4.666666666666667,4.0,11.379310344827587,0.5272727272727272
2,5.0,3.58,1900-01-01 12:04:06,12:04:39,1,2,33,1,20,724,2,6.0,12.87,3.3333333333333335,-4.0,6.6,0.30303030303030304
10,2.47,17.9,1900-01-01 12:04:17,12:04:50,5,2,33,0,35,724,2,2.0,3.58,6.0,8.0,13.360323886639675,0.7484848484848485
2,16.92,4.05,1900-01-01 12:05:15,12:05:48,2,2,33,2,32,725,2,10.0,17.9,4.666666666666667,-8.0,1.9503546099290778,1.0254545454545456
3,10.46,3.69,1900-01-01 12:05:26,12:05:59,3,2,33,2,30,725,2,2.0,4.05,5.0,1.0,3.1548757170172084,0.9509090909090909
13,2.41,16.68,1900-01-01 12:05:35,12:06:08,4,2,33,0,35,725,2,3.0,3.69,6.0,10.0,13.692946058091286,0.9493939393939395
8,3.04,11.11,1900-01-01 12:06:38,12:07:11,1,2,33,0,35,726,2,13.0,16.68,8.0,-5.0,10.855263157894736,0.736969696969697
4,2.42,11.99,1900-01-01 12:06:49,12:07:22,5,2,33,1,20,726,2,8.0,11.11,8.333333333333334,-4.0,13.636363636363637,0.29333333333333333
4,8.5,9.2,1900-01-01 12:07:47,12:08:20,2,2,33,2,32,727,2,4.0,11.99,5.333333333333333,0.0,3.8823529411764706,1.0303030303030303
3,9.54,3.35,1900-01-01 12:07:58,12:08:31,3,2,33,2,30,727,2,4.0,9.2,3.6666666666666665,-1.0,3.459119496855346,0.8672727272727272
9,1.84,16.05,1900-01-01 12:08:07,12:08:40,4,2,33,0,35,728,2,3.0,3.35,5.333333333333333,6.0,17.934782608695652,0.5018181818181818
3,1.67,3.23,1900-01-01 12:09:10,12:09:43,1,2,33,1,20,729,2,9.0,16.05,5.0,-6.0,19.76047904191617,0.1518181818181818
5,5.42,21.12,1900-01-01 12:09:21,12:09:54,5,2,33,0,35,729,2,3.0,3.23,5.666666666666667,2.0,6.088560885608856,0.8212121212121213
6,2.17,13.63,1900-01-01 12:10:19,12:10:52,2,2,33,0,35,730,2,5.0,21.12,4.666666666666667,1.0,15.207373271889402,0.39454545454545453
4,3.61,6.3,1900-01-01 12:10:30,12:11:03,3,2,33,1,20,730,2,6.0,13.63,5.0,-2.0,9.141274238227147,0.43757575757575756
5,1.63,22.42,1900-01-01 12:10:39,12:11:12,4,2,33,0,35,730,2,4.0,6.3,5.0,1.0,20.245398773006137,0.24696969696969695
3,3.29,4.59,1900-01-01 12:11:42,12:12:15,1,2,33,1,20,731,2,5.0,22.42,4.0,-2.0,10.030395136778115,0.29909090909090913
5,3.19,12.06,1900-01-01 12:11:53,12:12:26,5,2,33,1,20,731,2,3.0,4.59,4.333333333333333,2.0,10.344827586206897,0.48333333333333334
8,2.6,16.53,1900-01-01 12:12:51,12:13:24,2,2,33,0,35,732,2,5.0,12.06,5.333333333333333,3.0,12.692307692307692,0.6303030303030304
5,1.5,7.15,1900-01-01 12:13:02,12:13:35,3,2,33,1,20,733,2,8.0,16.53,6.0,-3.0,22.0,0.22727272727272727
8,2.58,12.29,1900-01-01 12:13:11,12:13:44,4,2,33,0,35,733,2,5.0,7.15,7.0,3.0,12.790697674418604,0.6254545454545455
4,4.25,9.34,1900-01-01 12:14:14,12:14:47,1,2,33,1,20,734,2,8.0,12.29,5.666666666666667,-4.0,7.764705882352941,0.5151515151515151
7,2.12,16.28,1900-01-01 12:14:25,12:14:58,5,2,33,0,35,734,2,4.0,9.34,6.333333333333333,3.0,15.566037735849056,0.4496969696969697
6,3.78,10.21,1900-01-01 12:15:23,12:15:56,2,2,33,1,20,735,2,7.0,16.28,5.666666666666667,-1.0,8.730158730158731,0.6872727272727271
3,2.83,5.31,1900-01-01 12:15:34,12:16:07,3,2,33,1,20,735,2,6.0,10.21,5.333333333333333,-3.0,11.66077738515901,0.25727272727272726
8,1.67,13.52,1900-01-01 12:15:43,12:16:16,4,2,33,0,35,735,2,3.0,5.31,5.666666666666667,5.0,19.76047904191617,0.4048484848484848
6,2.17,8.7,1900-01-01 12:16:46,12:17:19,1,2,33,1,20,736,2,8.0,13.52,5.666666666666667,-2.0,15.207373271889402,0.39454545454545453
2,20.0,5.72,1900-01-01 12:16:57,12:17:30,5,2,33,2,39,736,2,6.0,8.7,5.333333333333333,-4.0,1.65,1.2121212121212122
2,2.0,6.05,1900-01-01 12:17:55,12:18:28,2,2,33,1,20,737,2,2.0,5.72,3.3333333333333335,0.0,16.5,0.12121212121212122
10,2.2,14.31,1900-01-01 12:18:06,12:18:39,3,2,33,0,35,738,2,2.0,6.05,4.666666666666667,8.0,14.999999999999998,0.6666666666666667
11,1.93,21.21,1900-01-01 12:18:15,12:18:48,4,2,33,0,35,738,2,10.0,14.31,7.666666666666667,1.0,17.098445595854923,0.6433333333333333
3,1.04,5.37,1900-01-01 12:19:18,12:19:51,1,2,33,1,20,739,2,11.0,21.21,8.0,-8.0,31.73076923076923,0.09454545454545454
4,5.83,7.41,1900-01-01 12:19:29,12:20:02,5,2,33,1,20,739,2,3.0,5.37,6.0,1.0,5.660377358490566,0.7066666666666667
4,5.14,9.57,1900-01-01 12:20:27,12:21:00,2,2,33,1,20,740,2,4.0,7.41,3.6666666666666665,0.0,6.42023346303502,0.623030303030303
1,0.0,1.69,1900-01-01 12:20:38,12:21:11,3,2,33,1,20,740,2,4.0,9.57,3.0,-3.0,33.0,0.030303030303030304
3,2.62,8.35,1900-01-01 12:20:47,12:21:20,4,2,33,1,20,740,2,1.0,1.69,2.6666666666666665,2.0,12.595419847328245,0.2381818181818182
4,7.0,6.23,1900-01-01 12:21:50,12:22:23,1,2,33,2,28,741,2,3.0,8.35,2.6666666666666665,1.0,4.714285714285714,0.8484848484848485
5,2.15,10.99,1900-01-01 12:22:01,12:22:34,5,2,33,1,20,742,2,4.0,6.23,4.0,1.0,15.348837209302326,0.32575757575757575
4,3.89,9.7,1900-01-01 12:22:59,12:23:32,2,2,33,1,20,742,2,5.0,10.99,4.333333333333333,-1.0,8.483290488431876,0.4715151515151515
4,4.36,3.83,1900-01-01 12:23:10,12:23:43,3,2,33,1,20,743,2,4.0,9.7,4.333333333333333,0.0,7.568807339449541,0.5284848484848486
7,2.81,11.94,1900-01-01 12:23:19,12:23:52,4,2,33,0,35,743,2,4.0,3.83,5.0,3.0,11.743772241992882,0.5960606060606061
9,1.8,13.88,1900-01-01 12:24:22,12:24:55,1,2,33,0,35,744,2,7.0,11.94,6.666666666666667,2.0,18.333333333333332,0.49090909090909096
6,2.33,12.2,1900-01-01 12:24:33,12:25:06,5,2,33,1,20,744,2,9.0,13.88,7.333333333333333,-3.0,14.163090128755364,0.42363636363636364
7,2.65,11.53,1900-01-01 12:25:31,12:26:04,2,2,33,0,35,745,2,6.0,12.2,7.333333333333333,1.0,12.452830188679245,0.5621212121212121
6,1.57,8.06,1900-01-01 12:25:42,12:26:15,3,2,33,1,20,745,2,7.0,11.53,6.333333333333333,-1.0,21.019108280254777,0.28545454545454546
1,0.0,8.92,1900-01-01 12:25:51,12:26:24,4,2,33,1,20,745,2,6.0,8.06,4.666666666666667,-5.0,33.0,0.030303030303030304
14,1.67,14.55,1900-01-01 12:26:54,12:27:27,1,2,33,0,35,746,2,1.0,8.92,7.0,13.0,19.76047904191617,0.7084848484848484
8,3.04,14.56,1900-01-01 12:27:05,12:27:38,5,2,33,0,35,747,2,14.0,14.55,7.666666666666667,-6.0,10.855263157894736,0.736969696969697
6,2.18,20.83,1900-01-01 12:28:03,12:28:36,2,2,33,0,35,748,2,8.0,14.56,9.333333333333334,-2.0,15.137614678899082,0.39636363636363636
4,6.03,3.55,1900-01-01 12:28:14,12:28:47,3,2,33,1,20,748,2,6.0,20.83,6.0,-2.0,5.4726368159203975,0.730909090909091
8,1.68,14.99,1900-01-01 12:28:23,12:28:56,4,2,33,0,35,748,2,4.0,3.55,6.0,4.0,19.642857142857142,0.4072727272727273
4,2.06,5.93,1900-01-01 12:29:26,12:29:59,1,2,33,1,20,749,2,8.0,14.99,5.333333333333333,-4.0,16.019417475728154,0.24969696969696972
0,0.0,2.7,1900-01-01 12:29:37,12:30:10,5,2,33,1,20,749,2,4.0,5.93,4.0,-4.0,33.0,0.0
7,2.1,13.23,1900-01-01 12:30:35,12:31:08,2,2,33,0,35,750,2,0.0,2.7,3.6666666666666665,7.0,15.714285714285714,0.4454545454545455
6,2.15,6.36,1900-01-01 12:30:46,12:31:19,3,2,33,1,20,750,2,7.0,13.23,4.333333333333333,-1.0,15.348837209302326,0.3909090909090909
1,0.0,4.09,1900-01-01 12:30:55,12:31:28,4,2,33,1,20,750,2,6.0,6.36,4.666666666666667,-5.0,33.0,0.030303030303030304
7,2.21,9.18,1900-01-01 12:31:58,12:32:31,1,2,33,1,20,751,2,1.0,4.09,4.666666666666667,6.0,14.93212669683258,0.46878787878787875
3,0.79,5.24,1900-01-01 12:32:09,12:32:42,5,2,33,1,20,752,2,7.0,9.18,3.6666666666666665,-4.0,41.77215189873417,0.07181818181818182
5,3.1,12.68,1900-01-01 12:33:07,12:33:40,2,2,33,1,20,753,2,3.0,5.24,5.0,2.0,10.64516129032258,0.4696969696969697
5,1.42,8.07,1900-01-01 12:33:18,12:33:51,3,2,33,1,20,753,2,5.0,12.68,4.333333333333333,0.0,23.23943661971831,0.21515151515151512
8,4.2,14.98,1900-01-01 12:33:27,12:34:00,4,2,33,0,35,753,2,5.0,8.07,6.0,3.0,7.857142857142857,1.0181818181818183
5,3.31,7.09,1900-01-01 12:34:30,12:35:03,1,2,33,1,20,754,2,8.0,14.98,6.0,-3.0,9.969788519637461,0.5015151515151516
3,2.5,6.06,1900-01-01 12:34:41,12:35:14,5,2,33,1,20,754,2,5.0,7.09,5.333333333333333,-2.0,13.2,0.2272727272727273
6,3.05,10.96,1900-01-01 12:35:39,12:36:12,2,2,33,1,20,755,2,3.0,6.06,4.666666666666667,3.0,10.819672131147541,0.5545454545454546
5,4.0,4.93,1900-01-01 12:35:50,12:36:23,3,2,33,1,20,755,2,6.0,10.96,4.666666666666667,-1.0,8.25,0.6060606060606061
4,7.86,9.14,1900-01-01 12:35:59,12:36:32,4,2,33,2,34,755,2,5.0,4.93,5.0,-1.0,4.198473282442748,0.9527272727272728
8,3.69,9.45,1900-01-01 12:37:02,12:37:35,1,2,33,1,20,757,2,4.0,9.14,5.666666666666667,4.0,8.94308943089431,0.8945454545454545
3,4.83,10.08,1900-01-01 12:37:13,12:37:46,5,2,33,1,20,757,2,8.0,9.45,5.0,-5.0,6.832298136645963,0.4390909090909091
2,22.5,5.92,1900-01-01 12:38:11,12:38:44,2,2,33,2,40,758,2,3.0,10.08,4.333333333333333,-1.0,1.4666666666666666,1.3636363636363638
1,0.0,1.3,1900-01-01 12:38:22,12:38:55,3,2,33,1,20,758,2,2.0,5.92,2.0,-1.0,33.0,0.030303030303030304
3,11.88,8.96,1900-01-01 12:38:31,12:39:04,4,2,33,2,34,758,2,1.0,1.3,2.0,2.0,2.7777777777777777,1.08
1,0.0,2.1,1900-01-01 12:39:34,12:40:07,1,2,33,1,20,759,2,3.0,8.96,1.6666666666666667,-2.0,33.0,0.030303030303030304
5,4.46,6.34,1900-01-01 12:39:45,12:40:18,5,2,33,1,20,759,2,1.0,2.1,3.0,4.0,7.399103139013453,0.6757575757575757
3,10.08,6.11,1900-01-01 12:40:43,12:41:16,2,2,33,2,40,760,2,5.0,6.34,3.0,-2.0,3.2738095238095237,0.9163636363636364
6,2.42,7.72,1900-01-01 12:40:54,12:41:27,3,2,33,1,20,760,2,3.0,6.11,4.666666666666667,3.0,13.636363636363637,0.44
7,2.89,12.42,1900-01-01 12:41:03,12:41:36,4,2,33,0,35,761,2,6.0,7.72,5.333333333333333,1.0,11.418685121107266,0.613030303030303
7,1.33,9.36,1900-01-01 12:42:06,12:42:39,1,2,33,1,20,762,2,7.0,12.42,6.666666666666667,0.0,24.81203007518797,0.2821212121212121
3,2.04,5.07,1900-01-01 12:42:17,12:42:50,5,2,33,1,20,762,2,7.0,9.36,5.666666666666667,-4.0,16.176470588235293,0.18545454545454546
2,1.33,6.17,1900-01-01 12:43:15,12:43:48,2,2,33,1,20,763,2,3.0,5.07,4.0,-1.0,24.81203007518797,0.08060606060606061
13,1.46,15.17,1900-01-01 12:43:26,12:43:59,3,2,33,0,35,763,2,2.0,6.17,6.0,11.0,22.602739726027398,0.5751515151515151
4,5.08,10.41,1900-01-01 12:43:35,12:44:08,4,2,33,1,20,763,2,13.0,15.17,6.333333333333333,-9.0,6.496062992125984,0.6157575757575757
6,1.95,6.17,1900-01-01 12:44:38,12:45:11,1,2,33,1,20,764,2,4.0,10.41,7.666666666666667,2.0,16.923076923076923,0.35454545454545455
7,1.38,10.89,1900-01-01 12:44:49,12:45:22,5,2,33,1,20,764,2,6.0,6.17,5.666666666666667,1.0,23.91304347826087,0.2927272727272727
8,2.61,12.2,1900-01-01 12:45:47,12:46:20,2,2,33,0,35,765,2,7.0,10.89,7.0,1.0,12.64367816091954,0.6327272727272727
5,3.27,8.06,1900-01-01 12:45:58,12:46:31,3,2,33,1,20,765,2,8.0,12.2,6.666666666666667,-3.0,10.091743119266056,0.4954545454545454
4,1.75,7.13,1900-01-01 12:46:07,12:46:40,4,2,33,1,20,766,2,5.0,8.06,5.666666666666667,-1.0,18.857142857142858,0.21212121212121213
3,1.71,5.28,1900-01-01 12:47:10,12:47:43,1,2,33,1,20,767,2,4.0,7.13,4.0,-1.0,19.29824561403509,0.15545454545454546
2,3.92,4.12,1900-01-01 12:47:21,12:47:54,5,2,33,1,20,767,2,3.0,5.28,3.0,-1.0,8.418367346938776,0.23757575757575755
5,2.6,7.65,1900-01-01 12:48:19,12:48:52,2,2,33,1,20,768,2,2.0,4.12,3.3333333333333335,3.0,12.692307692307692,0.393939393939394
5,2.12,6.61,1900-01-01 12:48:30,12:49:03,3,2,33,1,20,768,2,5.0,7.65,4.0,0.0,15.566037735849056,0.3212121212121212
5,3.69,9.9,1900-01-01 12:48:39,12:49:12,4,2,33,1,20,768,2,5.0,6.61,5.0,0.0,8.94308943089431,0.5590909090909091
5,1.65,6.66,1900-01-01 12:49:42,12:50:15,1,2,33,1,20,769,2,5.0,9.9,5.0,0.0,20.0,0.25
8,3.83,11.96,1900-01-01 12:49:53,12:50:26,5,2,33,0,36,769,2,5.0,6.66,6.0,3.0,8.616187989556135,0.9284848484848486
7,4.51,12.99,1900-01-01 12:50:51,12:51:24,2,2,33,0,35,770,2,8.0,11.96,6.666666666666667,-1.0,7.317073170731708,0.9566666666666667
5,7.58,5.08,1900-01-01 12:51:02,12:51:35,3,2,33,2,37,771,2,7.0,12.99,6.666666666666667,-2.0,4.353562005277045,1.1484848484848484
3,1.96,5.77,1900-01-01 12:51:11,12:51:44,4,2,33,1,20,771,2,5.0,5.08,5.0,-2.0,16.836734693877553,0.17818181818181816
7,0.96,8.44,1900-01-01 12:52:14,12:52:47,1,2,33,1,20,772,2,3.0,5.77,5.0,4.0,34.375,0.20363636363636364
5,1.25,12.12,1900-01-01 12:52:25,12:52:58,5,2,33,1,20,772,2,7.0,8.44,5.0,-2.0,26.4,0.1893939393939394
3,2.58,9.46,1900-01-01 12:53:23,12:53:56,2,2,33,1,20,773,2,5.0,12.12,5.0,-2.0,12.790697674418604,0.23454545454545456
5,4.58,7.44,1900-01-01 12:53:34,12:54:07,3,2,33,1,20,773,2,3.0,9.46,4.333333333333333,2.0,7.205240174672489,0.693939393939394
7,3.0,11.24,1900-01-01 12:53:43,12:54:16,4,2,33,1,20,773,2,5.0,7.44,5.0,2.0,11.0,0.6363636363636364
4,2.36,5.57,1900-01-01 12:54:46,12:55:19,1,2,33,1,20,774,2,7.0,11.24,5.333333333333333,-3.0,13.983050847457628,0.286060606060606
4,1.44,5.89,1900-01-01 12:54:57,12:55:30,5,2,33,1,20,774,2,4.0,5.57,5.0,0.0,22.916666666666668,0.17454545454545453
3,2.83,10.4,1900-01-01 12:55:55,12:56:28,2,2,33,1,20,775,2,4.0,5.89,3.6666666666666665,-1.0,11.66077738515901,0.25727272727272726
8,3.9,12.53,1900-01-01 12:56:06,12:56:39,3,2,33,0,36,776,2,3.0,10.4,5.0,5.0,8.461538461538462,0.9454545454545454
10,2.74,22.23,1900-01-01 12:56:15,12:56:48,4,2,33,0,35,776,2,8.0,12.53,7.0,2.0,12.043795620437955,0.8303030303030304
2,8.5,4.13,1900-01-01 12:57:18,12:57:51,1,2,33,2,18,777,2,10.0,22.23,6.666666666666667,-8.0,3.8823529411764706,0.5151515151515151
5,3.46,7.18,1900-01-01 12:57:29,12:58:02,5,2,33,1,20,777,2,2.0,4.13,5.666666666666667,3.0,9.53757225433526,0.5242424242424243
3,3.12,8.11,1900-01-01 12:58:27,12:59:00,2,2,33,1,20,778,2,5.0,7.18,3.3333333333333335,-2.0,10.576923076923077,0.28363636363636363
4,3.11,10.27,1900-01-01 12:58:38,12:59:11,3,2,33,1,20,778,2,3.0,8.11,4.0,1.0,10.610932475884244,0.37696969696969695
4,4.69,8.47,1900-01-01 12:58:47,12:59:20,4,2,33,1,20,778,2,4.0,10.27,3.6666666666666665,0.0,7.036247334754797,0.5684848484848486
4,1.94,5.6,1900-01-01 12:59:50,13:00:23,1,2,33,1,20,779,2,4.0,8.47,4.0,0.0,17.010309278350515,0.23515151515151514
5,1.56,9.77,1900-01-01 13:00:01,13:00:34,5,2,33,1,20,780,2,4.0,5.6,4.333333333333333,1.0,21.153846153846153,0.23636363636363636
3,1.12,9.37,1900-01-01 13:00:59,13:01:32,2,2,33,1,20,780,2,5.0,9.77,4.0,-2.0,29.46428571428571,0.10181818181818182
3,2.46,4.38,1900-01-01 13:01:10,13:01:43,3,2,33,1,20,781,2,3.0,9.37,3.6666666666666665,0.0,13.414634146341463,0.22363636363636363
11,2.39,25.63,1900-01-01 13:01:19,13:01:52,4,2,33,0,35,781,2,3.0,4.38,5.666666666666667,8.0,13.807531380753137,0.7966666666666667
5,2.44,6.65,1900-01-01 13:02:22,13:02:55,1,2,33,1,20,782,2,11.0,25.63,6.333333333333333,-6.0,13.524590163934427,0.3696969696969697
2,7.33,9.97,1900-01-01 13:02:33,13:03:06,5,2,33,2,15,782,2,5.0,6.65,6.0,-3.0,4.502046384720328,0.4442424242424242
1,0.0,6.32,1900-01-01 13:03:31,13:04:04,2,2,33,1,20,783,2,2.0,9.97,2.6666666666666665,-1.0,33.0,0.030303030303030304
2,26.42,3.04,1900-01-01 13:03:42,13:04:15,3,2,33,2,35,783,2,1.0,6.32,1.6666666666666667,1.0,1.2490537471612415,1.601212121212121
5,4.81,7.13,1900-01-01 13:03:51,13:04:24,4,2,33,1,20,783,2,2.0,3.04,2.6666666666666665,3.0,6.860706860706861,0.7287878787878788
4,1.25,5.29,1900-01-01 13:04:54,13:05:27,1,2,33,1,20,784,2,5.0,7.13,3.6666666666666665,-1.0,26.4,0.15151515151515152
2,0.83,5.09,1900-01-01 13:05:05,13:05:38,5,2,33,1,20,785,2,4.0,5.29,3.6666666666666665,-2.0,39.75903614457832,0.0503030303030303
5,6.19,9.9,1900-01-01 13:06:03,13:06:36,2,2,33,1,20,786,2,2.0,5.09,3.6666666666666665,3.0,5.3311793214862675,0.937878787878788
6,1.9,10.9,1900-01-01 13:06:14,13:06:47,3,2,33,1,20,786,2,5.0,9.9,4.333333333333333,1.0,17.36842105263158,0.34545454545454546
1,0.0,5.21,1900-01-01 13:06:23,13:06:56,4,2,33,1,20,786,2,6.0,10.9,4.0,-5.0,33.0,0.030303030303030304
4,3.86,6.96,1900-01-01 13:07:26,13:07:59,1,2,33,1,20,787,2,1.0,5.21,3.6666666666666665,3.0,8.549222797927461,0.4678787878787879
6,5.5,15.87,1900-01-01 13:07:37,13:08:10,5,2,33,0,39,787,2,4.0,6.96,3.6666666666666665,2.0,6.0,1.0
12,2.0,19.02,1900-01-01 13:08:35,13:09:08,2,2,33,0,35,788,2,6.0,15.87,7.333333333333333,6.0,16.5,0.7272727272727273
2,9.42,7.37,1900-01-01 13:08:46,13:09:19,3,2,33,2,35,788,2,12.0,19.02,6.666666666666667,-10.0,3.5031847133757963,0.5709090909090909
6,2.35,10.93,1900-01-01 13:08:55,13:09:28,4,2,33,1,20,788,2,2.0,7.37,6.666666666666667,4.0,14.042553191489361,0.4272727272727273
5,1.92,6.82,1900-01-01 13:09:58,13:10:31,1,2,33,1,20,789,2,6.0,10.93,4.333333333333333,-1.0,17.1875,0.2909090909090909
7,4.9,13.51,1900-01-01 13:10:09,13:10:42,5,2,33,0,39,790,2,5.0,6.82,6.0,2.0,6.73469387755102,1.0393939393939393
3,10.54,8.81,1900-01-01 13:11:07,13:11:40,2,2,33,2,31,791,2,7.0,13.51,5.0,-4.0,3.1309297912713476,0.958181818181818
4,4.64,5.43,1900-01-01 13:11:18,13:11:51,3,2,33,1,20,791,2,3.0,8.81,4.666666666666667,1.0,7.112068965517242,0.5624242424242424
8,1.32,12.44,1900-01-01 13:11:27,13:12:00,4,2,33,0,35,791,2,4.0,5.43,5.0,4.0,25.0,0.32
5,1.44,7.48,1900-01-01 13:12:30,13:13:03,1,2,33,1,20,792,2,8.0,12.44,5.666666666666667,-3.0,22.916666666666668,0.21818181818181817
8,3.64,12.94,1900-01-01 13:12:41,13:13:14,5,2,33,0,39,792,2,5.0,7.48,7.0,3.0,9.065934065934066,0.8824242424242424
4,1.44,7.62,1900-01-01 13:13:39,13:14:12,2,2,33,1,20,793,2,8.0,12.94,5.666666666666667,-4.0,22.916666666666668,0.17454545454545453
5,3.27,15.0,1900-01-01 13:13:50,13:14:23,3,2,33,1,20,793,2,4.0,7.62,5.666666666666667,1.0,10.091743119266056,0.4954545454545454
1,0.0,5.41,1900-01-01 13:13:59,13:14:32,4,2,33,1,20,793,2,5.0,15.0,3.3333333333333335,-4.0,33.0,0.030303030303030304
4,3.58,5.82,1900-01-01 13:15:02,13:15:35,1,2,33,1,20,795,2,1.0,5.41,3.3333333333333335,3.0,9.217877094972067,0.43393939393939396
6,4.82,7.71,1900-01-01 13:15:13,13:15:46,5,2,33,1,20,795,2,4.0,5.82,3.6666666666666665,2.0,6.846473029045643,0.8763636363636365
3,2.58,7.79,1900-01-01 13:16:11,13:16:44,2,2,33,1,20,796,2,6.0,7.71,4.333333333333333,-3.0,12.790697674418604,0.23454545454545456
6,2.4,11.64,1900-01-01 13:16:22,13:16:55,3,2,33,1,20,796,2,3.0,7.79,5.0,3.0,13.75,0.43636363636363634
3,2.38,8.87,1900-01-01 13:16:31,13:17:04,4,2,33,1,20,796,2,6.0,11.64,4.0,-3.0,13.865546218487395,0.21636363636363637
6,2.48,6.04,1900-01-01 13:17:34,13:18:07,1,2,33,1,20,797,2,3.0,8.87,5.0,3.0,13.306451612903226,0.4509090909090909
7,1.93,14.54,1900-01-01 13:17:45,13:18:18,5,2,33,0,35,797,2,6.0,6.04,5.333333333333333,1.0,17.098445595854923,0.40939393939393937
2,3.17,7.3,1900-01-01 13:18:43,13:19:16,2,2,33,1,20,798,2,7.0,14.54,5.0,-5.0,10.410094637223976,0.1921212121212121
9,2.33,19.49,1900-01-01 13:18:54,13:19:27,3,2,33,0,35,798,2,2.0,7.3,6.0,7.0,14.163090128755364,0.6354545454545455
7,1.9,15.66,1900-01-01 13:19:03,13:19:36,4,2,33,0,35,799,2,9.0,19.49,6.0,-2.0,17.36842105263158,0.403030303030303
4,2.53,6.59,1900-01-01 13:20:06,13:20:39,1,2,33,1,20,800,2,7.0,15.66,6.666666666666667,-3.0,13.043478260869566,0.30666666666666664
2,10.08,5.76,1900-01-01 13:20:17,13:20:50,5,2,33,2,20,800,2,4.0,6.59,4.333333333333333,-2.0,3.2738095238095237,0.610909090909091
1,0.0,4.24,1900-01-01 13:21:15,13:21:48,2,2,33,1,20,801,2,2.0,5.76,2.3333333333333335,-1.0,33.0,0.030303030303030304
4,2.81,10.98,1900-01-01 13:21:26,13:21:59,3,2,33,1,20,801,2,1.0,4.24,2.3333333333333335,3.0,11.743772241992882,0.34060606060606063
0,0.0,7.05,1900-01-01 13:21:35,13:22:08,4,2,33,1,20,801,2,4.0,10.98,1.6666666666666667,-4.0,33.0,0.0
5,6.94,4.83,1900-01-01 13:22:38,13:23:11,1,2,33,2,34,802,2,0.0,7.05,3.0,5.0,4.7550432276657055,1.0515151515151517
4,0.67,11.23,1900-01-01 13:22:49,13:23:22,5,2,33,1,20,802,2,5.0,4.83,3.0,-1.0,49.253731343283576,0.08121212121212122
8,2.7,16.72,1900-01-01 13:23:47,13:24:20,2,2,33,0,35,803,2,4.0,11.23,5.666666666666667,4.0,12.222222222222221,0.6545454545454545
4,3.06,10.38,1900-01-01 13:23:58,13:24:31,3,2,33,1,20,803,2,8.0,16.72,5.333333333333333,-4.0,10.784313725490195,0.37090909090909097
6,2.97,16.43,1900-01-01 13:24:07,13:24:40,4,2,33,0,35,804,2,4.0,10.38,6.0,2.0,11.11111111111111,0.54
5,5.71,6.31,1900-01-01 13:25:10,13:25:43,1,2,33,1,20,805,2,6.0,16.43,5.0,-1.0,5.779334500875657,0.8651515151515151
6,2.02,10.57,1900-01-01 13:25:21,13:25:54,5,2,33,1,20,805,2,5.0,6.31,5.666666666666667,1.0,16.336633663366335,0.3672727272727273
3,3.21,6.17,1900-01-01 13:26:19,13:26:52,2,2,33,1,20,806,2,6.0,10.57,4.666666666666667,-3.0,10.280373831775702,0.2918181818181818
9,3.72,14.37,1900-01-01 13:26:30,13:27:03,3,2,33,0,35,806,2,3.0,6.17,6.0,6.0,8.870967741935484,1.0145454545454546
9,3.39,15.86,1900-01-01 13:26:39,13:27:12,4,2,33,0,35,806,2,9.0,14.37,7.0,0.0,9.734513274336283,0.9245454545454546
4,1.94,5.74,1900-01-01 13:27:42,13:28:15,1,2,33,1,20,807,2,9.0,15.86,7.333333333333333,-5.0,17.010309278350515,0.23515151515151514
3,1.21,6.22,1900-01-01 13:27:53,13:28:26,5,2,33,1,20,807,2,4.0,5.74,5.333333333333333,-1.0,27.272727272727273,0.11
3,4.04,7.02,1900-01-01 13:28:51,13:29:24,2,2,33,1,20,808,2,3.0,6.22,3.3333333333333335,0.0,8.168316831683168,0.3672727272727273
6,3.3,23.38,1900-01-01 13:29:02,13:29:35,3,2,33,0,35,809,2,3.0,7.02,4.0,3.0,10.0,0.6
4,1.44,9.6,1900-01-01 13:29:11,13:29:44,4,2,33,1,20,809,2,6.0,23.38,4.333333333333333,-2.0,22.916666666666668,0.17454545454545453
2,5.17,3.56,1900-01-01 13:30:14,13:30:47,1,2,33,1,20,810,2,4.0,9.6,4.0,-2.0,6.382978723404255,0.31333333333333335
6,1.33,8.82,1900-01-01 13:30:25,13:30:58,5,2,33,1,20,810,2,2.0,3.56,4.0,4.0,24.81203007518797,0.24181818181818182
7,2.9,9.93,1900-01-01 13:31:23,13:31:56,2,2,33,1,20,811,2,6.0,8.82,5.0,1.0,11.379310344827587,0.6151515151515151
4,5.92,8.47,1900-01-01 13:31:34,13:32:07,3,2,33,1,20,811,2,7.0,9.93,5.666666666666667,-3.0,5.574324324324325,0.7175757575757575
8,2.79,13.14,1900-01-01 13:31:43,13:32:16,4,2,33,0,35,811,2,4.0,8.47,6.333333333333333,4.0,11.827956989247312,0.6763636363636364
4,2.56,5.91,1900-01-01 13:32:46,13:33:19,1,2,33,1,20,812,2,8.0,13.14,5.333333333333333,-4.0,12.890625,0.3103030303030303
5,6.12,10.76,1900-01-01 13:32:57,13:33:30,5,2,33,1,20,812,2,4.0,5.91,5.666666666666667,1.0,5.3921568627450975,0.9272727272727274
8,4.32,13.41,1900-01-01 13:33:55,13:34:28,2,2,33,0,35,813,2,5.0,10.76,5.666666666666667,3.0,7.638888888888888,1.0472727272727274
4,5.08,7.13,1900-01-01 13:34:06,13:34:39,3,2,33,1,20,814,2,8.0,13.41,5.666666666666667,-4.0,6.496062992125984,0.6157575757575757
6,2.07,21.83,1900-01-01 13:34:15,13:34:48,4,2,33,0,35,814,2,4.0,7.13,6.0,2.0,15.942028985507248,0.37636363636363634
4,7.08,7.7,1900-01-01 13:35:18,13:35:51,1,2,33,2,28,815,2,6.0,21.83,4.666666666666667,-2.0,4.661016949152542,0.8581818181818182
4,2.94,14.07,1900-01-01 13:35:29,13:36:02,5,2,33,1,20,815,2,4.0,7.7,4.666666666666667,0.0,11.224489795918368,0.3563636363636363
5,2.15,16.06,1900-01-01 13:36:27,13:37:00,2,2,33,0,35,816,2,4.0,14.07,4.333333333333333,1.0,15.348837209302326,0.32575757575757575
4,2.47,9.37,1900-01-01 13:36:38,13:37:11,3,2,33,1,20,816,2,5.0,16.06,4.333333333333333,-1.0,13.360323886639675,0.29939393939393943
8,4.25,13.27,1900-01-01 13:36:47,13:37:20,4,2,33,0,35,816,2,4.0,9.37,5.666666666666667,4.0,7.764705882352941,1.0303030303030303
2,0.25,3.92,1900-01-01 13:37:50,13:38:23,1,2,33,1,20,817,2,8.0,13.27,4.666666666666667,-6.0,132.0,0.015151515151515152
5,2.29,12.91,1900-01-01 13:38:01,13:38:34,5,2,33,1,20,818,2,2.0,3.92,5.0,3.0,14.410480349344978,0.346969696969697
0,0.0,3.01,1900-01-01 13:38:59,13:39:32,2,2,33,1,20,818,2,5.0,12.91,2.3333333333333335,-5.0,33.0,0.0
4,7.64,8.5,1900-01-01 13:39:10,13:39:43,3,2,33,2,25,819,2,0.0,3.01,3.0,4.0,4.319371727748691,0.9260606060606061
8,2.2,13.64,1900-01-01 13:39:19,13:39:52,4,2,33,0,35,819,2,4.0,8.5,4.0,4.0,14.999999999999998,0.5333333333333334
3,4.0,5.05,1900-01-01 13:40:22,13:40:55,1,2,33,1,20,820,2,8.0,13.64,5.0,-5.0,8.25,0.36363636363636365
4,4.67,12.42,1900-01-01 13:40:33,13:41:06,5,2,33,1,20,820,2,3.0,5.05,5.0,1.0,7.0663811563169165,0.566060606060606
6,1.82,13.96,1900-01-01 13:41:31,13:42:04,2,2,33,0,35,821,2,4.0,12.42,4.333333333333333,2.0,18.13186813186813,0.33090909090909093
2,9.17,9.68,1900-01-01 13:41:42,13:42:15,3,2,33,2,25,821,2,6.0,13.96,4.0,-4.0,3.5986913849509268,0.5557575757575758
6,2.2,13.62,1900-01-01 13:41:51,13:42:24,4,2,33,0,35,821,2,2.0,9.68,4.666666666666667,4.0,14.999999999999998,0.4
8,1.31,8.57,1900-01-01 13:42:54,13:43:27,1,2,33,1,20,822,2,6.0,13.62,5.333333333333333,2.0,25.19083969465649,0.31757575757575757
6,2.93,11.1,1900-01-01 13:43:05,13:43:38,5,2,33,1,20,823,2,8.0,8.57,6.666666666666667,-2.0,11.262798634812286,0.5327272727272727
6,3.1,18.7,1900-01-01 13:44:03,13:44:36,2,2,33,0,35,824,2,6.0,11.1,6.666666666666667,0.0,10.64516129032258,0.5636363636363637
5,1.5,12.82,1900-01-01 13:44:14,13:44:47,3,2,33,1,20,824,2,6.0,18.7,5.666666666666667,-1.0,22.0,0.22727272727272727
3,1.38,9.53,1900-01-01 13:44:23,13:44:56,4,2,33,1,20,824,2,5.0,12.82,4.666666666666667,-2.0,23.91304347826087,0.12545454545454546
4,7.58,11.78,1900-01-01 13:45:26,13:45:59,1,2,33,2,30,825,2,3.0,9.53,4.0,1.0,4.353562005277045,0.9187878787878788
5,4.81,13.17,1900-01-01 13:45:37,13:46:10,5,2,33,1,20,825,2,4.0,11.78,4.0,1.0,6.860706860706861,0.7287878787878788
7,1.78,14.37,1900-01-01 13:46:35,13:47:08,2,2,33,0,35,826,2,5.0,13.17,5.333333333333333,2.0,18.53932584269663,0.37757575757575756
4,5.39,12.24,1900-01-01 13:46:46,13:47:19,3,2,33,1,20,826,2,7.0,14.37,5.333333333333333,-3.0,6.122448979591837,0.6533333333333333
7,3.97,14.03,1900-01-01 13:46:55,13:47:28,4,2,33,0,35,826,2,4.0,12.24,6.0,3.0,8.312342569269521,0.8421212121212122
10,3.35,11.39,1900-01-01 13:47:58,13:48:31,1,2,33,0,40,827,2,7.0,14.03,7.0,3.0,9.850746268656716,1.0151515151515151
9,3.3,21.82,1900-01-01 13:48:09,13:48:42,5,2,33,0,35,828,2,10.0,11.39,8.666666666666666,-1.0,10.0,0.9
3,2.54,6.19,1900-01-01 13:49:07,13:49:40,2,2,33,1,20,829,2,9.0,21.82,7.333333333333333,-6.0,12.992125984251969,0.2309090909090909
4,4.39,9.02,1900-01-01 13:49:18,13:49:51,3,2,33,1,20,829,2,3.0,6.19,5.333333333333333,1.0,7.517084282460138,0.5321212121212121
2,4.42,5.32,1900-01-01 13:49:27,13:50:00,4,2,33,1,20,829,2,4.0,9.02,3.0,-2.0,7.46606334841629,0.2678787878787879
4,3.0,6.75,1900-01-01 13:50:30,13:51:03,1,2,33,1,20,830,2,2.0,5.32,3.3333333333333335,2.0,11.0,0.36363636363636365
2,2.75,2.52,1900-01-01 13:50:41,13:51:14,5,2,33,1,20,830,2,4.0,6.75,2.6666666666666665,-2.0,12.0,0.16666666666666666
6,5.13,10.03,1900-01-01 13:51:39,13:52:12,2,2,33,1,20,831,2,2.0,2.52,4.0,4.0,6.432748538011696,0.9327272727272727
6,4.53,10.89,1900-01-01 13:51:50,13:52:23,3,2,33,1,20,831,2,6.0,10.03,4.666666666666667,0.0,7.28476821192053,0.8236363636363636
5,2.65,6.99,1900-01-01 13:51:59,13:52:32,4,2,33,1,20,831,2,6.0,10.89,5.666666666666667,-1.0,12.452830188679245,0.4015151515151515
6,1.25,10.9,1900-01-01 13:53:02,13:53:35,1,2,33,1,20,833,2,5.0,6.99,5.666666666666667,1.0,26.4,0.2272727272727273
4,6.39,11.74,1900-01-01 13:53:13,13:53:46,5,2,33,1,20,833,2,6.0,10.9,5.0,-2.0,5.164319248826291,0.7745454545454545
4,3.44,7.73,1900-01-01 13:54:11,13:54:44,2,2,33,1,20,834,2,4.0,11.74,4.666666666666667,0.0,9.593023255813954,0.416969696969697
1,0.0,4.24,1900-01-01 13:54:22,13:54:55,3,2,33,1,20,834,2,4.0,7.73,3.0,-3.0,33.0,0.030303030303030304
9,1.98,15.01,1900-01-01 13:54:31,13:55:04,4,2,33,0,35,834,2,1.0,4.24,4.666666666666667,8.0,16.666666666666668,0.5399999999999999
5,5.69,16.68,1900-01-01 13:55:34,13:56:07,1,2,33,0,40,835,2,9.0,15.01,5.0,-4.0,5.799648506151142,0.8621212121212122
2,0.67,5.24,1900-01-01 13:55:45,13:56:18,5,2,33,1,20,835,2,5.0,16.68,5.333333333333333,-3.0,49.253731343283576,0.04060606060606061
6,2.18,20.52,1900-01-01 13:56:43,13:57:16,2,2,33,0,35,836,2,2.0,5.24,4.333333333333333,4.0,15.137614678899082,0.39636363636363636
1,0.0,3.86,1900-01-01 13:56:54,13:57:27,3,2,33,1,20,836,2,6.0,20.52,3.0,-5.0,33.0,0.030303030303030304
3,3.88,6.68,1900-01-01 13:57:03,13:57:36,4,2,33,1,20,837,2,1.0,3.86,3.3333333333333335,2.0,8.505154639175258,0.3527272727272727
0,0.0,0.45,1900-01-01 13:58:06,13:58:39,1,2,33,1,20,838,2,3.0,6.68,1.3333333333333333,-3.0,33.0,0.0
9,1.88,17.08,1900-01-01 13:58:17,13:58:50,5,2,33,0,35,838,2,0.0,0.45,4.0,9.0,17.5531914893617,0.5127272727272727
10,3.14,15.9,1900-01-01 13:59:15,13:59:48,2,2,33,0,35,839,2,9.0,17.08,6.333333333333333,1.0,10.509554140127388,0.9515151515151515
5,3.92,10.92,1900-01-01 13:59:26,13:59:59,3,2,33,1,20,839,2,10.0,15.9,8.0,-5.0,8.418367346938776,0.5939393939393939
9,1.31,15.62,1900-01-01 13:59:35,14:00:08,4,2,33,0,35,839,2,5.0,10.92,8.0,4.0,25.19083969465649,0.35727272727272724
3,3.79,5.54,1900-01-01 14:00:38,14:01:11,1,2,33,1,20,840,2,9.0,15.62,5.666666666666667,-6.0,8.70712401055409,0.34454545454545454
9,3.64,21.46,1900-01-01 14:00:49,14:01:22,5,2,33,0,35,840,2,3.0,5.54,7.0,6.0,9.065934065934066,0.9927272727272728
3,3.17,8.51,1900-01-01 14:01:47,14:02:20,2,2,33,1,20,841,2,9.0,21.46,5.0,-6.0,10.410094637223976,0.28818181818181815
4,3.53,9.04,1900-01-01 14:01:58,14:02:31,3,2,33,1,20,841,2,3.0,8.51,5.333333333333333,1.0,9.34844192634561,0.42787878787878786
5,6.27,13.15,1900-01-01 14:02:07,14:02:40,4,2,33,1,20,842,2,4.0,9.04,4.0,1.0,5.2631578947368425,0.95
1,0.0,3.82,1900-01-01 14:03:10,14:03:43,1,2,33,1,20,843,2,5.0,13.15,3.3333333333333335,-4.0,33.0,0.030303030303030304
2,5.42,6.43,1900-01-01 14:03:21,14:03:54,5,2,33,1,20,843,2,1.0,3.82,2.6666666666666665,1.0,6.088560885608856,0.3284848484848485
3,3.25,4.57,1900-01-01 14:04:19,14:04:52,2,2,33,1,20,844,2,2.0,6.43,2.0,1.0,10.153846153846153,0.29545454545454547
6,2.92,12.9,1900-01-01 14:04:30,14:05:03,3,2,33,1,20,844,2,3.0,4.57,3.6666666666666665,3.0,11.301369863013699,0.5309090909090909
5,2.02,11.07,1900-01-01 14:04:39,14:05:12,4,2,33,1,20,844,2,6.0,12.9,4.666666666666667,-1.0,16.336633663366335,0.3060606060606061
4,1.36,4.87,1900-01-01 14:05:42,14:06:15,1,2,33,1,20,845,2,5.0,11.07,5.0,-1.0,24.26470588235294,0.16484848484848486
3,2.04,10.33,1900-01-01 14:05:53,14:06:26,5,2,33,1,20,845,2,4.0,4.87,4.0,-1.0,16.176470588235293,0.18545454545454546
11,1.46,20.45,1900-01-01 14:06:51,14:07:24,2,2,33,0,35,846,2,3.0,10.33,6.0,8.0,22.602739726027398,0.48666666666666664
8,2.56,19.15,1900-01-01 14:07:02,14:07:35,3,2,33,0,35,847,2,11.0,20.45,7.333333333333333,-3.0,12.890625,0.6206060606060606
2,2.83,4.05,1900-01-01 14:07:11,14:07:44,4,2,33,1,20,847,2,8.0,19.15,7.0,-6.0,11.66077738515901,0.17151515151515154
9,1.6,11.42,1900-01-01 14:08:14,14:08:47,1,2,33,0,35,848,2,2.0,4.05,6.333333333333333,7.0,20.625,0.43636363636363634
8,2.67,12.05,1900-01-01 14:08:25,14:08:58,5,2,33,0,35,848,2,9.0,11.42,6.333333333333333,-1.0,12.359550561797754,0.6472727272727272
10,2.46,13.76,1900-01-01 14:09:23,14:09:56,2,2,33,0,35,849,2,8.0,12.05,9.0,2.0,13.414634146341463,0.7454545454545455
6,2.73,12.14,1900-01-01 14:09:34,14:10:07,3,2,33,1,20,849,2,10.0,13.76,8.0,-4.0,12.087912087912088,0.4963636363636364
6,3.9,14.06,1900-01-01 14:09:43,14:10:16,4,2,33,0,35,849,2,6.0,12.14,7.333333333333333,0.0,8.461538461538462,0.7090909090909091
5,2.15,6.78,1900-01-01 14:10:46,14:11:19,1,2,33,1,20,850,2,6.0,14.06,5.666666666666667,-1.0,15.348837209302326,0.32575757575757575
3,1.54,8.17,1900-01-01 14:10:57,14:11:30,5,2,33,1,20,850,2,5.0,6.78,4.666666666666667,-2.0,21.428571428571427,0.14
6,2.97,10.28,1900-01-01 14:11:55,14:12:28,2,2,33,1,20,851,2,3.0,8.17,4.666666666666667,3.0,11.11111111111111,0.54
5,2.83,14.67,1900-01-01 14:12:06,14:12:39,3,2,33,1,20,852,2,6.0,10.28,4.666666666666667,-1.0,11.66077738515901,0.42878787878787883
6,1.73,10.72,1900-01-01 14:12:15,14:12:48,4,2,33,1,20,852,2,5.0,14.67,5.666666666666667,1.0,19.07514450867052,0.3145454545454546
8,2.07,12.04,1900-01-01 14:13:18,14:13:51,1,2,33,0,35,853,2,6.0,10.72,6.333333333333333,2.0,15.942028985507248,0.5018181818181817
5,1.29,10.65,1900-01-01 14:13:29,14:14:02,5,2,33,1,20,853,2,8.0,12.04,6.333333333333333,-3.0,25.58139534883721,0.19545454545454546
7,3.6,8.69,1900-01-01 14:14:27,14:15:00,2,2,33,1,20,854,2,5.0,10.65,6.666666666666667,2.0,9.166666666666666,0.7636363636363637
4,7.14,10.84,1900-01-01 14:14:38,14:15:11,3,2,33,2,28,854,2,7.0,8.69,5.333333333333333,-3.0,4.621848739495799,0.8654545454545454
2,3.58,5.04,1900-01-01 14:14:47,14:15:20,4,2,33,1,20,854,2,4.0,10.84,4.333333333333333,-2.0,9.217877094972067,0.21696969696969698
4,2.22,5.57,1900-01-01 14:15:50,14:16:23,1,2,33,1,20,855,2,2.0,5.04,3.3333333333333335,2.0,14.864864864864863,0.2690909090909091
2,9.58,5.9,1900-01-01 14:16:01,14:16:34,5,2,33,2,26,856,2,4.0,5.57,2.6666666666666665,-2.0,3.4446764091858038,0.5806060606060606
5,2.5,15.98,1900-01-01 14:16:59,14:17:32,2,2,33,0,35,856,2,2.0,5.9,3.6666666666666665,3.0,13.2,0.3787878787878788
7,1.89,19.41,1900-01-01 14:17:10,14:17:43,3,2,33,0,35,857,2,5.0,15.98,4.666666666666667,2.0,17.460317460317462,0.4009090909090909
5,1.33,12.45,1900-01-01 14:17:19,14:17:52,4,2,33,1,20,857,2,7.0,19.41,5.666666666666667,-2.0,24.81203007518797,0.2015151515151515
3,6.67,3.65,1900-01-01 14:18:22,14:18:55,1,2,33,2,20,858,2,5.0,12.45,5.0,-2.0,4.94752623688156,0.6063636363636363
5,4.19,6.52,1900-01-01 14:18:33,14:19:06,5,2,33,1,20,858,2,3.0,3.65,4.333333333333333,2.0,7.875894988066825,0.6348484848484849
3,3.54,6.4,1900-01-01 14:19:31,14:20:04,2,2,33,1,20,859,2,5.0,6.52,3.6666666666666665,-2.0,9.322033898305085,0.32181818181818184
1,0.0,3.43,1900-01-01 14:19:42,14:20:15,3,2,33,1,35,859,2,3.0,6.4,3.0,-2.0,33.0,0.030303030303030304
6,1.73,10.85,1900-01-01 14:19:51,14:20:24,4,2,33,1,20,859,2,1.0,3.43,3.3333333333333335,5.0,19.07514450867052,0.3145454545454546
10,3.25,9.94,1900-01-01 14:20:54,14:21:27,1,2,33,0,38,860,2,6.0,10.85,5.666666666666667,4.0,10.153846153846153,0.9848484848484849
2,2.33,6.74,1900-01-01 14:21:05,14:21:38,5,2,33,1,20,861,2,10.0,9.94,6.0,-8.0,14.163090128755364,0.1412121212121212
7,1.35,14.35,1900-01-01 14:22:03,14:22:36,2,2,33,0,35,862,2,2.0,6.74,6.333333333333333,5.0,24.444444444444443,0.2863636363636364
1,0.0,5.34,1900-01-01 14:22:14,14:22:47,3,2,33,1,35,862,2,7.0,14.35,3.3333333333333335,-6.0,33.0,0.030303030303030304
7,2.89,10.23,1900-01-01 14:22:23,14:22:56,4,2,33,1,20,862,2,1.0,5.34,5.0,6.0,11.418685121107266,0.613030303030303
4,3.67,6.86,1900-01-01 14:23:26,14:23:59,1,2,33,1,20,863,2,7.0,10.23,4.0,-3.0,8.991825613079019,0.4448484848484848
6,3.82,10.45,1900-01-01 14:23:37,14:24:10,5,2,33,1,20,863,2,4.0,6.86,5.666666666666667,2.0,8.638743455497382,0.6945454545454546
14,2.23,30.48,1900-01-01 14:24:35,14:25:08,2,2,33,0,35,864,2,6.0,10.45,8.0,8.0,14.798206278026907,0.946060606060606
2,2.33,6.37,1900-01-01 14:24:46,14:25:19,3,2,33,1,35,864,2,14.0,30.48,7.333333333333333,-12.0,14.163090128755364,0.1412121212121212
5,1.79,10.12,1900-01-01 14:24:55,14:25:28,4,2,33,1,20,864,2,2.0,6.37,7.0,3.0,18.435754189944134,0.2712121212121212
3,2.62,6.33,1900-01-01 14:25:58,14:26:31,1,2,33,1,20,865,2,5.0,10.12,3.3333333333333335,-2.0,12.595419847328245,0.2381818181818182
3,11.38,6.99,1900-01-01 14:26:09,14:26:42,5,2,33,2,26,866,2,3.0,6.33,3.6666666666666665,0.0,2.899824253075571,1.0345454545454547
3,4.71,5.93,1900-01-01 14:27:07,14:27:40,2,2,33,1,20,867,2,3.0,6.99,3.0,0.0,7.006369426751593,0.42818181818181816
1,0.0,4.88,1900-01-01 14:27:18,14:27:51,3,2,33,1,35,867,2,3.0,5.93,2.3333333333333335,-2.0,33.0,0.030303030303030304
5,2.98,11.1,1900-01-01 14:27:27,14:28:00,4,2,33,1,20,867,2,1.0,4.88,3.0,4.0,11.073825503355705,0.4515151515151515
3,1.5,4.74,1900-01-01 14:28:30,14:29:03,1,2,33,1,20,868,2,5.0,11.1,3.0,-2.0,22.0,0.13636363636363635
4,1.31,6.37,1900-01-01 14:28:41,14:29:14,5,2,33,1,20,868,2,3.0,4.74,4.0,1.0,25.19083969465649,0.15878787878787878
3,7.17,6.67,1900-01-01 14:29:39,14:30:12,2,2,33,2,21,869,2,4.0,6.37,3.3333333333333335,-1.0,4.602510460251046,0.6518181818181819
3,1.92,8.0,1900-01-01 14:29:50,14:30:23,3,2,33,1,35,869,2,3.0,6.67,3.3333333333333335,0.0,17.1875,0.17454545454545456
8,1.49,15.1,1900-01-01 14:29:59,14:30:32,4,2,33,0,35,869,2,3.0,8.0,4.666666666666667,5.0,22.14765100671141,0.3612121212121212
4,2.28,4.97,1900-01-01 14:31:02,14:31:35,1,2,33,1,20,871,2,8.0,15.1,5.0,-4.0,14.473684210526317,0.27636363636363637
3,12.12,10.86,1900-01-01 14:31:13,14:31:46,5,2,33,2,36,871,2,4.0,4.97,5.0,-1.0,2.722772277227723,1.1018181818181818
7,2.1,15.04,1900-01-01 14:32:11,14:32:44,2,2,33,0,35,872,2,3.0,10.86,4.666666666666667,4.0,15.714285714285714,0.4454545454545455
5,3.65,11.24,1900-01-01 14:32:22,14:32:55,3,2,33,1,20,872,2,7.0,15.04,5.0,-2.0,9.04109589041096,0.553030303030303
5,1.56,10.46,1900-01-01 14:32:31,14:33:04,4,2,33,1,20,872,2,5.0,11.24,5.666666666666667,0.0,21.153846153846153,0.23636363636363636
3,6.75,3.77,1900-01-01 14:33:34,14:34:07,1,2,33,2,21,873,2,5.0,10.46,4.333333333333333,-2.0,4.888888888888889,0.6136363636363635
1,0.0,3.54,1900-01-01 14:33:45,14:34:18,5,2,33,1,20,873,2,3.0,3.77,3.0,-2.0,33.0,0.030303030303030304
4,1.19,7.73,1900-01-01 14:34:43,14:35:16,2,2,33,1,35,874,2,1.0,3.54,2.6666666666666665,3.0,27.73109243697479,0.14424242424242423
2,19.92,5.52,1900-01-01 14:34:54,14:35:27,3,2,33,2,39,874,2,4.0,7.73,2.3333333333333335,-2.0,1.6566265060240963,1.2072727272727273
3,2.08,8.07,1900-01-01 14:35:03,14:35:36,4,2,33,1,20,875,2,2.0,5.52,3.0,1.0,15.865384615384615,0.1890909090909091
5,3.12,6.56,1900-01-01 14:36:06,14:36:39,1,2,33,1,20,876,2,3.0,8.07,3.3333333333333335,2.0,10.576923076923077,0.4727272727272727
1,0.0,2.3,1900-01-01 14:36:17,14:36:50,5,2,33,1,20,876,2,5.0,6.56,3.0,-4.0,33.0,0.030303030303030304
0,0.0,2.53,1900-01-01 14:37:15,14:37:48,2,2,33,1,35,877,2,1.0,2.3,2.0,-1.0,33.0,0.0
4,2.47,12.88,1900-01-01 14:37:26,14:37:59,3,2,33,1,20,877,2,0.0,2.53,1.6666666666666667,4.0,13.360323886639675,0.29939393939393943
7,3.68,15.63,1900-01-01 14:37:35,14:38:08,4,2,33,0,35,877,2,4.0,12.88,3.6666666666666665,3.0,8.967391304347826,0.7806060606060606
2,7.08,9.39,1900-01-01 14:38:38,14:39:11,1,2,33,2,21,878,2,7.0,15.63,4.333333333333333,-5.0,4.661016949152542,0.4290909090909091
6,4.2,9.79,1900-01-01 14:38:49,14:39:22,5,2,33,1,20,878,2,2.0,9.39,5.0,4.0,7.857142857142857,0.7636363636363637
0,0.0,2.35,1900-01-01 14:39:47,14:40:20,2,2,33,1,35,879,2,6.0,9.79,2.6666666666666665,-6.0,33.0,0.0
3,5.33,5.57,1900-01-01 14:39:58,14:40:31,3,2,33,1,20,879,2,0.0,2.35,3.0,3.0,6.191369606003752,0.48454545454545456
2,5.17,6.48,1900-01-01 14:40:07,14:40:40,4,2,33,1,20,880,2,3.0,5.57,1.6666666666666667,-1.0,6.382978723404255,0.31333333333333335
3,4.71,4.56,1900-01-01 14:41:10,14:41:43,1,2,33,1,20,881,2,2.0,6.48,2.6666666666666665,1.0,7.006369426751593,0.42818181818181816
5,6.27,12.23,1900-01-01 14:41:21,14:41:54,5,2,33,1,20,881,2,3.0,4.56,3.3333333333333335,2.0,5.2631578947368425,0.95
8,2.9,20.17,1900-01-01 14:42:19,14:42:52,2,2,33,0,35,882,2,5.0,12.23,5.333333333333333,3.0,11.379310344827587,0.703030303030303
6,4.17,9.94,1900-01-01 14:42:30,14:43:03,3,2,33,1,20,882,2,8.0,20.17,6.333333333333333,-2.0,7.913669064748202,0.7581818181818182
3,10.38,6.75,1900-01-01 14:42:39,14:43:12,4,2,33,2,31,882,2,6.0,9.94,5.666666666666667,-3.0,3.1791907514450863,0.9436363636363637
3,10.33,3.9,1900-01-01 14:43:42,14:44:15,1,2,33,2,21,883,2,3.0,6.75,4.0,0.0,3.1945788964181996,0.9390909090909091
1,0.0,3.95,1900-01-01 14:43:53,14:44:26,5,2,33,1,20,883,2,3.0,3.9,2.3333333333333335,-2.0,33.0,0.030303030303030304
6,2.9,13.66,1900-01-01 14:44:51,14:45:24,2,2,33,0,35,884,2,1.0,3.95,3.3333333333333335,5.0,11.379310344827587,0.5272727272727272
3,4.71,5.46,1900-01-01 14:45:02,14:45:35,3,2,33,1,20,885,2,6.0,13.66,3.3333333333333335,-3.0,7.006369426751593,0.42818181818181816
2,8.08,4.7,1900-01-01 14:45:11,14:45:44,4,2,33,2,17,885,2,3.0,5.46,3.6666666666666665,-1.0,4.084158415841584,0.48969696969696974
4,2.75,5.54,1900-01-01 14:46:14,14:46:47,1,2,33,1,20,886,2,2.0,4.7,3.0,2.0,12.0,0.3333333333333333
2,5.58,4.53,1900-01-01 14:46:25,14:46:58,5,2,33,1,20,886,2,4.0,5.54,2.6666666666666665,-2.0,5.913978494623656,0.3381818181818182
1,0.0,3.81,1900-01-01 14:47:23,14:47:56,2,2,33,1,20,887,2,2.0,4.53,2.3333333333333335,-1.0,33.0,0.030303030303030304
6,5.48,13.98,1900-01-01 14:47:34,14:48:07,3,2,33,1,20,887,2,1.0,3.81,3.0,5.0,6.021897810218977,0.9963636363636365
6,2.6,11.34,1900-01-01 14:47:43,14:48:16,4,2,33,1,20,887,2,6.0,13.98,4.333333333333333,0.0,12.692307692307692,0.4727272727272728
5,1.83,8.1,1900-01-01 14:48:46,14:49:19,1,2,33,1,20,888,2,6.0,11.34,5.666666666666667,-1.0,18.0327868852459,0.2772727272727273
1,0.0,5.82,1900-01-01 14:48:57,14:49:30,5,2,33,1,20,888,2,5.0,8.1,4.0,-4.0,33.0,0.030303030303030304
7,2.53,15.8,1900-01-01 14:49:55,14:50:28,2,2,33,0,35,889,2,1.0,5.82,4.333333333333333,6.0,13.043478260869566,0.5366666666666666
1,0.0,4.85,1900-01-01 14:50:06,14:50:39,3,2,33,1,20,890,2,7.0,15.8,3.0,-6.0,33.0,0.030303030303030304
1,0.0,2.35,1900-01-01 14:50:15,14:50:48,4,2,33,1,20,890,2,1.0,4.85,3.0,0.0,33.0,0.030303030303030304
2,3.42,4.92,1900-01-01 14:51:18,14:51:51,1,2,33,1,20,891,2,1.0,2.35,1.3333333333333333,1.0,9.649122807017545,0.20727272727272725
2,8.08,5.33,1900-01-01 14:51:29,14:52:02,5,2,33,2,17,891,2,2.0,4.92,1.6666666666666667,0.0,4.084158415841584,0.48969696969696974
5,3.0,18.91,1900-01-01 14:52:27,14:53:00,2,2,33,0,35,892,2,2.0,5.33,3.0,3.0,11.0,0.45454545454545453
6,4.47,9.66,1900-01-01 14:52:38,14:53:11,3,2,33,1,20,892,2,5.0,18.91,4.333333333333333,1.0,7.38255033557047,0.8127272727272726
12,2.3,19.43,1900-01-01 14:52:47,14:53:20,4,2,33,0,35,892,2,6.0,9.66,7.666666666666667,6.0,14.347826086956523,0.8363636363636363
3,2.38,4.48,1900-01-01 14:53:50,14:54:23,1,2,33,1,20,893,2,12.0,19.43,7.0,-9.0,13.865546218487395,0.21636363636363637
5,3.1,10.0,1900-01-01 14:54:01,14:54:34,5,2,33,1,20,894,2,3.0,4.48,6.666666666666667,2.0,10.64516129032258,0.4696969696969697
1,0.0,3.13,1900-01-01 14:54:59,14:55:32,2,2,33,1,20,894,2,5.0,10.0,3.0,-4.0,33.0,0.030303030303030304
3,2.79,7.03,1900-01-01 14:55:10,14:55:43,3,2,33,1,20,895,2,1.0,3.13,3.0,2.0,11.827956989247312,0.25363636363636366
3,1.25,5.35,1900-01-01 14:55:19,14:55:52,4,2,33,1,20,895,2,3.0,7.03,2.3333333333333335,0.0,26.4,0.11363636363636365
5,1.94,6.64,1900-01-01 14:56:22,14:56:55,1,2,33,1,20,896,2,3.0,5.35,3.6666666666666665,2.0,17.010309278350515,0.29393939393939394
7,2.71,12.98,1900-01-01 14:56:33,14:57:06,5,2,33,0,35,896,2,5.0,6.64,5.0,2.0,12.177121771217712,0.5748484848484848
5,3.73,10.59,1900-01-01 14:57:31,14:58:04,2,2,33,1,20,897,2,7.0,12.98,5.666666666666667,-2.0,8.847184986595174,0.5651515151515152
0,0.0,1.35,1900-01-01 14:57:42,14:58:15,3,2,33,1,20,897,2,5.0,10.59,4.0,-5.0,33.0,0.0
6,5.85,6.38,1900-01-01 14:57:51,14:58:24,4,2,33,1,20,897,2,0.0,1.35,3.6666666666666665,6.0,5.641025641025641,1.0636363636363635
4,1.42,3.84,1900-01-01 14:58:54,14:59:27,1,2,33,1,20,898,2,6.0,6.38,3.3333333333333335,-2.0,23.23943661971831,0.17212121212121212
5,4.02,13.19,1900-01-01 14:59:05,14:59:38,5,2,33,1,20,899,2,4.0,3.84,5.0,1.0,8.208955223880597,0.6090909090909091
4,3.53,9.05,1900-01-01 15:00:03,15:00:36,2,2,33,1,20,900,2,5.0,13.19,4.333333333333333,-1.0,9.34844192634561,0.42787878787878786
5,3.58,12.18,1900-01-01 15:00:14,15:00:47,3,2,33,1,20,900,2,4.0,9.05,4.666666666666667,1.0,9.217877094972067,0.5424242424242424
0,0.0,5.37,1900-01-01 15:00:23,15:00:56,4,2,33,1,45,900,2,5.0,12.18,3.0,-5.0,33.0,0.0
1,0.0,4.05,1900-01-01 15:01:26,15:01:59,1,2,33,1,20,901,2,0.0,5.37,2.0,1.0,33.0,0.030303030303030304
4,3.06,8.58,1900-01-01 15:01:37,15:02:10,5,2,33,1,20,901,2,1.0,4.05,1.6666666666666667,3.0,10.784313725490195,0.37090909090909097
1,0.0,10.22,1900-01-01 15:02:35,15:03:08,2,2,33,1,20,902,2,4.0,8.58,2.0,-3.0,33.0,0.030303030303030304
6,4.23,9.5,1900-01-01 15:02:46,15:03:19,3,2,33,1,20,902,2,1.0,10.22,3.6666666666666665,5.0,7.801418439716311,0.7690909090909092
10,2.09,20.46,1900-01-01 15:02:55,15:03:28,4,2,33,0,35,902,2,6.0,9.5,5.666666666666667,4.0,15.789473684210527,0.6333333333333333
5,1.67,7.04,1900-01-01 15:03:58,15:04:31,1,2,33,1,20,903,2,10.0,20.46,7.0,-5.0,19.76047904191617,0.253030303030303
1,0.0,3.65,1900-01-01 15:04:09,15:04:42,5,2,33,1,20,904,2,5.0,7.04,5.333333333333333,-4.0,33.0,0.030303030303030304
8,2.11,17.47,1900-01-01 15:05:07,15:05:40,2,2,33,0,35,905,2,1.0,3.65,4.666666666666667,7.0,15.639810426540285,0.5115151515151515
1,0.0,2.12,1900-01-01 15:05:18,15:05:51,3,2,33,1,20,905,2,8.0,17.47,3.3333333333333335,-7.0,33.0,0.030303030303030304
2,17.67,4.74,1900-01-01 15:05:27,15:06:00,4,2,33,2,35,905,2,1.0,2.12,3.6666666666666665,1.0,1.8675721561969438,1.070909090909091
2,3.83,2.84,1900-01-01 15:06:30,15:07:03,1,2,33,1,20,906,2,2.0,4.74,1.6666666666666667,0.0,8.616187989556135,0.23212121212121214
6,4.27,6.74,1900-01-01 15:06:41,15:07:14,5,2,33,1,20,906,2,2.0,2.84,3.3333333333333335,4.0,7.728337236533958,0.7763636363636363
3,7.0,7.59,1900-01-01 15:07:39,15:08:12,2,2,33,2,21,907,2,6.0,6.74,3.6666666666666665,-3.0,4.714285714285714,0.6363636363636364
4,4.75,11.49,1900-01-01 15:07:50,15:08:23,3,2,33,1,20,907,2,3.0,7.59,4.333333333333333,1.0,6.947368421052632,0.5757575757575757
7,1.58,12.18,1900-01-01 15:07:59,15:08:32,4,2,33,0,35,907,2,4.0,11.49,4.666666666666667,3.0,20.886075949367086,0.3351515151515152
6,1.22,7.66,1900-01-01 15:09:02,15:09:35,1,2,33,1,20,909,2,7.0,12.18,5.666666666666667,-1.0,27.049180327868854,0.2218181818181818
3,5.71,5.76,1900-01-01 15:09:13,15:09:46,5,2,33,1,20,909,2,6.0,7.66,5.333333333333333,-3.0,5.779334500875657,0.519090909090909
4,5.39,9.29,1900-01-01 15:10:11,15:10:44,2,2,33,1,20,910,2,3.0,5.76,4.333333333333333,1.0,6.122448979591837,0.6533333333333333
5,2.62,15.62,1900-01-01 15:10:22,15:10:55,3,2,33,0,35,910,2,4.0,9.29,4.0,1.0,12.595419847328245,0.396969696969697
0,0.0,1.91,1900-01-01 15:10:31,15:11:04,4,2,33,1,45,910,2,5.0,15.62,3.0,-5.0,33.0,0.0
5,5.77,4.77,1900-01-01 15:11:34,15:12:07,1,2,33,1,20,911,2,0.0,1.91,3.3333333333333335,5.0,5.719237435008666,0.8742424242424242
4,4.36,9.1,1900-01-01 15:11:45,15:12:18,5,2,33,1,20,911,2,5.0,4.77,3.0,-1.0,7.568807339449541,0.5284848484848486
5,6.62,11.52,1900-01-01 15:12:43,15:13:16,2,2,33,1,20,912,2,4.0,9.1,4.666666666666667,1.0,4.984894259818731,1.0030303030303032
3,2.42,7.87,1900-01-01 15:12:54,15:13:27,3,2,33,1,20,912,2,5.0,11.52,4.0,-2.0,13.636363636363637,0.22
7,2.56,11.43,1900-01-01 15:13:03,15:13:36,4,2,33,0,35,913,2,3.0,7.87,5.0,4.0,12.890625,0.5430303030303031
6,1.68,7.24,1900-01-01 15:14:06,15:14:39,1,2,33,1,20,914,2,7.0,11.43,5.333333333333333,-1.0,19.642857142857142,0.3054545454545455
2,1.5,4.11,1900-01-01 15:14:17,15:14:50,5,2,33,1,20,914,2,6.0,7.24,5.0,-4.0,22.0,0.09090909090909091
7,2.86,9.86,1900-01-01 15:15:15,15:15:48,2,2,33,1,20,915,2,2.0,4.11,5.0,5.0,11.538461538461538,0.6066666666666667
7,3.75,9.37,1900-01-01 15:15:26,15:15:59,3,2,33,1,20,915,2,7.0,9.86,5.333333333333333,0.0,8.8,0.7954545454545454
8,3.42,13.06,1900-01-01 15:15:35,15:16:08,4,2,33,0,35,915,2,7.0,9.37,7.333333333333333,1.0,9.649122807017545,0.829090909090909
3,2.33,4.57,1900-01-01 15:16:38,15:17:11,1,2,33,1,20,916,2,8.0,13.06,6.0,-5.0,14.163090128755364,0.21181818181818182
3,7.88,6.01,1900-01-01 15:16:49,15:17:22,5,2,33,2,23,916,2,3.0,4.57,4.666666666666667,0.0,4.187817258883249,0.7163636363636363
9,3.25,21.91,1900-01-01 15:17:47,15:18:20,2,2,33,0,35,917,2,3.0,6.01,5.0,6.0,10.153846153846153,0.8863636363636365
6,3.0,15.01,1900-01-01 15:17:58,15:18:31,3,2,33,0,35,917,2,9.0,21.91,6.0,-3.0,11.0,0.5454545454545454
4,3.03,7.83,1900-01-01 15:18:07,15:18:40,4,2,33,1,20,918,2,6.0,15.01,6.333333333333333,-2.0,10.891089108910892,0.36727272727272725
6,3.17,9.28,1900-01-01 15:19:10,15:19:43,1,2,33,1,20,919,2,4.0,7.83,5.333333333333333,2.0,10.410094637223976,0.5763636363636363
0,0.0,2.87,1900-01-01 15:19:21,15:19:54,5,2,33,1,20,919,2,6.0,9.28,3.3333333333333335,-6.0,33.0,0.0
6,5.72,8.59,1900-01-01 15:20:19,15:20:52,2,2,33,1,20,920,2,0.0,2.87,4.0,6.0,5.769230769230769,1.04
4,6.36,7.73,1900-01-01 15:20:30,15:21:03,3,2,33,1,20,920,2,6.0,8.59,3.3333333333333335,-2.0,5.188679245283018,0.770909090909091
5,5.31,10.24,1900-01-01 15:20:39,15:21:12,4,2,33,1,20,920,2,4.0,7.73,5.0,1.0,6.214689265536723,0.8045454545454546
3,2.29,3.66,1900-01-01 15:21:42,15:22:15,1,2,33,1,20,921,2,5.0,10.24,4.0,-2.0,14.410480349344978,0.2081818181818182
6,2.07,7.33,1900-01-01 15:21:53,15:22:26,5,2,33,1,20,921,2,3.0,3.66,4.666666666666667,3.0,15.942028985507248,0.37636363636363634
1,0.0,5.43,1900-01-01 15:22:51,15:23:24,2,2,33,1,20,922,2,6.0,7.33,3.3333333333333335,-5.0,33.0,0.030303030303030304
6,2.02,13.58,1900-01-01 15:23:02,15:23:35,3,2,33,0,35,923,2,1.0,5.43,4.333333333333333,5.0,16.336633663366335,0.3672727272727273
5,3.23,14.77,1900-01-01 15:23:11,15:23:44,4,2,33,1,20,923,2,6.0,13.58,4.0,-1.0,10.21671826625387,0.4893939393939394
6,1.78,7.97,1900-01-01 15:24:14,15:24:47,1,2,33,1,20,924,2,5.0,14.77,5.666666666666667,1.0,18.53932584269663,0.3236363636363636
1,0.0,3.93,1900-01-01 15:24:25,15:24:58,5,2,33,1,20,924,2,6.0,7.97,4.0,-5.0,33.0,0.030303030303030304
2,12.92,6.28,1900-01-01 15:25:23,15:25:56,2,2,33,2,26,925,2,1.0,3.93,3.0,1.0,2.5541795665634677,0.783030303030303
5,3.19,11.09,1900-01-01 15:25:34,15:26:07,3,2,33,1,20,925,2,2.0,6.28,2.6666666666666665,3.0,10.344827586206897,0.48333333333333334
4,2.03,6.81,1900-01-01 15:25:43,15:26:16,4,2,33,1,20,925,2,5.0,11.09,3.6666666666666665,-1.0,16.256157635467982,0.24606060606060604
3,2.29,6.39,1900-01-01 15:26:46,15:27:19,1,2,33,1,20,926,2,4.0,6.81,4.0,-1.0,14.410480349344978,0.2081818181818182
4,2.86,5.82,1900-01-01 15:26:57,15:27:30,5,2,33,1,20,926,2,3.0,6.39,3.6666666666666665,1.0,11.538461538461538,0.3466666666666667
4,2.81,7.23,1900-01-01 15:27:55,15:28:28,2,2,33,1,20,927,2,4.0,5.82,3.6666666666666665,0.0,11.743772241992882,0.34060606060606063
3,2.88,8.38,1900-01-01 15:28:06,15:28:39,3,2,33,1,20,928,2,4.0,7.23,3.6666666666666665,-1.0,11.458333333333334,0.2618181818181818
1,0.0,6.82,1900-01-01 15:28:15,15:28:48,4,2,33,1,20,928,2,3.0,8.38,2.6666666666666665,-2.0,33.0,0.030303030303030304
3,1.33,5.72,1900-01-01 15:29:18,15:29:51,1,2,33,1,20,929,2,1.0,6.82,2.3333333333333335,2.0,24.81203007518797,0.12090909090909091
2,2.5,6.19,1900-01-01 15:29:29,15:30:02,5,2,33,1,20,929,2,3.0,5.72,2.0,-1.0,13.2,0.15151515151515152
3,6.83,5.11,1900-01-01 15:30:27,15:31:00,2,2,33,2,28,930,2,2.0,6.19,2.6666666666666665,1.0,4.831625183016105,0.620909090909091
7,2.61,15.43,1900-01-01 15:30:38,15:31:11,3,2,33,0,35,930,2,3.0,5.11,4.0,4.0,12.64367816091954,0.5536363636363636
5,6.42,5.75,1900-01-01 15:30:47,15:31:20,4,2,33,1,20,930,2,7.0,15.43,5.0,-2.0,5.140186915887851,0.9727272727272727
7,1.86,9.01,1900-01-01 15:31:50,15:32:23,1,2,33,1,20,931,2,5.0,5.75,6.333333333333333,2.0,17.741935483870968,0.39454545454545453
4,2.58,6.33,1900-01-01 15:32:01,15:32:34,5,2,33,1,20,932,2,7.0,9.01,5.333333333333333,-3.0,12.790697674418604,0.31272727272727274
10,2.58,16.93,1900-01-01 15:32:59,15:33:32,2,2,33,0,35,932,2,4.0,6.33,7.0,6.0,12.790697674418604,0.7818181818181819
2,5.07,5.11,1900-01-01 15:33:10,15:33:43,3,2,33,1,20,933,2,10.0,16.93,5.333333333333333,-8.0,6.50887573964497,0.3072727272727273
7,2.51,15.94,1900-01-01 15:33:19,15:33:52,4,2,33,0,35,933,2,2.0,5.11,6.333333333333333,5.0,13.147410358565738,0.5324242424242424
5,2.33,5.01,1900-01-01 15:34:22,15:34:55,1,2,33,1,20,934,2,7.0,15.94,4.666666666666667,-2.0,14.163090128755364,0.353030303030303
4,5.14,11.85,1900-01-01 15:34:33,15:35:06,5,2,33,1,20,934,2,5.0,5.01,5.333333333333333,-1.0,6.42023346303502,0.623030303030303
4,3.94,4.45,1900-01-01 15:35:31,15:36:04,2,2,33,1,20,935,2,4.0,11.85,4.333333333333333,0.0,8.375634517766498,0.47757575757575754
4,3.89,10.6,1900-01-01 15:35:42,15:36:15,3,2,33,1,20,935,2,4.0,4.45,4.0,0.0,8.483290488431876,0.4715151515151515
3,2.17,7.7,1900-01-01 15:35:51,15:36:24,4,2,33,1,20,935,2,4.0,10.6,3.6666666666666665,-1.0,15.207373271889402,0.19727272727272727
1,0.0,2.69,1900-01-01 15:36:54,15:37:27,1,2,33,1,20,936,2,3.0,7.7,2.6666666666666665,-2.0,33.0,0.030303030303030304
6,3.7,12.22,1900-01-01 15:37:05,15:37:38,5,2,33,1,20,937,2,1.0,2.69,3.3333333333333335,5.0,8.91891891891892,0.6727272727272727
4,7.0,6.37,1900-01-01 15:38:03,15:38:36,2,2,33,2,28,938,2,6.0,12.22,3.6666666666666665,-2.0,4.714285714285714,0.8484848484848485
6,2.07,15.92,1900-01-01 15:38:14,15:38:47,3,2,33,0,35,938,2,4.0,6.37,5.333333333333333,2.0,15.942028985507248,0.37636363636363634
9,1.59,19.89,1900-01-01 15:38:23,15:38:56,4,2,33,0,35,938,2,6.0,15.92,6.333333333333333,3.0,20.754716981132074,0.43363636363636365
4,4.06,3.4,1900-01-01 15:39:26,15:39:59,1,2,33,1,20,939,2,9.0,19.89,6.333333333333333,-5.0,8.128078817733991,0.49212121212121207
0,0.0,4.65,1900-01-01 15:39:37,15:40:10,5,2,33,1,20,939,2,4.0,3.4,4.333333333333333,-4.0,33.0,0.0
2,14.42,5.95,1900-01-01 15:40:35,15:41:08,2,2,33,2,28,940,2,0.0,4.65,2.0,2.0,2.2884882108183078,0.873939393939394
3,3.59,8.0,1900-01-01 15:40:46,15:41:19,3,2,33,1,20,940,2,2.0,5.95,1.6666666666666667,1.0,9.192200557103064,0.32636363636363636
5,2.23,7.99,1900-01-01 15:40:55,15:41:28,4,2,33,1,20,940,2,3.0,8.0,3.3333333333333335,2.0,14.798206278026907,0.33787878787878783
2,9.08,2.52,1900-01-01 15:41:58,15:42:31,1,2,33,2,19,941,2,5.0,7.99,3.3333333333333335,-3.0,3.6343612334801763,0.5503030303030303
5,2.12,12.37,1900-01-01 15:42:09,15:42:42,5,2,33,1,20,942,2,2.0,2.52,4.0,3.0,15.566037735849056,0.3212121212121212
5,2.25,13.11,1900-01-01 15:43:07,15:43:40,2,2,33,1,20,943,2,5.0,12.37,4.0,0.0,14.666666666666666,0.34090909090909094
4,5.01,11.69,1900-01-01 15:43:18,15:43:51,3,2,33,1,20,943,2,5.0,13.11,4.666666666666667,-1.0,6.586826347305389,0.6072727272727273
4,3.58,6.1,1900-01-01 15:43:27,15:44:00,4,2,33,1,20,943,2,4.0,11.69,4.333333333333333,0.0,9.217877094972067,0.43393939393939396
2,3.75,3.6,1900-01-01 15:44:30,15:45:03,1,2,33,1,20,944,2,4.0,6.1,3.3333333333333335,-2.0,8.8,0.22727272727272727
5,2.8,13.77,1900-01-01 15:44:41,15:45:14,5,2,33,1,20,944,2,2.0,3.6,3.6666666666666665,3.0,11.785714285714286,0.4242424242424242
6,2.23,13.13,1900-01-01 15:45:39,15:46:12,2,2,33,1,20,945,2,5.0,13.77,4.333333333333333,1.0,14.798206278026907,0.4054545454545454
3,3.53,7.9,1900-01-01 15:45:50,15:46:23,3,2,33,1,20,945,2,6.0,13.13,4.666666666666667,-3.0,9.34844192634561,0.3209090909090909
10,1.67,17.59,1900-01-01 15:45:59,15:46:32,4,2,33,0,35,945,2,3.0,7.9,6.333333333333333,7.0,19.76047904191617,0.506060606060606
2,2.75,3.55,1900-01-01 15:47:02,15:47:35,1,2,33,1,20,947,2,10.0,17.59,5.0,-8.0,12.0,0.16666666666666666
2,4.23,5.37,1900-01-01 15:47:13,15:47:46,5,2,33,1,20,947,2,2.0,3.55,4.666666666666667,0.0,7.801418439716311,0.2563636363636364
2,2.33,5.09,1900-01-01 15:48:11,15:48:44,2,2,33,1,20,948,2,2.0,5.37,2.0,0.0,14.163090128755364,0.1412121212121212
3,4.4,6.97,1900-01-01 15:48:22,15:48:55,3,2,33,1,20,948,2,2.0,5.09,2.3333333333333335,1.0,7.499999999999999,0.4
4,1.19,10.33,1900-01-01 15:48:31,15:49:04,4,2,33,1,20,948,2,3.0,6.97,3.0,1.0,27.73109243697479,0.14424242424242423
3,1.5,4.03,1900-01-01 15:49:34,15:50:07,1,2,33,1,20,949,2,4.0,10.33,3.3333333333333335,-1.0,22.0,0.13636363636363635
5,3.49,13.04,1900-01-01 15:49:45,15:50:18,5,2,33,1,20,949,2,3.0,4.03,4.0,2.0,9.455587392550143,0.5287878787878788
6,5.18,10.54,1900-01-01 15:50:43,15:51:16,2,2,33,1,20,950,2,5.0,13.04,4.666666666666667,1.0,6.370656370656371,0.9418181818181818
6,2.87,13.24,1900-01-01 15:50:54,15:51:27,3,2,33,1,20,950,2,6.0,10.54,5.666666666666667,0.0,11.498257839721253,0.5218181818181818
3,9.54,6.65,1900-01-01 15:51:03,15:51:36,4,2,33,2,28,951,2,6.0,13.24,5.0,-3.0,3.459119496855346,0.8672727272727272
7,3.89,5.75,1900-01-01 15:52:06,15:52:39,1,2,33,1,20,952,2,3.0,6.65,5.333333333333333,4.0,8.483290488431876,0.8251515151515152
5,2.16,11.55,1900-01-01 15:52:17,15:52:50,5,2,33,1,20,952,2,7.0,5.75,5.0,-2.0,15.277777777777777,0.32727272727272727
6,2.7,14.57,1900-01-01 15:53:15,15:53:48,2,2,33,0,35,953,2,5.0,11.55,6.0,1.0,12.222222222222221,0.49090909090909096
6,2.01,16.71,1900-01-01 15:53:26,15:53:59,3,2,33,0,35,953,2,6.0,14.57,5.666666666666667,0.0,16.417910447761194,0.3654545454545454
6,2.13,12.71,1900-01-01 15:53:35,15:54:08,4,2,33,1,20,953,2,6.0,16.71,6.0,0.0,15.492957746478874,0.38727272727272727
5,2.08,4.33,1900-01-01 15:54:38,15:55:11,1,2,33,1,20,954,2,6.0,12.71,5.666666666666667,-1.0,15.865384615384615,0.3151515151515152
2,3.96,6.41,1900-01-01 15:54:49,15:55:22,5,2,33,1,20,954,2,5.0,4.33,4.333333333333333,-3.0,8.333333333333334,0.24
2,8.33,4.51,1900-01-01 15:55:47,15:56:20,2,2,33,2,17,955,2,2.0,6.41,3.0,0.0,3.9615846338535414,0.5048484848484849
5,3.43,10.91,1900-01-01 15:55:58,15:56:31,3,2,33,1,20,955,2,2.0,4.51,3.0,3.0,9.620991253644315,0.5196969696969698
5,2.45,12.64,1900-01-01 15:56:07,15:56:40,4,2,33,1,20,956,2,5.0,10.91,4.0,0.0,13.46938775510204,0.3712121212121212
4,5.39,9.11,1900-01-01 15:57:10,15:57:43,1,2,33,1,20,957,2,5.0,12.64,4.666666666666667,-1.0,6.122448979591837,0.6533333333333333
4,5.2,12.09,1900-01-01 15:57:21,15:57:54,5,2,33,1,20,957,2,4.0,9.11,4.333333333333333,0.0,6.346153846153846,0.6303030303030304
5,2.93,11.45,1900-01-01 15:58:19,15:58:52,2,2,33,1,20,958,2,4.0,12.09,4.333333333333333,1.0,11.262798634812286,0.44393939393939397
3,5.37,8.07,1900-01-01 15:58:30,15:59:03,3,2,33,1,20,958,2,5.0,11.45,4.0,-2.0,6.145251396648044,0.4881818181818182
4,4.0,9.86,1900-01-01 15:58:39,15:59:12,4,2,33,1,20,958,2,3.0,8.07,4.0,1.0,8.25,0.48484848484848486
4,4.04,10.34,1900-01-01 15:59:42,16:00:15,1,2,33,1,20,959,2,4.0,9.86,3.6666666666666665,0.0,8.168316831683168,0.48969696969696974
3,3.63,8.2,1900-01-01 15:59:53,16:00:26,5,2,33,1,20,959,2,4.0,10.34,3.6666666666666665,-1.0,9.090909090909092,0.32999999999999996
2,2.2,3.97,1900-01-01 07:58:15,07:58:48,2,3,33,1,20,478,1,0.0,0.0,2.0,0.0,14.999999999999998,0.13333333333333336
5,2.41,14.03,1900-01-01 07:58:26,07:58:59,3,3,33,1,20,478,1,2.0,3.97,3.5,3.0,13.692946058091286,0.36515151515151517
9,3.74,20.96,1900-01-01 07:58:35,07:59:08,4,3,33,0,40,478,1,5.0,14.03,5.333333333333333,4.0,8.823529411764705,1.0200000000000002
8,3.24,21.68,1900-01-01 07:59:38,08:00:11,1,3,33,0,35,479,1,9.0,20.96,7.333333333333333,-1.0,10.185185185185185,0.7854545454545454
3,3.46,5.53,1900-01-01 07:59:49,08:00:22,5,3,33,1,20,479,1,8.0,21.68,6.666666666666667,-5.0,9.53757225433526,0.3145454545454546
7,1.35,16.82,1900-01-01 08:00:47,08:01:20,2,3,33,0,35,480,1,3.0,5.53,6.0,4.0,24.444444444444443,0.2863636363636364
4,3.01,10.16,1900-01-01 08:00:58,08:01:31,3,3,33,1,20,480,1,7.0,16.82,4.666666666666667,-3.0,10.963455149501662,0.3648484848484848
8,1.8,20.82,1900-01-01 08:01:07,08:01:40,4,3,33,0,35,481,1,4.0,10.16,6.333333333333333,4.0,18.333333333333332,0.4363636363636364
6,2.72,16.44,1900-01-01 08:02:10,08:02:43,1,3,33,0,35,482,1,8.0,20.82,6.0,-2.0,12.13235294117647,0.4945454545454546
6,2.17,6.84,1900-01-01 08:02:21,08:02:54,5,3,33,1,25,482,1,6.0,16.44,6.666666666666667,0.0,15.207373271889402,0.39454545454545453
6,3.74,16.53,1900-01-01 08:03:19,08:03:52,2,3,33,0,35,483,1,6.0,6.84,6.0,0.0,8.823529411764705,0.68
9,2.34,11.28,1900-01-01 08:03:30,08:04:03,3,3,33,0,35,483,1,6.0,16.53,7.0,3.0,14.102564102564104,0.6381818181818181
9,2.16,24.48,1900-01-01 08:03:39,08:04:12,4,3,33,0,35,483,1,9.0,11.28,8.0,0.0,15.277777777777777,0.5890909090909091
6,3.65,15.18,1900-01-01 08:04:42,08:05:15,1,3,33,0,35,484,1,9.0,24.48,8.0,-3.0,9.04109589041096,0.6636363636363636
9,2.85,17.18,1900-01-01 08:04:53,08:05:26,5,3,33,0,35,484,1,6.0,15.18,8.0,3.0,11.578947368421053,0.7772727272727272
5,2.59,13.7,1900-01-01 08:05:51,08:06:24,2,3,33,1,20,485,1,9.0,17.18,6.666666666666667,-4.0,12.741312741312742,0.3924242424242424
8,1.71,10.27,1900-01-01 08:06:02,08:06:35,3,3,33,0,35,486,1,5.0,13.7,7.333333333333333,3.0,19.29824561403509,0.4145454545454545
3,3.55,7.44,1900-01-01 08:06:11,08:06:44,4,3,33,1,20,486,1,8.0,10.27,5.333333333333333,-5.0,9.295774647887324,0.32272727272727275
4,1.16,10.91,1900-01-01 08:07:14,08:07:47,1,3,33,1,20,487,1,3.0,7.44,5.0,1.0,28.448275862068968,0.1406060606060606
8,3.01,14.05,1900-01-01 08:07:25,08:07:58,5,3,33,0,35,487,1,4.0,10.91,5.0,4.0,10.963455149501662,0.7296969696969696
8,2.33,22.81,1900-01-01 08:08:23,08:08:56,2,3,33,0,35,488,1,8.0,14.05,6.666666666666667,0.0,14.163090128755364,0.5648484848484848
9,2.43,15.63,1900-01-01 08:08:34,08:09:07,3,3,33,0,35,488,1,8.0,22.81,8.333333333333334,1.0,13.580246913580247,0.6627272727272727
4,4.19,9.98,1900-01-01 08:08:43,08:09:16,4,3,33,1,20,488,1,9.0,15.63,7.0,-5.0,7.875894988066825,0.5078787878787879
8,3.79,20.13,1900-01-01 08:09:46,08:10:19,1,3,33,0,35,489,1,4.0,9.98,7.0,4.0,8.70712401055409,0.9187878787878788
12,2.26,21.91,1900-01-01 08:09:57,08:10:30,5,3,33,0,35,489,1,8.0,20.13,8.0,4.0,14.601769911504427,0.8218181818181817
4,3.85,11.1,1900-01-01 08:10:55,08:11:28,2,3,33,1,20,490,1,12.0,21.91,8.0,-8.0,8.571428571428571,0.4666666666666667
4,6.61,4.79,1900-01-01 08:11:06,08:11:39,3,3,33,1,20,491,1,4.0,11.1,6.666666666666667,0.0,4.992435703479576,0.8012121212121213
2,3.27,5.3,1900-01-01 08:11:15,08:11:48,4,3,33,1,20,491,1,4.0,4.79,3.3333333333333335,-2.0,10.091743119266056,0.19818181818181815
8,2.95,20.85,1900-01-01 08:12:18,08:12:51,1,3,33,0,35,492,1,2.0,5.3,4.666666666666667,6.0,11.1864406779661,0.7151515151515152
6,5.48,8.04,1900-01-01 08:12:29,08:13:02,5,3,33,1,25,492,1,8.0,20.85,5.333333333333333,-2.0,6.021897810218977,0.9963636363636365
2,1.84,4.69,1900-01-01 08:13:27,08:14:00,2,3,33,1,20,493,1,6.0,8.04,5.333333333333333,-4.0,17.934782608695652,0.11151515151515151
9,2.47,14.07,1900-01-01 08:13:38,08:14:11,3,3,33,0,35,493,1,2.0,4.69,5.666666666666667,7.0,13.360323886639675,0.6736363636363637
9,1.39,24.89,1900-01-01 08:13:47,08:14:20,4,3,33,0,35,493,1,9.0,14.07,6.666666666666667,0.0,23.741007194244606,0.3790909090909091
7,1.78,17.01,1900-01-01 08:14:50,08:15:23,1,3,33,0,35,494,1,9.0,24.89,8.333333333333334,-2.0,18.53932584269663,0.37757575757575756
11,2.58,12.91,1900-01-01 08:15:01,08:15:34,5,3,33,0,35,495,1,7.0,17.01,9.0,4.0,12.790697674418604,0.86
2,1.99,5.98,1900-01-01 08:15:59,08:16:32,2,3,33,1,20,495,1,11.0,12.91,6.666666666666667,-9.0,16.582914572864322,0.1206060606060606
5,2.71,9.83,1900-01-01 08:16:10,08:16:43,3,3,33,1,22,496,1,2.0,5.98,6.0,3.0,12.177121771217712,0.41060606060606064
4,3.35,10.58,1900-01-01 08:16:19,08:16:52,4,3,33,1,20,496,1,5.0,9.83,3.6666666666666665,-1.0,9.850746268656716,0.4060606060606061
3,1.53,7.69,1900-01-01 08:17:22,08:17:55,1,3,33,1,20,497,1,4.0,10.58,4.0,-1.0,21.56862745098039,0.1390909090909091
9,2.32,15.91,1900-01-01 08:17:33,08:18:06,5,3,33,0,35,497,1,3.0,7.69,5.333333333333333,6.0,14.224137931034484,0.6327272727272727
7,1.93,16.99,1900-01-01 08:18:31,08:19:04,2,3,33,0,35,498,1,9.0,15.91,6.333333333333333,-2.0,17.098445595854923,0.40939393939393937
7,2.43,13.38,1900-01-01 08:18:42,08:19:15,3,3,33,0,35,498,1,7.0,16.99,7.666666666666667,0.0,13.580246913580247,0.5154545454545455
7,3.39,17.61,1900-01-01 08:18:51,08:19:24,4,3,33,0,35,498,1,7.0,13.38,7.0,0.0,9.734513274336283,0.7190909090909091
9,3.76,24.62,1900-01-01 08:19:54,08:20:27,1,3,33,0,35,499,1,7.0,17.61,7.666666666666667,2.0,8.77659574468085,1.0254545454545454
11,1.98,13.12,1900-01-01 08:20:05,08:20:38,5,3,33,0,35,500,1,9.0,24.62,9.0,2.0,16.666666666666668,0.6599999999999999
6,2.91,14.35,1900-01-01 08:21:03,08:21:36,2,3,33,0,35,501,1,11.0,13.12,8.666666666666666,-5.0,11.340206185567009,0.5290909090909092
6,2.07,11.38,1900-01-01 08:21:14,08:21:47,3,3,33,1,22,501,1,6.0,14.35,7.666666666666667,0.0,15.942028985507248,0.37636363636363634
7,3.47,16.3,1900-01-01 08:21:23,08:21:56,4,3,33,0,35,501,1,6.0,11.38,6.333333333333333,1.0,9.510086455331411,0.7360606060606062
3,1.15,6.55,1900-01-01 08:22:26,08:22:59,1,3,33,1,20,502,1,7.0,16.3,5.333333333333333,-4.0,28.695652173913047,0.10454545454545454
15,1.98,21.02,1900-01-01 08:22:37,08:23:10,5,3,33,0,35,502,1,3.0,6.55,8.333333333333334,12.0,16.666666666666668,0.8999999999999999
8,4.24,18.3,1900-01-01 08:23:35,08:24:08,2,3,33,0,35,503,1,15.0,21.02,8.666666666666666,-7.0,7.783018867924528,1.0278787878787878
6,6.05,14.03,1900-01-01 08:23:46,08:24:19,3,3,33,1,22,503,1,8.0,18.3,9.666666666666666,-2.0,5.454545454545455,1.0999999999999999
6,2.28,12.17,1900-01-01 08:23:55,08:24:28,4,3,33,1,20,503,1,6.0,14.03,6.666666666666667,0.0,14.473684210526317,0.4145454545454545
7,3.66,18.56,1900-01-01 08:24:58,08:25:31,1,3,33,0,35,504,1,6.0,12.17,6.333333333333333,1.0,9.01639344262295,0.7763636363636364
6,6.12,7.7,1900-01-01 08:25:09,08:25:42,5,3,33,1,36,505,1,7.0,18.56,6.333333333333333,-1.0,5.3921568627450975,1.1127272727272728
6,1.25,16.07,1900-01-01 08:26:07,08:26:40,2,3,33,0,35,506,1,6.0,7.7,6.333333333333333,0.0,26.4,0.2272727272727273
7,1.74,11.28,1900-01-01 08:26:18,08:26:51,3,3,33,0,35,506,1,6.0,16.07,6.333333333333333,1.0,18.96551724137931,0.3690909090909091
9,3.05,20.18,1900-01-01 08:26:27,08:27:00,4,3,33,0,35,506,1,7.0,11.28,7.333333333333333,2.0,10.819672131147541,0.8318181818181818
5,2.94,12.1,1900-01-01 08:27:30,08:28:03,1,3,33,1,20,507,1,9.0,20.18,7.0,-4.0,11.224489795918368,0.44545454545454544
13,2.31,24.7,1900-01-01 08:27:41,08:28:14,5,3,33,0,35,507,1,5.0,12.1,9.0,8.0,14.285714285714285,0.91
7,1.99,19.31,1900-01-01 08:28:39,08:29:12,2,3,33,0,35,508,1,13.0,24.7,8.333333333333334,-6.0,16.582914572864322,0.4221212121212121
10,2.76,25.08,1900-01-01 08:28:50,08:29:23,3,3,33,0,35,508,1,7.0,19.31,10.0,3.0,11.956521739130435,0.8363636363636363
8,3.11,22.65,1900-01-01 08:28:59,08:29:32,4,3,33,0,35,508,1,10.0,25.08,8.333333333333334,-2.0,10.610932475884244,0.7539393939393939
6,2.85,16.58,1900-01-01 08:30:02,08:30:35,1,3,33,0,35,510,1,8.0,22.65,8.0,-2.0,11.578947368421053,0.5181818181818182
7,2.67,12.86,1900-01-01 08:30:13,08:30:46,5,3,33,0,35,510,1,6.0,16.58,7.0,1.0,12.359550561797754,0.5663636363636363
6,1.15,14.72,1900-01-01 08:31:11,08:31:44,2,3,33,0,35,511,1,7.0,12.86,6.333333333333333,-1.0,28.695652173913047,0.20909090909090908
3,1.67,7.11,1900-01-01 08:31:22,08:31:55,3,3,33,1,20,511,1,6.0,14.72,5.333333333333333,-3.0,19.76047904191617,0.1518181818181818
10,3.44,15.55,1900-01-01 08:31:31,08:32:04,4,3,33,0,35,511,1,3.0,7.11,6.333333333333333,7.0,9.593023255813954,1.0424242424242425
5,3.06,11.61,1900-01-01 08:32:34,08:33:07,1,3,33,1,20,512,1,10.0,15.55,6.0,-5.0,10.784313725490195,0.4636363636363637
8,2.1,17.24,1900-01-01 08:32:45,08:33:18,5,3,33,0,35,512,1,5.0,11.61,7.666666666666667,3.0,15.714285714285714,0.5090909090909091
8,1.16,21.08,1900-01-01 08:33:43,08:34:16,2,3,33,0,35,513,1,8.0,17.24,7.0,0.0,28.448275862068968,0.2812121212121212
14,1.79,22.61,1900-01-01 08:33:54,08:34:27,3,3,33,0,35,513,1,8.0,21.08,10.0,6.0,18.435754189944134,0.7593939393939394
3,2.88,4.8,1900-01-01 08:34:03,08:34:36,4,3,33,1,20,514,1,14.0,22.61,8.333333333333334,-11.0,11.458333333333334,0.2618181818181818
6,3.1,15.56,1900-01-01 08:35:06,08:35:39,1,3,33,0,35,515,1,3.0,4.8,7.666666666666667,3.0,10.64516129032258,0.5636363636363637
12,2.23,16.41,1900-01-01 08:35:17,08:35:50,5,3,33,0,35,515,1,6.0,15.56,7.0,6.0,14.798206278026907,0.8109090909090908
2,2.67,3.11,1900-01-01 08:36:15,08:36:48,2,3,33,1,20,516,1,12.0,16.41,6.666666666666667,-10.0,12.359550561797754,0.1618181818181818
6,4.23,9.98,1900-01-01 08:36:26,08:36:59,3,3,33,1,20,516,1,2.0,3.11,6.666666666666667,4.0,7.801418439716311,0.7690909090909092
6,3.0,9.88,1900-01-01 08:36:35,08:37:08,4,3,33,1,20,516,1,6.0,9.98,4.666666666666667,0.0,11.0,0.5454545454545454
2,2.3,4.07,1900-01-01 08:37:38,08:38:11,1,3,33,1,20,517,1,6.0,9.88,4.666666666666667,-4.0,14.347826086956523,0.13939393939393938
6,1.45,8.2,1900-01-01 08:37:49,08:38:22,5,3,33,1,20,517,1,2.0,4.07,4.666666666666667,4.0,22.758620689655174,0.2636363636363636
9,3.59,13.44,1900-01-01 08:38:47,08:39:20,2,3,33,0,35,518,1,6.0,8.2,5.666666666666667,3.0,9.192200557103064,0.9790909090909091
8,1.96,16.86,1900-01-01 08:38:58,08:39:31,3,3,33,0,35,518,1,9.0,13.44,7.666666666666667,-1.0,16.836734693877553,0.4751515151515151
11,2.83,20.97,1900-01-01 08:39:07,08:39:40,4,3,33,0,35,519,1,8.0,16.86,9.333333333333334,3.0,11.66077738515901,0.9433333333333334
5,2.35,14.32,1900-01-01 08:40:10,08:40:43,1,3,33,1,20,520,1,11.0,20.97,8.0,-6.0,14.042553191489361,0.3560606060606061
5,3.06,5.84,1900-01-01 08:40:21,08:40:54,5,3,33,1,20,520,1,5.0,14.32,7.0,0.0,10.784313725490195,0.4636363636363637
10,2.52,17.75,1900-01-01 08:41:19,08:41:52,2,3,33,0,35,521,1,5.0,5.84,6.666666666666667,5.0,13.095238095238095,0.7636363636363637
8,2.32,18.76,1900-01-01 08:41:30,08:42:03,3,3,33,0,35,521,1,10.0,17.75,7.666666666666667,-2.0,14.224137931034484,0.5624242424242424
9,2.11,16.4,1900-01-01 08:41:39,08:42:12,4,3,33,0,35,521,1,8.0,18.76,9.0,1.0,15.639810426540285,0.5754545454545454
11,2.23,22.89,1900-01-01 08:42:42,08:43:15,1,3,33,0,35,522,1,9.0,16.4,9.333333333333334,2.0,14.798206278026907,0.7433333333333333
12,1.99,12.67,1900-01-01 08:42:53,08:43:26,5,3,33,0,35,522,1,11.0,22.89,10.666666666666666,1.0,16.582914572864322,0.7236363636363636
10,1.35,17.35,1900-01-01 08:43:51,08:44:24,2,3,33,0,35,523,1,12.0,12.67,11.0,-2.0,24.444444444444443,0.4090909090909091
3,2.04,3.87,1900-01-01 08:44:02,08:44:35,3,3,33,1,20,524,1,10.0,17.35,8.333333333333334,-7.0,16.176470588235293,0.18545454545454546
5,2.62,8.45,1900-01-01 08:44:11,08:44:44,4,3,33,1,20,524,1,3.0,3.87,6.0,2.0,12.595419847328245,0.396969696969697
13,2.06,23.65,1900-01-01 08:45:14,08:45:47,1,3,33,0,35,525,1,5.0,8.45,7.0,8.0,16.019417475728154,0.8115151515151515
13,2.0,20.18,1900-01-01 08:45:25,08:45:58,5,3,33,0,35,525,1,13.0,23.65,10.333333333333334,0.0,16.5,0.7878787878787878
12,2.76,22.28,1900-01-01 08:46:23,08:46:56,2,3,33,0,35,526,1,13.0,20.18,12.666666666666666,-1.0,11.956521739130435,1.0036363636363637
4,8.03,6.31,1900-01-01 08:46:34,08:47:07,3,3,33,2,32,526,1,12.0,22.28,9.666666666666666,-8.0,4.109589041095891,0.9733333333333333
9,3.11,10.16,1900-01-01 08:46:43,08:47:16,4,3,33,0,35,526,1,4.0,6.31,8.333333333333334,5.0,10.610932475884244,0.8481818181818183
6,2.0,17.87,1900-01-01 08:47:46,08:48:19,1,3,33,0,35,527,1,9.0,10.16,6.333333333333333,-3.0,16.5,0.36363636363636365
3,2.79,8.01,1900-01-01 08:47:57,08:48:30,5,3,33,1,20,527,1,6.0,17.87,6.0,-3.0,11.827956989247312,0.25363636363636366
5,1.56,9.26,1900-01-01 08:48:55,08:49:28,2,3,33,1,20,528,1,3.0,8.01,4.666666666666667,2.0,21.153846153846153,0.23636363636363636
10,2.47,19.77,1900-01-01 08:49:06,08:49:39,3,3,33,0,35,529,1,5.0,9.26,6.0,5.0,13.360323886639675,0.7484848484848485
7,2.19,15.0,1900-01-01 08:49:15,08:49:48,4,3,33,0,35,529,1,10.0,19.77,7.333333333333333,-3.0,15.068493150684931,0.46454545454545454
10,3.48,21.72,1900-01-01 08:50:18,08:50:51,1,3,33,0,35,530,1,7.0,15.0,9.0,3.0,9.482758620689655,1.0545454545454547
7,2.6,10.89,1900-01-01 08:50:29,08:51:02,5,3,33,1,20,530,1,10.0,21.72,8.0,-3.0,12.692307692307692,0.5515151515151515
20,1.35,37.83,1900-01-01 08:51:27,08:52:00,2,3,33,0,35,531,1,7.0,10.89,12.333333333333334,13.0,24.444444444444443,0.8181818181818182
6,4.3,13.35,1900-01-01 08:51:38,08:52:11,3,3,33,1,24,531,1,20.0,37.83,11.0,-14.0,7.674418604651163,0.7818181818181817
2,4.92,3.52,1900-01-01 08:51:47,08:52:20,4,3,33,1,23,531,1,6.0,13.35,9.333333333333334,-4.0,6.7073170731707314,0.2981818181818182
17,1.44,33.16,1900-01-01 08:52:50,08:53:23,1,3,33,0,35,532,1,2.0,3.52,8.333333333333334,15.0,22.916666666666668,0.7418181818181818
9,2.46,11.51,1900-01-01 08:53:01,08:53:34,5,3,33,0,35,533,1,17.0,33.16,9.333333333333334,-8.0,13.414634146341463,0.6709090909090909
12,1.93,25.33,1900-01-01 08:53:59,08:54:32,2,3,33,0,35,533,1,9.0,11.51,12.666666666666666,3.0,17.098445595854923,0.7018181818181818
5,3.04,7.69,1900-01-01 08:54:10,08:54:43,3,3,33,1,24,534,1,12.0,25.33,8.666666666666666,-7.0,10.855263157894736,0.46060606060606063
9,2.21,19.52,1900-01-01 08:54:19,08:54:52,4,3,33,0,35,534,1,5.0,7.69,8.666666666666666,4.0,14.93212669683258,0.6027272727272727
9,3.72,19.73,1900-01-01 08:55:22,08:55:55,1,3,33,0,35,535,1,9.0,19.52,7.666666666666667,0.0,8.870967741935484,1.0145454545454546
1,0.0,4.56,1900-01-01 08:55:33,08:56:06,5,3,33,1,20,535,1,9.0,19.73,6.333333333333333,-8.0,33.0,0.030303030303030304
8,2.52,16.61,1900-01-01 08:56:31,08:57:04,2,3,33,0,35,536,1,1.0,4.56,6.0,7.0,13.095238095238095,0.610909090909091
3,5.83,3.29,1900-01-01 08:56:42,08:57:15,3,3,33,1,24,536,1,8.0,16.61,4.0,-5.0,5.660377358490566,0.53
6,2.3,16.36,1900-01-01 08:56:51,08:57:24,4,3,33,0,35,536,1,3.0,3.29,5.666666666666667,3.0,14.347826086956523,0.41818181818181815
9,2.47,25.16,1900-01-01 08:57:54,08:58:27,1,3,33,0,35,537,1,6.0,16.36,6.0,3.0,13.360323886639675,0.6736363636363637
5,3.38,8.05,1900-01-01 08:58:05,08:58:38,5,3,33,1,20,538,1,9.0,25.16,6.666666666666667,-4.0,9.763313609467456,0.5121212121212121
7,3.57,13.74,1900-01-01 08:59:03,08:59:36,2,3,33,0,35,539,1,5.0,8.05,7.0,2.0,9.243697478991598,0.7572727272727272
7,3.72,9.44,1900-01-01 08:59:14,08:59:47,3,3,33,1,24,539,1,7.0,13.74,6.333333333333333,0.0,8.870967741935484,0.7890909090909091
6,5.92,6.71,1900-01-01 08:59:23,08:59:56,4,3,33,1,23,539,1,7.0,9.44,6.666666666666667,-1.0,5.574324324324325,1.0763636363636364
8,2.1,16.48,1900-01-01 09:00:26,09:00:59,1,3,33,0,35,540,1,6.0,6.71,7.0,2.0,15.714285714285714,0.5090909090909091
5,2.44,5.56,1900-01-01 09:00:37,09:01:10,5,3,33,1,20,540,1,8.0,16.48,6.333333333333333,-3.0,13.524590163934427,0.3696969696969697
7,2.88,12.18,1900-01-01 09:01:35,09:02:08,2,3,33,0,35,541,1,5.0,5.56,6.666666666666667,2.0,11.458333333333334,0.6109090909090908
5,2.17,9.08,1900-01-01 09:01:46,09:02:19,3,3,33,1,20,541,1,7.0,12.18,5.666666666666667,-2.0,15.207373271889402,0.32878787878787874
3,2.08,3.14,1900-01-01 09:01:55,09:02:28,4,3,33,1,20,541,1,5.0,9.08,5.0,-2.0,15.865384615384615,0.1890909090909091
8,4.02,15.5,1900-01-01 09:02:58,09:03:31,1,3,33,0,35,542,1,3.0,3.14,5.333333333333333,5.0,8.208955223880597,0.9745454545454545
12,1.75,14.93,1900-01-01 09:03:09,09:03:42,5,3,33,0,35,543,1,8.0,15.5,7.666666666666667,4.0,18.857142857142858,0.6363636363636364
3,2.21,8.56,1900-01-01 09:04:07,09:04:40,2,3,33,1,20,544,1,12.0,14.93,7.666666666666667,-9.0,14.93212669683258,0.2009090909090909
4,8.5,7.27,1900-01-01 09:04:18,09:04:51,3,3,33,2,34,544,1,3.0,8.56,6.333333333333333,1.0,3.8823529411764706,1.0303030303030303
5,2.23,10.38,1900-01-01 09:04:27,09:05:00,4,3,33,1,20,544,1,4.0,7.27,4.0,1.0,14.798206278026907,0.33787878787878783
8,2.13,17.65,1900-01-01 09:05:30,09:06:03,1,3,33,0,35,545,1,5.0,10.38,5.666666666666667,3.0,15.492957746478874,0.5163636363636364
9,1.67,16.58,1900-01-01 09:05:41,09:06:14,5,3,33,0,35,545,1,8.0,17.65,7.333333333333333,1.0,19.76047904191617,0.4554545454545454
17,1.77,39.79,1900-01-01 09:06:39,09:07:12,2,3,33,0,35,546,1,9.0,16.58,11.333333333333334,8.0,18.64406779661017,0.9118181818181819
8,2.11,13.02,1900-01-01 09:06:50,09:07:23,3,3,33,0,35,546,1,17.0,39.79,11.333333333333334,-9.0,15.639810426540285,0.5115151515151515
13,1.97,24.65,1900-01-01 09:06:59,09:07:32,4,3,33,0,35,546,1,8.0,13.02,12.666666666666666,5.0,16.751269035532996,0.776060606060606
7,2.81,21.85,1900-01-01 09:08:02,09:08:35,1,3,33,0,35,548,1,13.0,24.65,9.333333333333334,-6.0,11.743772241992882,0.5960606060606061
5,3.6,7.14,1900-01-01 09:08:13,09:08:46,5,3,33,1,20,548,1,7.0,21.85,8.333333333333334,-2.0,9.166666666666666,0.5454545454545455
7,2.29,12.97,1900-01-01 09:09:11,09:09:44,2,3,33,0,35,549,1,5.0,7.14,6.333333333333333,2.0,14.410480349344978,0.4857575757575758
2,3.17,3.37,1900-01-01 09:09:22,09:09:55,3,3,33,1,20,549,1,7.0,12.97,4.666666666666667,-5.0,10.410094637223976,0.1921212121212121
8,3.75,10.36,1900-01-01 09:09:31,09:10:04,4,3,33,0,35,549,1,2.0,3.37,5.666666666666667,6.0,8.8,0.9090909090909091
7,4.39,21.19,1900-01-01 09:10:34,09:11:07,1,3,33,0,35,550,1,8.0,10.36,5.666666666666667,-1.0,7.517084282460138,0.931212121212121
9,3.25,11.27,1900-01-01 09:10:45,09:11:18,5,3,33,0,35,550,1,7.0,21.19,8.0,2.0,10.153846153846153,0.8863636363636365
9,2.93,21.45,1900-01-01 09:11:43,09:12:16,2,3,33,0,35,551,1,9.0,11.27,8.333333333333334,0.0,11.262798634812286,0.7990909090909091
9,3.12,17.52,1900-01-01 09:11:54,09:12:27,3,3,33,0,35,551,1,9.0,21.45,9.0,0.0,10.576923076923077,0.850909090909091
3,1.42,3.23,1900-01-01 09:12:03,09:12:36,4,3,33,1,20,552,1,9.0,17.52,7.0,-6.0,23.23943661971831,0.1290909090909091
14,1.9,28.63,1900-01-01 09:13:06,09:13:39,1,3,33,0,35,553,1,3.0,3.23,8.666666666666666,11.0,17.36842105263158,0.806060606060606
9,2.57,18.64,1900-01-01 09:13:17,09:13:50,5,3,33,0,35,553,1,14.0,28.63,8.666666666666666,-5.0,12.84046692607004,0.7009090909090909
14,2.03,26.01,1900-01-01 09:14:15,09:14:48,2,3,33,0,35,554,1,9.0,18.64,12.333333333333334,5.0,16.256157635467982,0.8612121212121211
5,3.5,6.25,1900-01-01 09:14:26,09:14:59,3,3,33,1,20,554,1,14.0,26.01,9.333333333333334,-9.0,9.428571428571429,0.5303030303030303
5,4.6,4.96,1900-01-01 09:14:35,09:15:08,4,3,33,1,20,554,1,5.0,6.25,8.0,0.0,7.173913043478262,0.6969696969696969
7,3.29,11.95,1900-01-01 09:15:38,09:16:11,1,3,33,0,35,555,1,5.0,4.96,5.666666666666667,2.0,10.030395136778115,0.697878787878788
5,3.62,8.95,1900-01-01 09:15:49,09:16:22,5,3,33,1,20,555,1,7.0,11.95,5.666666666666667,-2.0,9.116022099447514,0.5484848484848485
7,2.56,14.73,1900-01-01 09:16:47,09:17:20,2,3,33,0,35,556,1,5.0,8.95,6.333333333333333,2.0,12.890625,0.5430303030303031
11,2.02,24.39,1900-01-01 09:16:58,09:17:31,3,3,33,0,35,556,1,7.0,14.73,7.666666666666667,4.0,16.336633663366335,0.6733333333333333
10,2.46,25.41,1900-01-01 09:17:07,09:17:40,4,3,33,0,35,557,1,11.0,24.39,9.333333333333334,-1.0,13.414634146341463,0.7454545454545455
5,2.62,12.89,1900-01-01 09:18:10,09:18:43,1,3,33,1,20,558,1,10.0,25.41,8.666666666666666,-5.0,12.595419847328245,0.396969696969697
8,3.26,11.65,1900-01-01 09:18:21,09:18:54,5,3,33,0,35,558,1,5.0,12.89,7.666666666666667,3.0,10.122699386503069,0.7903030303030302
12,1.86,23.77,1900-01-01 09:19:19,09:19:52,2,3,33,0,35,559,1,8.0,11.65,8.333333333333334,4.0,17.741935483870968,0.6763636363636364
8,2.89,16.54,1900-01-01 09:19:30,09:20:03,3,3,33,0,35,559,1,12.0,23.77,9.333333333333334,-4.0,11.418685121107266,0.7006060606060606
14,2.06,19.66,1900-01-01 09:19:39,09:20:12,4,3,33,0,35,559,1,8.0,16.54,11.333333333333334,6.0,16.019417475728154,0.873939393939394
7,1.79,12.72,1900-01-01 09:20:42,09:21:15,1,3,33,0,35,560,1,14.0,19.66,9.666666666666666,-7.0,18.435754189944134,0.3796969696969697
10,2.6,19.31,1900-01-01 09:20:53,09:21:26,5,3,33,0,35,560,1,7.0,12.72,10.333333333333334,3.0,12.692307692307692,0.787878787878788
8,3.48,20.57,1900-01-01 09:21:51,09:22:24,2,3,33,0,35,561,1,10.0,19.31,8.333333333333334,-2.0,9.482758620689655,0.8436363636363636
2,2.33,3.83,1900-01-01 09:22:02,09:22:35,3,3,33,1,20,562,1,8.0,20.57,6.666666666666667,-6.0,14.163090128755364,0.1412121212121212
6,2.12,9.08,1900-01-01 09:22:11,09:22:44,4,3,33,1,24,562,1,2.0,3.83,5.333333333333333,4.0,15.566037735849056,0.3854545454545455
3,2.33,6.03,1900-01-01 09:23:14,09:23:47,1,3,33,1,20,563,1,6.0,9.08,3.6666666666666665,-3.0,14.163090128755364,0.21181818181818182
3,4.54,1.98,1900-01-01 09:23:25,09:23:58,5,3,33,1,20,563,1,3.0,6.03,4.0,0.0,7.2687224669603525,0.4127272727272727
6,4.02,9.66,1900-01-01 09:24:23,09:24:56,2,3,33,1,26,564,1,3.0,1.98,4.0,3.0,8.208955223880597,0.7309090909090908
11,2.47,14.08,1900-01-01 09:24:34,09:25:07,3,3,33,0,35,564,1,6.0,9.66,6.666666666666667,5.0,13.360323886639675,0.8233333333333335
8,1.54,14.6,1900-01-01 09:24:43,09:25:16,4,3,33,0,35,564,1,11.0,14.08,8.333333333333334,-3.0,21.428571428571427,0.37333333333333335
12,2.27,24.98,1900-01-01 09:25:46,09:26:19,1,3,33,0,35,565,1,8.0,14.6,10.333333333333334,4.0,14.537444933920705,0.8254545454545454
4,7.64,4.09,1900-01-01 09:25:57,09:26:30,5,3,33,2,30,565,1,12.0,24.98,8.0,-8.0,4.319371727748691,0.9260606060606061
10,2.17,22.89,1900-01-01 09:26:55,09:27:28,2,3,33,0,35,566,1,4.0,4.09,8.666666666666666,6.0,15.207373271889402,0.6575757575757575
7,1.89,12.02,1900-01-01 09:27:06,09:27:39,3,3,33,0,35,567,1,10.0,22.89,7.0,-3.0,17.460317460317462,0.4009090909090909
6,5.3,7.46,1900-01-01 09:27:15,09:27:48,4,3,33,1,24,567,1,7.0,12.02,7.666666666666667,-1.0,6.226415094339623,0.9636363636363636
7,2.96,16.9,1900-01-01 09:28:18,09:28:51,1,3,33,0,35,568,1,6.0,7.46,6.666666666666667,1.0,11.14864864864865,0.6278787878787878
8,2.8,10.39,1900-01-01 09:28:29,09:29:02,5,3,33,0,35,568,1,7.0,16.9,7.0,1.0,11.785714285714286,0.6787878787878787
9,2.9,20.06,1900-01-01 09:29:27,09:30:00,2,3,33,0,35,569,1,8.0,10.39,8.0,1.0,11.379310344827587,0.7909090909090909
6,2.67,8.66,1900-01-01 09:29:38,09:30:11,3,3,33,1,20,569,1,9.0,20.06,7.666666666666667,-3.0,12.359550561797754,0.4854545454545454
7,3.24,9.34,1900-01-01 09:29:47,09:30:20,4,3,33,1,24,569,1,6.0,8.66,7.333333333333333,1.0,10.185185185185185,0.6872727272727273
9,3.22,21.48,1900-01-01 09:30:50,09:31:23,1,3,33,0,35,570,1,7.0,9.34,7.333333333333333,2.0,10.248447204968944,0.8781818181818182
5,4.71,6.16,1900-01-01 09:31:01,09:31:34,5,3,33,1,20,571,1,9.0,21.48,7.0,-4.0,7.006369426751593,0.7136363636363636
6,3.57,18.18,1900-01-01 09:31:59,09:32:32,2,3,33,0,35,571,1,5.0,6.16,6.666666666666667,1.0,9.243697478991598,0.649090909090909
5,5.73,8.78,1900-01-01 09:32:10,09:32:43,3,3,33,1,20,572,1,6.0,18.18,5.333333333333333,-1.0,5.759162303664921,0.8681818181818183
3,2.29,5.37,1900-01-01 09:32:19,09:32:52,4,3,33,1,20,572,1,5.0,8.78,4.666666666666667,-2.0,14.410480349344978,0.2081818181818182
8,2.11,18.56,1900-01-01 09:33:22,09:33:55,1,3,33,0,35,573,1,3.0,5.37,5.333333333333333,5.0,15.639810426540285,0.5115151515151515
11,1.55,13.22,1900-01-01 09:33:33,09:34:06,5,3,33,0,35,573,1,8.0,18.56,7.333333333333333,3.0,21.29032258064516,0.5166666666666667
16,1.63,34.22,1900-01-01 09:34:31,09:35:04,2,3,33,0,35,574,1,11.0,13.22,11.666666666666666,5.0,20.245398773006137,0.7903030303030302
10,2.67,18.5,1900-01-01 09:34:42,09:35:15,3,3,33,0,35,574,1,16.0,34.22,12.333333333333334,-6.0,12.359550561797754,0.8090909090909091
6,4.83,18.4,1900-01-01 09:34:51,09:35:24,4,3,33,0,35,574,1,10.0,18.5,10.666666666666666,-4.0,6.832298136645963,0.8781818181818182
7,2.4,14.53,1900-01-01 09:35:54,09:36:27,1,3,33,0,35,575,1,6.0,18.4,7.666666666666667,1.0,13.75,0.509090909090909
6,2.17,11.5,1900-01-01 09:36:05,09:36:38,5,3,33,1,20,576,1,7.0,14.53,6.333333333333333,-1.0,15.207373271889402,0.39454545454545453
13,1.85,24.72,1900-01-01 09:37:03,09:37:36,2,3,33,0,35,577,1,6.0,11.5,8.666666666666666,7.0,17.83783783783784,0.7287878787878788
3,2.08,3.18,1900-01-01 09:37:14,09:37:47,3,3,33,1,20,577,1,13.0,24.72,7.333333333333333,-10.0,15.865384615384615,0.1890909090909091
6,1.97,11.84,1900-01-01 09:37:23,09:37:56,4,3,33,1,20,577,1,3.0,3.18,7.333333333333333,3.0,16.751269035532996,0.35818181818181816
7,3.92,11.56,1900-01-01 09:38:26,09:38:59,1,3,33,1,20,578,1,6.0,11.84,5.333333333333333,1.0,8.418367346938776,0.8315151515151514
5,7.04,6.46,1900-01-01 09:38:37,09:39:10,5,3,33,2,35,578,1,7.0,11.56,6.0,-2.0,4.6875,1.0666666666666667
5,3.04,12.2,1900-01-01 09:39:35,09:40:08,2,3,33,1,24,579,1,5.0,6.46,5.666666666666667,0.0,10.855263157894736,0.46060606060606063
3,2.62,2.77,1900-01-01 09:39:46,09:40:19,3,3,33,1,20,579,1,5.0,12.2,4.333333333333333,-2.0,12.595419847328245,0.2381818181818182
8,3.57,12.69,1900-01-01 09:39:55,09:40:28,4,3,33,0,35,579,1,3.0,2.77,5.333333333333333,5.0,9.243697478991598,0.8654545454545454
5,2.06,12.05,1900-01-01 09:40:58,09:41:31,1,3,33,1,20,580,1,8.0,12.69,5.333333333333333,-3.0,16.019417475728154,0.31212121212121213
8,3.62,10.44,1900-01-01 09:41:09,09:41:42,5,3,33,0,35,581,1,5.0,12.05,7.0,3.0,9.116022099447514,0.8775757575757576
5,5.81,12.94,1900-01-01 09:42:07,09:42:40,2,3,33,1,24,582,1,8.0,10.44,6.0,-3.0,5.679862306368331,0.8803030303030303
8,2.51,12.87,1900-01-01 09:42:18,09:42:51,3,3,33,0,35,582,1,5.0,12.94,7.0,3.0,13.147410358565738,0.6084848484848484
4,3.19,14.52,1900-01-01 09:42:27,09:43:00,4,3,33,1,20,582,1,8.0,12.87,5.666666666666667,-4.0,10.344827586206897,0.38666666666666666
11,2.58,23.96,1900-01-01 09:43:30,09:44:03,1,3,33,0,35,583,1,4.0,14.52,7.666666666666667,7.0,12.790697674418604,0.86
2,4.17,1.57,1900-01-01 09:43:41,09:44:14,5,3,33,1,20,583,1,11.0,23.96,5.666666666666667,-9.0,7.913669064748202,0.2527272727272727
13,2.25,33.66,1900-01-01 09:44:39,09:45:12,2,3,33,0,35,584,1,2.0,1.57,8.666666666666666,11.0,14.666666666666666,0.8863636363636364
9,2.7,13.86,1900-01-01 09:44:50,09:45:23,3,3,33,0,35,584,1,13.0,33.66,8.0,-4.0,12.222222222222221,0.7363636363636364
8,2.6,15.2,1900-01-01 09:44:59,09:45:32,4,3,33,0,35,584,1,9.0,13.86,10.0,-1.0,12.692307692307692,0.6303030303030304
9,2.54,25.5,1900-01-01 09:46:02,09:46:35,1,3,33,0,35,586,1,8.0,15.2,8.666666666666666,1.0,12.992125984251969,0.6927272727272727
10,2.1,13.99,1900-01-01 09:46:13,09:46:46,5,3,33,0,35,586,1,9.0,25.5,9.0,1.0,15.714285714285714,0.6363636363636364
7,2.42,18.5,1900-01-01 09:47:11,09:47:44,2,3,33,0,35,587,1,10.0,13.99,8.666666666666666,-3.0,13.636363636363637,0.5133333333333333
4,3.72,7.22,1900-01-01 09:47:22,09:47:55,3,3,33,1,20,587,1,7.0,18.5,7.0,-3.0,8.870967741935484,0.4509090909090909
3,1.42,4.88,1900-01-01 09:47:31,09:48:04,4,3,33,1,20,587,1,4.0,7.22,4.666666666666667,-1.0,23.23943661971831,0.1290909090909091
8,2.02,17.72,1900-01-01 09:48:34,09:49:07,1,3,33,0,35,588,1,3.0,4.88,5.0,5.0,16.336633663366335,0.48969696969696974
5,3.21,7.91,1900-01-01 09:48:45,09:49:18,5,3,33,1,20,588,1,8.0,17.72,5.333333333333333,-3.0,10.280373831775702,0.48636363636363633
12,2.33,22.71,1900-01-01 09:49:43,09:50:16,2,3,33,0,35,589,1,5.0,7.91,8.333333333333334,7.0,14.163090128755364,0.8472727272727273
5,5.71,9.4,1900-01-01 09:49:54,09:50:27,3,3,33,1,20,589,1,12.0,22.71,7.333333333333333,-7.0,5.779334500875657,0.8651515151515151
6,1.77,12.11,1900-01-01 09:50:03,09:50:36,4,3,33,1,20,590,1,5.0,9.4,7.666666666666667,1.0,18.64406779661017,0.32181818181818184
7,3.28,13.08,1900-01-01 09:51:06,09:51:39,1,3,33,0,35,591,1,6.0,12.11,6.0,1.0,10.060975609756099,0.6957575757575757
13,2.05,21.95,1900-01-01 09:51:17,09:51:50,5,3,33,0,35,591,1,7.0,13.08,8.666666666666666,6.0,16.097560975609756,0.8075757575757576
11,2.39,23.88,1900-01-01 09:52:15,09:52:48,2,3,33,0,35,592,1,13.0,21.95,10.333333333333334,-2.0,13.807531380753137,0.7966666666666667
8,2.05,17.23,1900-01-01 09:52:26,09:52:59,3,3,33,0,35,592,1,11.0,23.88,10.666666666666666,-3.0,16.097560975609756,0.49696969696969695
10,3.48,14.96,1900-01-01 09:52:35,09:53:08,4,3,33,0,35,592,1,8.0,17.23,9.666666666666666,2.0,9.482758620689655,1.0545454545454547
4,3.75,14.12,1900-01-01 09:53:38,09:54:11,1,3,33,1,20,593,1,10.0,14.96,7.333333333333333,-6.0,8.8,0.45454545454545453
5,1.67,6.05,1900-01-01 09:53:49,09:54:22,5,3,33,1,20,593,1,4.0,14.12,6.333333333333333,1.0,19.76047904191617,0.253030303030303
9,2.76,17.19,1900-01-01 09:54:47,09:55:20,2,3,33,0,35,594,1,5.0,6.05,6.0,4.0,11.956521739130435,0.7527272727272727
9,3.58,20.6,1900-01-01 09:54:58,09:55:31,3,3,33,0,35,594,1,9.0,17.19,7.666666666666667,0.0,9.217877094972067,0.9763636363636363
7,1.61,12.35,1900-01-01 09:55:07,09:55:40,4,3,33,0,35,595,1,9.0,20.6,8.333333333333334,-2.0,20.496894409937887,0.34151515151515155
4,2.75,5.85,1900-01-01 09:56:10,09:56:43,1,3,33,1,20,596,1,7.0,12.35,6.666666666666667,-3.0,12.0,0.3333333333333333
3,3.0,4.63,1900-01-01 09:56:21,09:56:54,5,3,33,1,20,596,1,4.0,5.85,4.666666666666667,-1.0,11.0,0.2727272727272727
10,1.98,21.82,1900-01-01 09:57:19,09:57:52,2,3,33,0,35,597,1,3.0,4.63,5.666666666666667,7.0,16.666666666666668,0.6
4,2.56,7.57,1900-01-01 09:57:30,09:58:03,3,3,33,1,20,597,1,10.0,21.82,5.666666666666667,-6.0,12.890625,0.3103030303030303
6,4.57,15.39,1900-01-01 09:57:39,09:58:12,4,3,33,0,35,597,1,4.0,7.57,6.666666666666667,2.0,7.221006564551422,0.830909090909091
2,2.83,6.43,1900-01-01 09:58:42,09:59:15,1,3,33,1,20,598,1,6.0,15.39,4.0,-4.0,11.66077738515901,0.17151515151515154
2,14.75,3.78,1900-01-01 09:58:53,09:59:26,5,3,33,2,29,598,1,2.0,6.43,3.3333333333333335,0.0,2.23728813559322,0.893939393939394
9,3.75,14.68,1900-01-01 09:59:51,10:00:24,2,3,33,0,35,599,1,2.0,3.78,4.333333333333333,7.0,8.8,1.0227272727272727
10,2.85,17.28,1900-01-01 10:00:02,10:00:35,3,3,33,0,35,600,1,9.0,14.68,7.0,1.0,11.578947368421053,0.8636363636363636
6,2.65,10.94,1900-01-01 10:00:11,10:00:44,4,3,33,1,20,600,1,10.0,17.28,8.333333333333334,-4.0,12.452830188679245,0.4818181818181818
13,2.17,32.95,1900-01-01 10:01:14,10:01:47,1,3,33,0,35,601,1,6.0,10.94,9.666666666666666,7.0,15.207373271889402,0.8548484848484847
4,8.17,2.99,1900-01-01 10:01:25,10:01:58,5,3,33,2,32,601,1,13.0,32.95,7.666666666666667,-9.0,4.039167686658507,0.9903030303030302
9,2.05,14.32,1900-01-01 10:02:23,10:02:56,2,3,33,0,35,602,1,4.0,2.99,8.666666666666666,5.0,16.097560975609756,0.5590909090909091
3,4.79,7.2,1900-01-01 10:02:34,10:03:07,3,3,33,1,20,602,1,9.0,14.32,5.333333333333333,-6.0,6.8893528183716075,0.4354545454545454
4,3.25,7.91,1900-01-01 10:02:43,10:03:16,4,3,33,1,20,602,1,3.0,7.2,5.333333333333333,1.0,10.153846153846153,0.393939393939394
5,3.77,15.51,1900-01-01 10:03:46,10:04:19,1,3,33,1,20,603,1,4.0,7.91,4.0,1.0,8.753315649867375,0.5712121212121212
9,3.36,10.04,1900-01-01 10:03:57,10:04:30,5,3,33,0,35,603,1,5.0,15.51,6.0,4.0,9.821428571428571,0.9163636363636364
5,4.0,15.85,1900-01-01 10:04:55,10:05:28,2,3,33,0,35,604,1,9.0,10.04,6.333333333333333,-4.0,8.25,0.6060606060606061
4,8.47,6.75,1900-01-01 10:05:06,10:05:39,3,3,33,2,33,605,1,5.0,15.85,6.0,-1.0,3.8961038961038956,1.0266666666666668
5,4.25,8.24,1900-01-01 10:05:15,10:05:48,4,3,33,1,20,605,1,4.0,6.75,4.666666666666667,1.0,7.764705882352941,0.6439393939393939
6,3.17,12.05,1900-01-01 10:06:18,10:06:51,1,3,33,1,20,606,1,5.0,8.24,5.0,1.0,10.410094637223976,0.5763636363636363
8,1.35,9.11,1900-01-01 10:06:29,10:07:02,5,3,33,0,35,606,1,6.0,12.05,6.333333333333333,2.0,24.444444444444443,0.32727272727272727
7,3.75,8.51,1900-01-01 10:07:27,10:08:00,2,3,33,1,30,607,1,8.0,9.11,7.0,-1.0,8.8,0.7954545454545454
3,3.29,7.17,1900-01-01 10:07:38,10:08:11,3,3,33,1,20,607,1,7.0,8.51,6.0,-4.0,10.030395136778115,0.29909090909090913
9,2.95,13.48,1900-01-01 10:07:47,10:08:20,4,3,33,0,35,607,1,3.0,7.17,6.333333333333333,6.0,11.1864406779661,0.8045454545454547
5,2.42,12.36,1900-01-01 10:08:50,10:09:23,1,3,33,1,20,608,1,9.0,13.48,5.666666666666667,-4.0,13.636363636363637,0.36666666666666664
4,5.17,4.17,1900-01-01 10:09:01,10:09:34,5,3,33,1,24,609,1,5.0,12.36,6.0,-1.0,6.382978723404255,0.6266666666666667
8,3.52,8.9,1900-01-01 10:09:59,10:10:32,2,3,33,1,30,609,1,4.0,4.17,5.666666666666667,4.0,9.375,0.8533333333333334
6,5.07,11.0,1900-01-01 10:10:10,10:10:43,3,3,33,1,20,610,1,8.0,8.9,6.0,-2.0,6.50887573964497,0.9218181818181819
10,2.7,12.9,1900-01-01 10:10:19,10:10:52,4,3,33,0,35,610,1,6.0,11.0,8.0,4.0,12.222222222222221,0.8181818181818182
9,2.68,20.8,1900-01-01 10:11:22,10:11:55,1,3,33,0,35,611,1,10.0,12.9,8.333333333333334,-1.0,12.313432835820894,0.730909090909091
13,1.33,16.56,1900-01-01 10:11:33,10:12:06,5,3,33,0,35,611,1,9.0,20.8,10.666666666666666,4.0,24.81203007518797,0.5239393939393939
5,1.88,16.61,1900-01-01 10:12:31,10:13:04,2,3,33,0,35,612,1,13.0,16.56,9.0,-8.0,17.5531914893617,0.28484848484848485
10,2.19,16.39,1900-01-01 10:12:42,10:13:15,3,3,33,0,35,612,1,5.0,16.61,9.333333333333334,5.0,15.068493150684931,0.6636363636363637
5,3.06,6.09,1900-01-01 10:12:51,10:13:24,4,3,33,1,20,612,1,10.0,16.39,6.666666666666667,-5.0,10.784313725490195,0.4636363636363637
6,1.58,7.68,1900-01-01 10:13:54,10:14:27,1,3,33,1,20,613,1,5.0,6.09,7.0,1.0,20.886075949367086,0.2872727272727273
6,3.93,11.88,1900-01-01 10:14:05,10:14:38,5,3,33,1,24,614,1,6.0,7.68,5.666666666666667,0.0,8.396946564885496,0.7145454545454545
5,2.75,11.25,1900-01-01 10:15:03,10:15:36,2,3,33,1,26,615,1,6.0,11.88,5.666666666666667,-1.0,12.0,0.4166666666666667
3,6.25,6.53,1900-01-01 10:15:14,10:15:47,3,3,33,1,20,615,1,5.0,11.25,4.666666666666667,-2.0,5.28,0.5681818181818181
4,5.64,8.81,1900-01-01 10:15:23,10:15:56,4,3,33,1,24,615,1,3.0,6.53,4.0,1.0,5.851063829787234,0.6836363636363636
2,8.58,4.62,1900-01-01 10:16:26,10:16:59,1,3,33,2,18,616,1,4.0,8.81,3.0,-2.0,3.8461538461538463,0.52
9,1.57,13.19,1900-01-01 10:16:37,10:17:10,5,3,33,0,35,616,1,2.0,4.62,5.0,7.0,21.019108280254777,0.42818181818181816
5,7.06,10.64,1900-01-01 10:17:35,10:18:08,2,3,33,1,26,617,1,9.0,13.19,5.333333333333333,-4.0,4.674220963172805,1.0696969696969696
3,2.79,5.56,1900-01-01 10:17:46,10:18:19,3,3,33,1,20,617,1,5.0,10.64,5.666666666666667,-2.0,11.827956989247312,0.25363636363636366
11,2.92,14.58,1900-01-01 10:17:55,10:18:28,4,3,33,0,35,617,1,3.0,5.56,6.333333333333333,8.0,11.301369863013699,0.9733333333333333
7,4.6,13.85,1900-01-01 10:18:58,10:19:31,1,3,33,0,35,618,1,11.0,14.58,7.0,-4.0,7.173913043478262,0.9757575757575756
4,2.28,5.41,1900-01-01 10:19:09,10:19:42,5,3,33,1,20,619,1,7.0,13.85,7.333333333333333,-3.0,14.473684210526317,0.27636363636363637
10,2.48,17.31,1900-01-01 10:20:07,10:20:40,2,3,33,0,35,620,1,4.0,5.41,7.0,6.0,13.306451612903226,0.7515151515151515
4,1.92,6.38,1900-01-01 10:20:18,10:20:51,3,3,33,1,20,620,1,10.0,17.31,6.0,-6.0,17.1875,0.23272727272727273
10,2.43,18.92,1900-01-01 10:20:27,10:21:00,4,3,33,0,35,620,1,4.0,6.38,8.0,6.0,13.580246913580247,0.7363636363636363
9,2.45,16.74,1900-01-01 10:21:30,10:22:03,1,3,33,0,35,621,1,10.0,18.92,7.666666666666667,-1.0,13.46938775510204,0.6681818181818182
9,2.69,10.93,1900-01-01 10:21:41,10:22:14,5,3,33,0,35,621,1,9.0,16.74,9.333333333333334,0.0,12.267657992565056,0.7336363636363636
9,1.24,15.6,1900-01-01 10:22:39,10:23:12,2,3,33,0,35,622,1,9.0,10.93,9.0,0.0,26.612903225806452,0.3381818181818182
4,7.33,6.25,1900-01-01 10:22:50,10:23:23,3,3,33,2,29,622,1,9.0,15.6,7.333333333333333,-5.0,4.502046384720328,0.8884848484848484
7,3.53,11.44,1900-01-01 10:22:59,10:23:32,4,3,33,1,24,622,1,4.0,6.25,6.666666666666667,3.0,9.34844192634561,0.7487878787878788
6,1.77,11.1,1900-01-01 10:24:02,10:24:35,1,3,33,1,20,624,1,7.0,11.44,5.666666666666667,-1.0,18.64406779661017,0.32181818181818184
9,2.06,10.2,1900-01-01 10:24:13,10:24:46,5,3,33,0,35,624,1,6.0,11.1,7.333333333333333,3.0,16.019417475728154,0.5618181818181819
3,7.42,5.19,1900-01-01 10:25:11,10:25:44,2,3,33,2,22,625,1,9.0,10.2,6.0,-6.0,4.447439353099731,0.6745454545454544
10,3.09,14.24,1900-01-01 10:25:22,10:25:55,3,3,33,0,36,625,1,3.0,5.19,7.333333333333333,7.0,10.679611650485437,0.9363636363636363
6,3.43,8.01,1900-01-01 10:25:31,10:26:04,4,3,33,1,24,625,1,10.0,14.24,6.333333333333333,-4.0,9.620991253644315,0.6236363636363637
6,1.65,10.95,1900-01-01 10:26:34,10:27:07,1,3,33,1,20,626,1,6.0,8.01,7.333333333333333,0.0,20.0,0.3
8,2.94,11.2,1900-01-01 10:26:45,10:27:18,5,3,33,0,35,626,1,6.0,10.95,6.666666666666667,2.0,11.224489795918368,0.7127272727272727
12,2.38,18.32,1900-01-01 10:27:43,10:28:16,2,3,33,0,35,627,1,8.0,11.2,8.666666666666666,4.0,13.865546218487395,0.8654545454545455
6,2.05,10.22,1900-01-01 10:27:54,10:28:27,3,3,33,1,20,627,1,12.0,18.32,8.666666666666666,-6.0,16.097560975609756,0.37272727272727274
6,3.07,9.83,1900-01-01 10:28:03,10:28:36,4,3,33,1,24,628,1,6.0,10.22,8.0,0.0,10.749185667752444,0.5581818181818181
9,2.84,21.6,1900-01-01 10:29:06,10:29:39,1,3,33,0,35,629,1,6.0,9.83,7.0,3.0,11.619718309859156,0.7745454545454545
10,2.35,11.71,1900-01-01 10:29:17,10:29:50,5,3,33,0,35,629,1,9.0,21.6,8.333333333333334,1.0,14.042553191489361,0.7121212121212122
6,3.93,10.05,1900-01-01 10:30:15,10:30:48,2,3,33,1,20,630,1,10.0,11.71,8.333333333333334,-4.0,8.396946564885496,0.7145454545454545
10,2.7,19.89,1900-01-01 10:30:26,10:30:59,3,3,33,0,35,630,1,6.0,10.05,8.666666666666666,4.0,12.222222222222221,0.8181818181818182
7,4.58,12.22,1900-01-01 10:30:35,10:31:08,4,3,33,0,37,630,1,10.0,19.89,7.666666666666667,-3.0,7.205240174672489,0.9715151515151516
9,2.58,18.03,1900-01-01 10:31:38,10:32:11,1,3,33,0,35,631,1,7.0,12.22,8.666666666666666,2.0,12.790697674418604,0.7036363636363636
4,3.89,7.42,1900-01-01 10:31:49,10:32:22,5,3,33,1,20,631,1,9.0,18.03,6.666666666666667,-5.0,8.483290488431876,0.4715151515151515
6,2.28,13.23,1900-01-01 10:32:47,10:33:20,2,3,33,1,20,632,1,4.0,7.42,6.333333333333333,2.0,14.473684210526317,0.4145454545454545
11,2.01,24.0,1900-01-01 10:32:58,10:33:31,3,3,33,0,35,632,1,6.0,13.23,7.0,5.0,16.417910447761194,0.67
4,3.64,7.81,1900-01-01 10:33:07,10:33:40,4,3,33,1,20,633,1,11.0,24.0,7.0,-7.0,9.065934065934066,0.4412121212121212
5,3.69,12.55,1900-01-01 10:34:10,10:34:43,1,3,33,1,20,634,1,4.0,7.81,6.666666666666667,1.0,8.94308943089431,0.5590909090909091
9,2.47,11.35,1900-01-01 10:34:21,10:34:54,5,3,33,0,35,634,1,5.0,12.55,6.0,4.0,13.360323886639675,0.6736363636363637
10,2.02,21.82,1900-01-01 10:35:19,10:35:52,2,3,33,0,35,635,1,9.0,11.35,8.0,1.0,16.336633663366335,0.6121212121212122
4,4.64,15.78,1900-01-01 10:35:30,10:36:03,3,3,33,1,20,635,1,10.0,21.82,7.666666666666667,-6.0,7.112068965517242,0.5624242424242424
5,2.25,7.06,1900-01-01 10:35:39,10:36:12,4,3,33,1,20,635,1,4.0,15.78,6.333333333333333,1.0,14.666666666666666,0.34090909090909094
6,2.52,11.59,1900-01-01 10:36:42,10:37:15,1,3,33,1,20,636,1,5.0,7.06,5.0,1.0,13.095238095238095,0.4581818181818182
2,3.5,4.3,1900-01-01 10:36:53,10:37:26,5,3,33,1,20,636,1,6.0,11.59,4.333333333333333,-4.0,9.428571428571429,0.21212121212121213
6,2.03,14.41,1900-01-01 10:37:51,10:38:24,2,3,33,0,35,637,1,2.0,4.3,4.666666666666667,4.0,16.256157635467982,0.369090909090909
10,2.51,20.29,1900-01-01 10:38:02,10:38:35,3,3,33,0,35,638,1,6.0,14.41,6.0,4.0,13.147410358565738,0.7606060606060605
12,2.47,18.08,1900-01-01 10:38:11,10:38:44,4,3,33,0,37,638,1,10.0,20.29,9.333333333333334,2.0,13.360323886639675,0.8981818181818183
4,3.33,3.75,1900-01-01 10:39:14,10:39:47,1,3,33,1,20,639,1,12.0,18.08,8.666666666666666,-8.0,9.90990990990991,0.4036363636363636
10,1.92,15.04,1900-01-01 10:39:25,10:39:58,5,3,33,0,35,639,1,4.0,3.75,8.666666666666666,6.0,17.1875,0.5818181818181818
11,2.44,19.93,1900-01-01 10:40:23,10:40:56,2,3,33,0,35,640,1,10.0,15.04,8.333333333333334,1.0,13.524590163934427,0.8133333333333334
7,2.03,11.92,1900-01-01 10:40:34,10:41:07,3,3,33,0,35,640,1,11.0,19.93,9.333333333333334,-4.0,16.256157635467982,0.43060606060606055
11,2.43,19.68,1900-01-01 10:40:43,10:41:16,4,3,33,0,37,640,1,7.0,11.92,9.666666666666666,4.0,13.580246913580247,0.81
5,2.77,15.1,1900-01-01 10:41:46,10:42:19,1,3,33,1,20,641,1,11.0,19.68,7.666666666666667,-6.0,11.913357400722022,0.4196969696969697
7,2.53,10.59,1900-01-01 10:41:57,10:42:30,5,3,33,1,20,641,1,5.0,15.1,7.666666666666667,2.0,13.043478260869566,0.5366666666666666
10,1.72,21.35,1900-01-01 10:42:55,10:43:28,2,3,33,0,35,642,1,7.0,10.59,7.333333333333333,3.0,19.186046511627907,0.5212121212121212
8,2.61,16.69,1900-01-01 10:43:06,10:43:39,3,3,33,0,35,643,1,10.0,21.35,8.333333333333334,-2.0,12.64367816091954,0.6327272727272727
11,2.77,20.42,1900-01-01 10:43:15,10:43:48,4,3,33,0,37,643,1,8.0,16.69,9.666666666666666,3.0,11.913357400722022,0.9233333333333333
6,3.8,15.04,1900-01-01 10:44:18,10:44:51,1,3,33,0,35,644,1,11.0,20.42,8.333333333333334,-5.0,8.68421052631579,0.6909090909090909
3,3.25,4.17,1900-01-01 10:44:29,10:45:02,5,3,33,1,20,644,1,6.0,15.04,6.666666666666667,-3.0,10.153846153846153,0.29545454545454547
11,2.52,19.45,1900-01-01 10:45:27,10:46:00,2,3,33,0,35,645,1,3.0,4.17,6.666666666666667,8.0,13.095238095238095,0.84
9,2.12,17.36,1900-01-01 10:45:38,10:46:11,3,3,33,0,35,645,1,11.0,19.45,7.666666666666667,-2.0,15.566037735849056,0.5781818181818182
12,2.18,17.92,1900-01-01 10:45:47,10:46:20,4,3,33,0,35,645,1,9.0,17.36,10.666666666666666,3.0,15.137614678899082,0.7927272727272727
4,4.06,4.3,1900-01-01 10:46:50,10:47:23,1,3,33,1,20,646,1,12.0,17.92,8.333333333333334,-8.0,8.128078817733991,0.49212121212121207
4,3.97,9.82,1900-01-01 10:47:01,10:47:34,5,3,33,1,20,647,1,4.0,4.3,6.666666666666667,0.0,8.312342569269521,0.4812121212121212
9,1.96,20.91,1900-01-01 10:47:59,10:48:32,2,3,33,0,35,647,1,4.0,9.82,5.666666666666667,5.0,16.836734693877553,0.5345454545454545
11,2.32,18.98,1900-01-01 10:48:10,10:48:43,3,3,33,0,35,648,1,9.0,20.91,8.0,2.0,14.224137931034484,0.7733333333333333
5,5.77,5.94,1900-01-01 10:48:19,10:48:52,4,3,33,1,32,648,1,11.0,18.98,8.333333333333334,-6.0,5.719237435008666,0.8742424242424242
4,3.14,10.61,1900-01-01 10:49:22,10:49:55,1,3,33,1,20,649,1,5.0,5.94,6.666666666666667,-1.0,10.509554140127388,0.3806060606060606
15,1.9,24.43,1900-01-01 10:49:33,10:50:06,5,3,33,0,35,649,1,4.0,10.61,8.0,11.0,17.36842105263158,0.8636363636363636
8,3.8,15.26,1900-01-01 10:50:31,10:51:04,2,3,33,0,35,650,1,15.0,24.43,9.0,-7.0,8.68421052631579,0.9212121212121213
11,2.51,17.53,1900-01-01 10:50:42,10:51:15,3,3,33,0,35,650,1,8.0,15.26,11.333333333333334,3.0,13.147410358565738,0.8366666666666667
10,2.85,23.12,1900-01-01 10:50:51,10:51:24,4,3,33,0,35,650,1,11.0,17.53,9.666666666666666,-1.0,11.578947368421053,0.8636363636363636
4,2.61,6.75,1900-01-01 10:51:54,10:52:27,1,3,33,1,20,651,1,10.0,23.12,8.333333333333334,-6.0,12.64367816091954,0.31636363636363635
10,2.4,15.3,1900-01-01 10:52:05,10:52:38,5,3,33,0,35,652,1,4.0,6.75,8.0,6.0,13.75,0.7272727272727273
4,6.36,10.67,1900-01-01 10:53:03,10:53:36,2,3,33,1,20,653,1,10.0,15.3,6.0,-6.0,5.188679245283018,0.770909090909091
8,1.75,11.44,1900-01-01 10:53:14,10:53:47,3,3,33,0,35,653,1,4.0,10.67,7.333333333333333,4.0,18.857142857142858,0.42424242424242425
5,7.0,8.3,1900-01-01 10:53:23,10:53:56,4,3,33,1,32,653,1,8.0,11.44,5.666666666666667,-3.0,4.714285714285714,1.0606060606060606
3,8.42,7.86,1900-01-01 10:54:26,10:54:59,1,3,33,2,25,654,1,5.0,8.3,5.333333333333333,-2.0,3.9192399049881237,0.7654545454545454
5,1.88,11.53,1900-01-01 10:54:37,10:55:10,5,3,33,1,20,654,1,3.0,7.86,4.333333333333333,2.0,17.5531914893617,0.28484848484848485
6,1.98,11.34,1900-01-01 10:55:35,10:56:08,2,3,33,1,20,655,1,5.0,11.53,4.666666666666667,1.0,16.666666666666668,0.36
5,3.46,9.62,1900-01-01 10:55:46,10:56:19,3,3,33,1,20,655,1,6.0,11.34,5.333333333333333,-1.0,9.53757225433526,0.5242424242424243
8,2.06,11.23,1900-01-01 10:55:55,10:56:28,4,3,33,0,35,655,1,5.0,9.62,6.333333333333333,3.0,16.019417475728154,0.49939393939393945
4,2.94,9.42,1900-01-01 10:56:58,10:57:31,1,3,33,1,20,656,1,8.0,11.23,5.666666666666667,-4.0,11.224489795918368,0.3563636363636363
8,2.04,11.19,1900-01-01 10:57:09,10:57:42,5,3,33,0,35,657,1,4.0,9.42,6.666666666666667,4.0,16.176470588235293,0.49454545454545457
4,2.44,5.29,1900-01-01 10:58:07,10:58:40,2,3,33,1,20,658,1,8.0,11.19,5.333333333333333,-4.0,13.524590163934427,0.2957575757575757
8,2.55,15.64,1900-01-01 10:58:18,10:58:51,3,3,33,0,35,658,1,4.0,5.29,6.666666666666667,4.0,12.941176470588236,0.6181818181818182
7,2.64,11.18,1900-01-01 10:58:27,10:59:00,4,3,33,1,32,658,1,8.0,15.64,6.333333333333333,-1.0,12.5,0.56
6,4.0,13.23,1900-01-01 10:59:30,11:00:03,1,3,33,1,20,659,1,7.0,11.18,7.0,-1.0,8.25,0.7272727272727273
9,3.32,11.85,1900-01-01 10:59:41,11:00:14,5,3,33,0,35,659,1,6.0,13.23,7.333333333333333,3.0,9.93975903614458,0.9054545454545454
8,3.05,13.77,1900-01-01 11:00:39,11:01:12,2,3,33,0,35,660,1,9.0,11.85,7.666666666666667,-1.0,10.819672131147541,0.7393939393939394
12,2.39,18.91,1900-01-01 11:00:50,11:01:23,3,3,33,0,35,660,1,8.0,13.77,9.666666666666666,4.0,13.807531380753137,0.8690909090909091
4,2.61,2.58,1900-01-01 11:00:59,11:01:32,4,3,33,1,20,660,1,12.0,18.91,8.0,-8.0,12.64367816091954,0.31636363636363635
6,2.03,13.34,1900-01-01 11:02:02,11:02:35,1,3,33,0,35,662,1,4.0,2.58,7.333333333333333,2.0,16.256157635467982,0.369090909090909
6,6.02,6.68,1900-01-01 11:02:13,11:02:46,5,3,33,1,32,662,1,6.0,13.34,5.333333333333333,0.0,5.481727574750831,1.0945454545454545
5,2.1,7.37,1900-01-01 11:03:11,11:03:44,2,3,33,1,20,663,1,6.0,6.68,5.666666666666667,-1.0,15.714285714285714,0.3181818181818182
8,3.11,13.43,1900-01-01 11:03:22,11:03:55,3,3,33,0,35,663,1,5.0,7.37,6.333333333333333,3.0,10.610932475884244,0.7539393939393939
4,3.06,16.75,1900-01-01 11:03:31,11:04:04,4,3,33,1,20,663,1,8.0,13.43,5.666666666666667,-4.0,10.784313725490195,0.37090909090909097
12,1.93,24.75,1900-01-01 11:04:34,11:05:07,1,3,33,0,35,664,1,4.0,16.75,8.0,8.0,17.098445595854923,0.7018181818181818
6,5.12,7.31,1900-01-01 11:04:45,11:05:18,5,3,33,1,32,664,1,12.0,24.75,7.333333333333333,-6.0,6.4453125,0.9309090909090909
6,1.72,7.51,1900-01-01 11:05:43,11:06:16,2,3,33,1,20,665,1,6.0,7.31,8.0,0.0,19.186046511627907,0.31272727272727274
10,3.0,18.08,1900-01-01 11:05:54,11:06:27,3,3,33,0,35,665,1,6.0,7.51,7.333333333333333,4.0,11.0,0.9090909090909091
11,2.01,19.77,1900-01-01 11:06:03,11:06:36,4,3,33,0,35,666,1,10.0,18.08,9.0,1.0,16.417910447761194,0.67
6,1.6,10.23,1900-01-01 11:07:06,11:07:39,1,3,33,1,20,667,1,11.0,19.77,9.0,-5.0,20.625,0.2909090909090909
12,1.58,20.66,1900-01-01 11:07:17,11:07:50,5,3,33,0,35,667,1,6.0,10.23,9.666666666666666,6.0,20.886075949367086,0.5745454545454546
6,2.28,20.69,1900-01-01 11:08:15,11:08:48,2,3,33,0,35,668,1,12.0,20.66,8.0,-6.0,14.473684210526317,0.4145454545454545
14,1.98,23.24,1900-01-01 11:08:26,11:08:59,3,3,33,0,35,668,1,6.0,20.69,10.666666666666666,8.0,16.666666666666668,0.84
15,1.92,22.35,1900-01-01 11:08:35,11:09:08,4,3,33,0,35,668,1,14.0,23.24,11.666666666666666,1.0,17.1875,0.8727272727272727
11,1.97,25.69,1900-01-01 11:09:38,11:10:11,1,3,33,0,35,669,1,15.0,22.35,13.333333333333334,-4.0,16.751269035532996,0.6566666666666666
14,1.77,19.53,1900-01-01 11:09:49,11:10:22,5,3,33,0,35,669,1,11.0,25.69,13.333333333333334,3.0,18.64406779661017,0.7509090909090909
9,2.19,15.2,1900-01-01 11:10:47,11:11:20,2,3,33,0,35,670,1,14.0,19.53,11.333333333333334,-5.0,15.068493150684931,0.5972727272727273
7,2.24,10.47,1900-01-01 11:10:58,11:11:31,3,3,33,1,20,670,1,9.0,15.2,10.0,-2.0,14.732142857142856,0.4751515151515152
8,3.24,11.68,1900-01-01 11:11:07,11:11:40,4,3,33,0,35,671,1,7.0,10.47,8.0,1.0,10.185185185185185,0.7854545454545454
8,3.86,12.45,1900-01-01 11:12:10,11:12:43,1,3,33,0,35,672,1,8.0,11.68,7.666666666666667,0.0,8.549222797927461,0.9357575757575758
12,1.86,21.31,1900-01-01 11:12:21,11:12:54,5,3,33,0,35,672,1,8.0,12.45,9.333333333333334,4.0,17.741935483870968,0.6763636363636364
10,3.24,18.64,1900-01-01 11:13:19,11:13:52,2,3,33,0,35,673,1,12.0,21.31,10.0,-2.0,10.185185185185185,0.9818181818181818
5,2.79,11.42,1900-01-01 11:13:30,11:14:03,3,3,33,1,20,673,1,10.0,18.64,9.0,-5.0,11.827956989247312,0.42272727272727273
9,2.3,24.09,1900-01-01 11:13:39,11:14:12,4,3,33,0,35,673,1,5.0,11.42,8.0,4.0,14.347826086956523,0.6272727272727272
9,2.94,23.95,1900-01-01 11:14:42,11:15:15,1,3,33,0,35,674,1,9.0,24.09,7.666666666666667,0.0,11.224489795918368,0.8018181818181818
8,1.87,8.6,1900-01-01 11:14:53,11:15:26,5,3,33,1,32,674,1,9.0,23.95,8.666666666666666,-1.0,17.64705882352941,0.45333333333333337
10,2.96,15.88,1900-01-01 11:15:51,11:16:24,2,3,33,0,35,675,1,8.0,8.6,9.0,2.0,11.14864864864865,0.896969696969697
7,3.68,15.35,1900-01-01 11:16:02,11:16:35,3,3,33,0,35,676,1,10.0,15.88,8.333333333333334,-3.0,8.967391304347826,0.7806060606060606
7,2.97,14.31,1900-01-01 11:16:11,11:16:44,4,3,33,0,35,676,1,7.0,15.35,8.0,0.0,11.11111111111111,0.63
11,2.26,21.86,1900-01-01 11:17:14,11:17:47,1,3,33,0,35,677,1,7.0,14.31,8.333333333333334,4.0,14.601769911504427,0.7533333333333332
11,2.08,15.77,1900-01-01 11:17:25,11:17:58,5,3,33,0,35,677,1,11.0,21.86,9.666666666666666,0.0,15.865384615384615,0.6933333333333334
7,4.44,10.36,1900-01-01 11:18:23,11:18:56,2,3,33,1,21,678,1,11.0,15.77,9.666666666666666,-4.0,7.432432432432432,0.9418181818181819
11,2.63,19.63,1900-01-01 11:18:34,11:19:07,3,3,33,0,35,678,1,7.0,10.36,9.666666666666666,4.0,12.547528517110267,0.8766666666666666
5,5.4,14.48,1900-01-01 11:18:43,11:19:16,4,3,33,1,29,678,1,11.0,19.63,7.666666666666667,-6.0,6.111111111111111,0.8181818181818182
5,4.06,9.09,1900-01-01 11:19:46,11:20:19,1,3,33,1,20,679,1,5.0,14.48,7.0,0.0,8.128078817733991,0.6151515151515151
3,3.29,3.49,1900-01-01 11:19:57,11:20:30,5,3,33,1,20,679,1,5.0,9.09,4.333333333333333,-2.0,10.030395136778115,0.29909090909090913
9,2.59,25.7,1900-01-01 11:20:55,11:21:28,2,3,33,0,35,680,1,3.0,3.49,5.666666666666667,6.0,12.741312741312742,0.7063636363636363
9,2.33,16.97,1900-01-01 11:21:06,11:21:39,3,3,33,0,35,681,1,9.0,25.7,7.0,0.0,14.163090128755364,0.6354545454545455
7,1.28,11.82,1900-01-01 11:21:15,11:21:48,4,3,33,0,35,681,1,9.0,16.97,8.333333333333334,-2.0,25.78125,0.27151515151515154
3,6.33,6.94,1900-01-01 11:22:18,11:22:51,1,3,33,1,20,682,1,7.0,11.82,6.333333333333333,-4.0,5.213270142180095,0.5754545454545454
5,3.33,6.91,1900-01-01 11:22:29,11:23:02,5,3,33,1,20,682,1,3.0,6.94,5.0,2.0,9.90990990990991,0.5045454545454545
5,2.21,12.01,1900-01-01 11:23:27,11:24:00,2,3,33,1,21,683,1,5.0,6.91,4.333333333333333,0.0,14.93212669683258,0.33484848484848484
5,1.75,12.69,1900-01-01 11:23:38,11:24:11,3,3,33,1,20,683,1,5.0,12.01,5.0,0.0,18.857142857142858,0.26515151515151514
10,2.83,15.34,1900-01-01 11:23:47,11:24:20,4,3,33,0,35,683,1,5.0,12.69,6.666666666666667,5.0,11.66077738515901,0.8575757575757577
3,3.33,6.55,1900-01-01 11:24:50,11:25:23,1,3,33,1,20,684,1,10.0,15.34,6.0,-7.0,9.90990990990991,0.30272727272727273
3,5.96,2.89,1900-01-01 11:25:01,11:25:34,5,3,33,1,20,685,1,3.0,6.55,5.333333333333333,0.0,5.5369127516778525,0.5418181818181818
9,2.06,15.57,1900-01-01 11:25:59,11:26:32,2,3,33,0,35,685,1,3.0,2.89,5.0,6.0,16.019417475728154,0.5618181818181819
6,2.38,10.17,1900-01-01 11:26:10,11:26:43,3,3,33,1,20,686,1,9.0,15.57,6.0,-3.0,13.865546218487395,0.43272727272727274
14,2.18,28.84,1900-01-01 11:26:19,11:26:52,4,3,33,0,35,686,1,6.0,10.17,9.666666666666666,8.0,15.137614678899082,0.9248484848484849
2,17.58,8.79,1900-01-01 11:27:22,11:27:55,1,3,33,2,35,687,1,14.0,28.84,7.333333333333333,-12.0,1.877133105802048,1.0654545454545454
6,3.42,7.7,1900-01-01 11:27:33,11:28:06,5,3,33,1,20,687,1,2.0,8.79,7.333333333333333,4.0,9.649122807017545,0.6218181818181818
9,2.17,13.89,1900-01-01 11:28:31,11:29:04,2,3,33,0,35,688,1,6.0,7.7,5.666666666666667,3.0,15.207373271889402,0.5918181818181818
3,2.54,5.25,1900-01-01 11:28:42,11:29:15,3,3,33,1,20,688,1,9.0,13.89,6.0,-6.0,12.992125984251969,0.2309090909090909
12,2.29,18.67,1900-01-01 11:28:51,11:29:24,4,3,33,0,35,688,1,3.0,5.25,8.0,9.0,14.410480349344978,0.8327272727272728
8,1.88,12.94,1900-01-01 11:29:54,11:30:27,1,3,33,0,35,689,1,12.0,18.67,7.666666666666667,-4.0,17.5531914893617,0.45575757575757575
3,3.83,4.02,1900-01-01 11:30:05,11:30:38,5,3,33,1,20,690,1,8.0,12.94,7.666666666666667,-5.0,8.616187989556135,0.3481818181818182
8,3.93,13.45,1900-01-01 11:31:03,11:31:36,2,3,33,0,35,691,1,3.0,4.02,6.333333333333333,5.0,8.396946564885496,0.9527272727272728
7,2.26,13.27,1900-01-01 11:31:14,11:31:47,3,3,33,0,35,691,1,8.0,13.45,6.0,-1.0,14.601769911504427,0.4793939393939393
9,1.45,11.29,1900-01-01 11:31:23,11:31:56,4,3,33,0,35,691,1,7.0,13.27,8.0,2.0,22.758620689655174,0.39545454545454545
6,2.25,12.64,1900-01-01 11:32:26,11:32:59,1,3,33,1,20,692,1,9.0,11.29,7.333333333333333,-3.0,14.666666666666666,0.4090909090909091
5,3.29,9.78,1900-01-01 11:32:37,11:33:10,5,3,33,1,20,692,1,6.0,12.64,6.666666666666667,-1.0,10.030395136778115,0.49848484848484853
10,2.03,15.54,1900-01-01 11:33:35,11:34:08,2,3,33,0,35,693,1,5.0,9.78,7.0,5.0,16.256157635467982,0.6151515151515151
6,3.43,12.81,1900-01-01 11:33:46,11:34:19,3,3,33,1,20,693,1,10.0,15.54,7.0,-4.0,9.620991253644315,0.6236363636363637
7,4.07,11.64,1900-01-01 11:33:55,11:34:28,4,3,33,1,20,693,1,6.0,12.81,7.666666666666667,1.0,8.108108108108107,0.8633333333333334
8,4.1,17.71,1900-01-01 11:34:58,11:35:31,1,3,33,0,35,694,1,7.0,11.64,7.0,1.0,8.048780487804878,0.9939393939393939
9,2.15,17.28,1900-01-01 11:35:09,11:35:42,5,3,33,0,35,695,1,8.0,17.71,8.0,1.0,15.348837209302326,0.5863636363636363
5,5.83,17.69,1900-01-01 11:36:07,11:36:40,2,3,33,0,35,696,1,9.0,17.28,7.333333333333333,-4.0,5.660377358490566,0.8833333333333334
3,9.92,7.89,1900-01-01 11:36:18,11:36:51,3,3,33,2,29,696,1,5.0,17.69,5.666666666666667,-2.0,3.3266129032258065,0.9018181818181819
9,1.82,14.11,1900-01-01 11:36:27,11:37:00,4,3,33,0,35,696,1,3.0,7.89,5.666666666666667,6.0,18.13186813186813,0.4963636363636364
9,2.49,17.36,1900-01-01 11:37:30,11:38:03,1,3,33,0,35,697,1,9.0,14.11,7.0,0.0,13.25301204819277,0.6790909090909091
5,6.12,6.0,1900-01-01 11:37:41,11:38:14,5,3,33,1,20,697,1,9.0,17.36,7.666666666666667,-4.0,5.3921568627450975,0.9272727272727274
6,3.93,12.04,1900-01-01 11:38:39,11:39:12,2,3,33,1,25,698,1,5.0,6.0,6.666666666666667,1.0,8.396946564885496,0.7145454545454545
10,2.09,17.84,1900-01-01 11:38:50,11:39:23,3,3,33,0,35,698,1,6.0,12.04,7.0,4.0,15.789473684210527,0.6333333333333333
2,1.25,2.26,1900-01-01 11:38:59,11:39:32,4,3,33,1,20,698,1,10.0,17.84,6.0,-8.0,26.4,0.07575757575757576
7,2.54,14.95,1900-01-01 11:40:02,11:40:35,1,3,33,0,35,700,1,2.0,2.26,6.333333333333333,5.0,12.992125984251969,0.5387878787878788
10,2.86,16.92,1900-01-01 11:40:13,11:40:46,5,3,33,0,35,700,1,7.0,14.95,6.333333333333333,3.0,11.538461538461538,0.8666666666666667
7,5.06,18.25,1900-01-01 11:41:11,11:41:44,2,3,33,0,35,701,1,10.0,16.92,8.0,-3.0,6.521739130434783,1.0733333333333333
5,3.48,6.81,1900-01-01 11:41:22,11:41:55,3,3,33,1,20,701,1,7.0,18.25,7.333333333333333,-2.0,9.482758620689655,0.5272727272727273
8,3.75,21.45,1900-01-01 11:41:31,11:42:04,4,3,33,0,35,701,1,5.0,6.81,6.666666666666667,3.0,8.8,0.9090909090909091
10,2.19,18.44,1900-01-01 11:42:34,11:43:07,1,3,33,0,35,702,1,8.0,21.45,7.666666666666667,2.0,15.068493150684931,0.6636363636363637
10,1.42,11.61,1900-01-01 11:42:45,11:43:18,5,3,33,0,35,702,1,10.0,18.44,9.333333333333334,0.0,23.23943661971831,0.43030303030303024
9,2.12,15.13,1900-01-01 11:43:43,11:44:16,2,3,33,0,35,703,1,10.0,11.61,9.666666666666666,-1.0,15.566037735849056,0.5781818181818182
12,2.38,19.34,1900-01-01 11:43:54,11:44:27,3,3,33,0,35,703,1,9.0,15.13,10.333333333333334,3.0,13.865546218487395,0.8654545454545455
3,6.04,2.26,1900-01-01 11:44:03,11:44:36,4,3,33,1,20,704,1,12.0,19.34,8.0,-9.0,5.4635761589403975,0.5490909090909091
10,2.47,17.58,1900-01-01 11:45:06,11:45:39,1,3,33,0,35,705,1,3.0,2.26,8.333333333333334,7.0,13.360323886639675,0.7484848484848485
6,3.23,13.34,1900-01-01 11:45:17,11:45:50,5,3,33,1,20,705,1,10.0,17.58,6.333333333333333,-4.0,10.21671826625387,0.5872727272727273
9,3.18,18.87,1900-01-01 11:46:15,11:46:48,2,3,33,0,35,706,1,6.0,13.34,8.333333333333334,3.0,10.377358490566037,0.8672727272727273
10,2.44,19.2,1900-01-01 11:46:26,11:46:59,3,3,33,0,35,706,1,9.0,18.87,8.333333333333334,1.0,13.524590163934427,0.7393939393939394
9,2.15,14.06,1900-01-01 11:46:35,11:47:08,4,3,33,0,35,706,1,10.0,19.2,9.333333333333334,-1.0,15.348837209302326,0.5863636363636363
6,3.03,15.25,1900-01-01 11:47:38,11:48:11,1,3,33,0,35,707,1,9.0,14.06,8.333333333333334,-3.0,10.891089108910892,0.5509090909090909
6,2.27,12.04,1900-01-01 11:47:49,11:48:22,5,3,33,1,20,707,1,6.0,15.25,7.0,0.0,14.537444933920705,0.4127272727272727
7,3.85,12.78,1900-01-01 11:48:47,11:49:20,2,3,33,0,35,708,1,6.0,12.04,6.333333333333333,1.0,8.571428571428571,0.8166666666666667
7,4.58,15.72,1900-01-01 11:48:58,11:49:31,3,3,33,0,35,708,1,7.0,12.78,6.666666666666667,0.0,7.205240174672489,0.9715151515151516
6,0.95,5.86,1900-01-01 11:49:07,11:49:40,4,3,33,1,20,709,1,7.0,15.72,6.666666666666667,-1.0,34.73684210526316,0.17272727272727273
10,2.34,15.99,1900-01-01 11:50:10,11:50:43,1,3,33,0,35,710,1,6.0,5.86,7.666666666666667,4.0,14.102564102564104,0.709090909090909
6,2.15,6.91,1900-01-01 11:50:21,11:50:54,5,3,33,1,20,710,1,10.0,15.99,7.333333333333333,-4.0,15.348837209302326,0.3909090909090909
4,1.75,5.95,1900-01-01 11:51:19,11:51:52,2,3,33,1,20,711,1,6.0,6.91,6.666666666666667,-2.0,18.857142857142858,0.21212121212121213
8,3.19,11.82,1900-01-01 11:51:30,11:52:03,3,3,33,0,35,711,1,4.0,5.95,6.0,4.0,10.344827586206897,0.7733333333333333
4,2.69,7.19,1900-01-01 11:51:39,11:52:12,4,3,33,1,20,711,1,8.0,11.82,5.333333333333333,-4.0,12.267657992565056,0.32606060606060605
8,1.79,13.86,1900-01-01 11:52:42,11:53:15,1,3,33,0,35,712,1,4.0,7.19,6.666666666666667,4.0,18.435754189944134,0.43393939393939396
11,2.55,12.89,1900-01-01 11:52:53,11:53:26,5,3,33,0,35,712,1,8.0,13.86,7.666666666666667,3.0,12.941176470588236,0.85
6,4.03,9.0,1900-01-01 11:53:51,11:54:24,2,3,33,1,20,713,1,11.0,12.89,8.333333333333334,-5.0,8.188585607940446,0.7327272727272728
4,4.86,6.23,1900-01-01 11:54:02,11:54:35,3,3,33,1,20,714,1,6.0,9.0,7.0,-2.0,6.790123456790123,0.5890909090909091
7,3.57,7.49,1900-01-01 11:54:11,11:54:44,4,3,33,1,20,714,1,4.0,6.23,5.666666666666667,3.0,9.243697478991598,0.7572727272727272
8,2.58,15.82,1900-01-01 11:55:14,11:55:47,1,3,33,0,35,715,1,7.0,7.49,6.333333333333333,1.0,12.790697674418604,0.6254545454545455
7,2.75,12.18,1900-01-01 11:55:25,11:55:58,5,3,33,0,35,715,1,8.0,15.82,7.333333333333333,-1.0,12.0,0.5833333333333334
8,2.0,16.11,1900-01-01 11:56:23,11:56:56,2,3,33,0,35,716,1,7.0,12.18,7.666666666666667,1.0,16.5,0.48484848484848486
11,2.26,15.2,1900-01-01 11:56:34,11:57:07,3,3,33,0,35,716,1,8.0,16.11,8.666666666666666,3.0,14.601769911504427,0.7533333333333332
7,2.01,10.74,1900-01-01 11:56:43,11:57:16,4,3,33,1,20,716,1,11.0,15.2,8.666666666666666,-4.0,16.417910447761194,0.42636363636363633
7,2.07,13.61,1900-01-01 11:57:46,11:58:19,1,3,33,0,35,717,1,7.0,10.74,8.333333333333334,0.0,15.942028985507248,0.43909090909090903
10,2.79,15.77,1900-01-01 11:57:57,11:58:30,5,3,33,0,35,717,1,7.0,13.61,8.0,3.0,11.827956989247312,0.8454545454545455
8,3.73,14.14,1900-01-01 11:58:55,11:59:28,2,3,33,0,35,718,1,10.0,15.77,8.333333333333334,-2.0,8.847184986595174,0.9042424242424243
3,3.21,4.28,1900-01-01 11:59:06,11:59:39,3,3,33,1,20,719,1,8.0,14.14,7.0,-5.0,10.280373831775702,0.2918181818181818
11,2.58,18.84,1900-01-01 11:59:15,11:59:48,4,3,33,0,35,719,1,3.0,4.28,7.333333333333333,8.0,12.790697674418604,0.86
9,3.14,15.66,1900-01-01 12:00:18,12:00:51,1,3,33,0,35,720,1,11.0,18.84,7.666666666666667,-2.0,10.509554140127388,0.8563636363636363
5,7.31,4.54,1900-01-01 12:00:29,12:01:02,5,3,33,2,36,720,1,9.0,15.66,8.333333333333334,-4.0,4.51436388508892,1.1075757575757574
16,1.84,26.09,1900-01-01 12:01:27,12:02:00,2,3,33,0,35,721,2,5.0,4.54,10.0,11.0,17.934782608695652,0.8921212121212121
5,2.1,6.83,1900-01-01 12:01:38,12:02:11,3,3,33,1,20,721,2,16.0,26.09,8.666666666666666,-11.0,15.714285714285714,0.3181818181818182
11,2.04,16.61,1900-01-01 12:01:47,12:02:20,4,3,33,0,35,721,2,5.0,6.83,10.666666666666666,6.0,16.176470588235293,0.68
8,3.98,14.44,1900-01-01 12:02:50,12:03:23,1,3,33,0,35,722,2,11.0,16.61,8.0,-3.0,8.291457286432161,0.9648484848484848
5,7.12,4.38,1900-01-01 12:03:01,12:03:34,5,3,33,2,36,723,2,8.0,14.44,8.0,-3.0,4.634831460674158,1.0787878787878786
7,3.21,13.56,1900-01-01 12:03:59,12:04:32,2,3,33,0,35,723,2,5.0,4.38,6.666666666666667,2.0,10.280373831775702,0.6809090909090909
14,1.98,17.69,1900-01-01 12:04:10,12:04:43,3,3,33,0,35,724,2,7.0,13.56,8.666666666666666,7.0,16.666666666666668,0.84
8,2.63,17.37,1900-01-01 12:04:19,12:04:52,4,3,33,0,35,724,2,14.0,17.69,9.666666666666666,-6.0,12.547528517110267,0.6375757575757576
2,0.0,3.75,1900-01-01 12:05:22,12:05:55,1,3,33,1,20,725,2,8.0,17.37,8.0,-6.0,33.0,0.06060606060606061
15,1.85,15.53,1900-01-01 12:05:33,12:06:06,5,3,33,0,35,725,2,2.0,3.75,8.333333333333334,13.0,17.83783783783784,0.8409090909090908
8,1.62,20.24,1900-01-01 12:06:31,12:07:04,2,3,33,0,35,726,2,15.0,15.53,8.333333333333334,-7.0,20.37037037037037,0.3927272727272727
11,1.84,19.3,1900-01-01 12:06:42,12:07:15,3,3,33,0,35,726,2,8.0,20.24,11.333333333333334,3.0,17.934782608695652,0.6133333333333333
14,2.01,22.07,1900-01-01 12:06:51,12:07:24,4,3,33,0,35,726,2,11.0,19.3,11.0,3.0,16.417910447761194,0.8527272727272727
7,1.96,15.14,1900-01-01 12:07:54,12:08:27,1,3,33,0,35,727,2,14.0,22.07,10.666666666666666,-7.0,16.836734693877553,0.4157575757575757
6,2.25,12.04,1900-01-01 12:08:05,12:08:38,5,3,33,1,20,728,2,7.0,15.14,9.0,-1.0,14.666666666666666,0.4090909090909091
10,1.7,23.36,1900-01-01 12:09:03,12:09:36,2,3,33,0,35,729,2,6.0,12.04,7.666666666666667,4.0,19.411764705882355,0.5151515151515151
11,2.44,32.38,1900-01-01 12:09:14,12:09:47,3,3,33,0,35,729,2,10.0,23.36,9.0,1.0,13.524590163934427,0.8133333333333334
4,2.72,7.75,1900-01-01 12:09:23,12:09:56,4,3,33,1,20,729,2,11.0,32.38,8.333333333333334,-7.0,12.13235294117647,0.3296969696969697
15,1.74,31.05,1900-01-01 12:10:26,12:10:59,1,3,33,0,35,730,2,4.0,7.75,10.0,11.0,18.96551724137931,0.7909090909090909
6,3.6,13.08,1900-01-01 12:10:37,12:11:10,5,3,33,1,20,730,2,15.0,31.05,8.333333333333334,-9.0,9.166666666666666,0.6545454545454545
7,2.53,14.63,1900-01-01 12:11:35,12:12:08,2,3,33,0,35,731,2,6.0,13.08,9.333333333333334,1.0,13.043478260869566,0.5366666666666666
6,2.3,27.92,1900-01-01 12:11:46,12:12:19,3,3,33,0,35,731,2,7.0,14.63,6.333333333333333,-1.0,14.347826086956523,0.41818181818181815
9,3.16,11.4,1900-01-01 12:11:55,12:12:28,4,3,33,0,35,731,2,6.0,27.92,7.333333333333333,3.0,10.443037974683543,0.8618181818181819
4,2.08,6.99,1900-01-01 12:12:58,12:13:31,1,3,33,1,20,732,2,9.0,11.4,6.333333333333333,-5.0,15.865384615384615,0.25212121212121213
6,3.3,5.9,1900-01-01 12:13:09,12:13:42,5,3,33,1,20,733,2,4.0,6.99,6.333333333333333,2.0,10.0,0.6
5,2.29,7.55,1900-01-01 12:14:07,12:14:40,2,3,33,1,20,734,2,6.0,5.9,5.0,-1.0,14.410480349344978,0.346969696969697
6,1.93,11.19,1900-01-01 12:14:18,12:14:51,3,3,33,1,20,734,2,5.0,7.55,5.666666666666667,1.0,17.098445595854923,0.3509090909090909
10,1.91,17.88,1900-01-01 12:14:27,12:15:00,4,3,33,0,35,734,2,6.0,11.19,7.0,4.0,17.277486910994764,0.5787878787878789
12,2.55,26.3,1900-01-01 12:15:30,12:16:03,1,3,33,0,35,735,2,10.0,17.88,9.333333333333334,2.0,12.941176470588236,0.9272727272727272
9,3.27,11.37,1900-01-01 12:15:41,12:16:14,5,3,33,0,35,735,2,12.0,26.3,10.333333333333334,-3.0,10.091743119266056,0.8918181818181817
7,2.64,18.45,1900-01-01 12:16:39,12:17:12,2,3,33,0,35,736,2,9.0,11.37,9.333333333333334,-2.0,12.5,0.56
12,2.35,25.23,1900-01-01 12:16:50,12:17:23,3,3,33,0,35,736,2,7.0,18.45,9.333333333333334,5.0,14.042553191489361,0.8545454545454546
9,2.34,15.15,1900-01-01 12:16:59,12:17:32,4,3,33,0,35,736,2,12.0,25.23,9.333333333333334,-3.0,14.102564102564104,0.6381818181818181
7,1.86,11.19,1900-01-01 12:18:02,12:18:35,1,3,33,0,35,738,2,9.0,15.15,9.333333333333334,-2.0,17.741935483870968,0.39454545454545453
10,2.94,14.49,1900-01-01 12:18:13,12:18:46,5,3,33,0,35,738,2,7.0,11.19,8.666666666666666,3.0,11.224489795918368,0.8909090909090909
13,1.92,27.64,1900-01-01 12:19:11,12:19:44,2,3,33,0,35,739,2,10.0,14.49,10.0,3.0,17.1875,0.7563636363636363
6,3.28,9.45,1900-01-01 12:19:22,12:19:55,3,3,33,1,20,739,2,13.0,27.64,9.666666666666666,-7.0,10.060975609756099,0.5963636363636363
3,2.29,4.03,1900-01-01 12:19:31,12:20:04,4,3,33,1,20,739,2,6.0,9.45,7.333333333333333,-3.0,14.410480349344978,0.2081818181818182
4,2.92,10.32,1900-01-01 12:20:34,12:21:07,1,3,33,1,20,740,2,3.0,4.03,4.333333333333333,1.0,11.301369863013699,0.35393939393939394
5,2.33,8.6,1900-01-01 12:20:45,12:21:18,5,3,33,1,20,740,2,4.0,10.32,4.0,1.0,14.163090128755364,0.353030303030303
16,1.61,30.1,1900-01-01 12:21:43,12:22:16,2,3,33,0,35,741,2,5.0,8.6,8.333333333333334,11.0,20.496894409937887,0.7806060606060606
8,1.88,11.17,1900-01-01 12:21:54,12:22:27,3,3,33,0,35,741,2,16.0,30.1,9.666666666666666,-8.0,17.5531914893617,0.45575757575757575
4,2.47,6.29,1900-01-01 12:22:03,12:22:36,4,3,33,1,20,742,2,8.0,11.17,9.333333333333334,-4.0,13.360323886639675,0.29939393939393943
0,0.0,0.28,1900-01-01 12:23:06,12:23:39,1,3,33,1,20,743,2,4.0,6.29,4.0,-4.0,33.0,0.0
4,5.94,7.27,1900-01-01 12:23:17,12:23:50,5,3,33,1,20,743,2,0.0,0.28,2.6666666666666665,4.0,5.555555555555555,0.72
3,2.75,9.27,1900-01-01 12:24:15,12:24:48,2,3,33,1,20,744,2,4.0,7.27,2.3333333333333335,-1.0,12.0,0.25
3,4.5,4.21,1900-01-01 12:24:26,12:24:59,3,3,33,1,20,744,2,3.0,9.27,3.3333333333333335,0.0,7.333333333333333,0.4090909090909091
12,1.64,16.57,1900-01-01 12:24:35,12:25:08,4,3,33,0,35,744,2,3.0,4.21,6.0,9.0,20.121951219512198,0.5963636363636363
7,2.72,9.91,1900-01-01 12:25:38,12:26:11,1,3,33,1,20,745,2,12.0,16.57,7.333333333333333,-5.0,12.13235294117647,0.576969696969697
8,2.57,11.44,1900-01-01 12:25:49,12:26:22,5,3,33,0,35,745,2,7.0,9.91,9.0,1.0,12.84046692607004,0.623030303030303
10,2.49,18.98,1900-01-01 12:26:47,12:27:20,2,3,33,0,35,746,2,8.0,11.44,8.333333333333334,2.0,13.25301204819277,0.7545454545454545
10,2.69,15.59,1900-01-01 12:26:58,12:27:31,3,3,33,0,35,746,2,10.0,18.98,9.333333333333334,0.0,12.267657992565056,0.8151515151515152
5,2.6,10.74,1900-01-01 12:27:07,12:27:40,4,3,33,1,20,747,2,10.0,15.59,8.333333333333334,-5.0,12.692307692307692,0.393939393939394
11,2.27,20.91,1900-01-01 12:28:10,12:28:43,1,3,33,0,35,748,2,5.0,10.74,8.666666666666666,6.0,14.537444933920705,0.7566666666666667
3,3.21,4.03,1900-01-01 12:28:21,12:28:54,5,3,33,1,20,748,2,11.0,20.91,6.333333333333333,-8.0,10.280373831775702,0.2918181818181818
3,3.0,6.56,1900-01-01 12:29:19,12:29:52,2,3,33,1,20,749,2,3.0,4.03,5.666666666666667,0.0,11.0,0.2727272727272727
6,2.8,12.39,1900-01-01 12:29:30,12:30:03,3,3,33,1,20,749,2,3.0,6.56,4.0,3.0,11.785714285714286,0.509090909090909
3,1.67,3.57,1900-01-01 12:29:39,12:30:12,4,3,33,1,20,749,2,6.0,12.39,4.0,-3.0,19.76047904191617,0.1518181818181818
6,4.37,9.33,1900-01-01 12:30:42,12:31:15,1,3,33,1,20,750,2,3.0,3.57,5.0,3.0,7.551487414187643,0.7945454545454546
1,0.0,0.95,1900-01-01 12:30:53,12:31:26,5,3,33,1,20,750,2,6.0,9.33,3.3333333333333335,-5.0,33.0,0.030303030303030304
7,2.53,15.82,1900-01-01 12:31:51,12:32:24,2,3,33,0,35,751,2,1.0,0.95,4.666666666666667,6.0,13.043478260869566,0.5366666666666666
16,1.79,29.84,1900-01-01 12:32:02,12:32:35,3,3,33,0,35,752,2,7.0,15.82,8.0,9.0,18.435754189944134,0.8678787878787879
6,3.73,8.1,1900-01-01 12:32:11,12:32:44,4,3,33,1,20,752,2,16.0,29.84,9.666666666666666,-10.0,8.847184986595174,0.6781818181818182
10,2.04,17.5,1900-01-01 12:33:14,12:33:47,1,3,33,0,35,753,2,6.0,8.1,10.666666666666666,4.0,16.176470588235293,0.6181818181818182
5,2.17,4.85,1900-01-01 12:33:25,12:33:58,5,3,33,1,20,753,2,10.0,17.5,7.0,-5.0,15.207373271889402,0.32878787878787874
6,2.62,14.34,1900-01-01 12:34:23,12:34:56,2,3,33,0,35,754,2,5.0,4.85,7.0,1.0,12.595419847328245,0.4763636363636364
9,3.04,12.73,1900-01-01 12:34:34,12:35:07,3,3,33,0,35,754,2,6.0,14.34,6.666666666666667,3.0,10.855263157894736,0.8290909090909091
2,2.0,4.32,1900-01-01 12:34:43,12:35:16,4,3,33,1,20,754,2,9.0,12.73,5.666666666666667,-7.0,16.5,0.12121212121212122
3,1.75,3.07,1900-01-01 12:35:46,12:36:19,1,3,33,1,20,755,2,2.0,4.32,4.666666666666667,1.0,18.857142857142858,0.1590909090909091
11,2.59,14.13,1900-01-01 12:35:57,12:36:30,5,3,33,0,35,755,2,3.0,3.07,5.333333333333333,8.0,12.741312741312742,0.8633333333333333
13,1.47,35.52,1900-01-01 12:36:55,12:37:28,2,3,33,0,35,756,2,11.0,14.13,9.0,2.0,22.448979591836736,0.5790909090909091
6,3.93,9.58,1900-01-01 12:37:06,12:37:39,3,3,33,1,20,757,2,13.0,35.52,10.0,-7.0,8.396946564885496,0.7145454545454545
9,2.25,12.6,1900-01-01 12:37:15,12:37:48,4,3,33,0,35,757,2,6.0,9.58,9.333333333333334,3.0,14.666666666666666,0.6136363636363636
6,2.6,12.91,1900-01-01 12:38:18,12:38:51,1,3,33,1,20,758,2,9.0,12.6,7.0,-3.0,12.692307692307692,0.4727272727272728
4,9.92,7.26,1900-01-01 12:38:29,12:39:02,5,3,33,2,39,758,2,6.0,12.91,6.333333333333333,-2.0,3.3266129032258065,1.2024242424242424
6,3.58,18.48,1900-01-01 12:39:27,12:40:00,2,3,33,0,35,759,2,4.0,7.26,5.333333333333333,2.0,9.217877094972067,0.6509090909090909
5,1.81,8.95,1900-01-01 12:39:38,12:40:11,3,3,33,1,20,759,2,6.0,18.48,5.0,-1.0,18.23204419889503,0.27424242424242423
13,1.92,23.23,1900-01-01 12:39:47,12:40:20,4,3,33,0,35,759,2,5.0,8.95,8.0,8.0,17.1875,0.7563636363636363
5,1.94,7.33,1900-01-01 12:40:50,12:41:23,1,3,33,1,20,760,2,13.0,23.23,7.666666666666667,-8.0,17.010309278350515,0.29393939393939394
3,1.58,2.72,1900-01-01 12:41:01,12:41:34,5,3,33,1,20,761,2,5.0,7.33,7.0,-2.0,20.886075949367086,0.14363636363636365
5,2.48,15.04,1900-01-01 12:41:59,12:42:32,2,3,33,1,20,761,2,3.0,2.72,4.333333333333333,2.0,13.306451612903226,0.37575757575757573
8,2.1,10.24,1900-01-01 12:42:10,12:42:43,3,3,33,0,35,762,2,5.0,15.04,5.333333333333333,3.0,15.714285714285714,0.5090909090909091
12,2.27,16.46,1900-01-01 12:42:19,12:42:52,4,3,33,0,35,762,2,8.0,10.24,8.333333333333334,4.0,14.537444933920705,0.8254545454545454
5,4.08,9.45,1900-01-01 12:43:22,12:43:55,1,3,33,1,20,763,2,12.0,16.46,8.333333333333334,-7.0,8.088235294117647,0.6181818181818182
5,3.88,9.37,1900-01-01 12:43:33,12:44:06,5,3,33,1,20,763,2,5.0,9.45,7.333333333333333,0.0,8.505154639175258,0.5878787878787879
2,4.33,2.14,1900-01-01 12:44:31,12:45:04,2,3,33,1,20,764,2,5.0,9.37,4.0,-3.0,7.621247113163972,0.26242424242424245
2,10.0,4.71,1900-01-01 12:44:42,12:45:15,3,3,33,2,20,764,2,2.0,2.14,3.0,0.0,3.3,0.6060606060606061
7,2.88,12.94,1900-01-01 12:44:51,12:45:24,4,3,33,0,35,764,2,2.0,4.71,3.6666666666666665,5.0,11.458333333333334,0.6109090909090908
7,3.38,16.77,1900-01-01 12:45:54,12:46:27,1,3,33,0,35,765,2,7.0,12.94,5.333333333333333,0.0,9.763313609467456,0.7169696969696969
7,2.47,8.26,1900-01-01 12:46:05,12:46:38,5,3,33,1,20,766,2,7.0,16.77,7.0,0.0,13.360323886639675,0.523939393939394
7,2.39,13.97,1900-01-01 12:47:03,12:47:36,2,3,33,0,35,767,2,7.0,8.26,7.0,0.0,13.807531380753137,0.5069696969696971
8,1.7,14.98,1900-01-01 12:47:14,12:47:47,3,3,33,0,35,767,2,7.0,13.97,7.333333333333333,1.0,19.411764705882355,0.41212121212121205
8,2.32,14.64,1900-01-01 12:47:23,12:47:56,4,3,33,0,35,767,2,8.0,14.98,7.666666666666667,0.0,14.224137931034484,0.5624242424242424
3,4.79,9.31,1900-01-01 12:48:26,12:48:59,1,3,33,1,20,768,2,8.0,14.64,6.333333333333333,-5.0,6.8893528183716075,0.4354545454545454
2,0.58,5.2,1900-01-01 12:48:37,12:49:10,5,3,33,1,20,768,2,3.0,9.31,4.333333333333333,-1.0,56.896551724137936,0.03515151515151515
5,6.23,6.84,1900-01-01 12:49:35,12:50:08,2,3,33,1,26,769,2,2.0,5.2,3.3333333333333335,3.0,5.296950240770465,0.9439393939393941
9,1.4,12.35,1900-01-01 12:49:46,12:50:19,3,3,33,0,35,769,2,5.0,6.84,5.333333333333333,4.0,23.571428571428573,0.3818181818181818
3,11.46,5.99,1900-01-01 12:49:55,12:50:28,4,3,33,2,34,769,2,9.0,12.35,5.666666666666667,-6.0,2.8795811518324603,1.041818181818182
1,0.0,1.31,1900-01-01 12:50:58,12:51:31,1,3,33,1,20,770,2,3.0,5.99,4.333333333333333,-2.0,33.0,0.030303030303030304
6,4.37,21.68,1900-01-01 12:51:09,12:51:42,5,3,33,0,35,771,2,1.0,1.31,3.3333333333333335,5.0,7.551487414187643,0.7945454545454546
8,2.4,18.4,1900-01-01 12:52:07,12:52:40,2,3,33,0,35,772,2,6.0,21.68,5.0,2.0,13.75,0.5818181818181818
8,2.55,16.55,1900-01-01 12:52:18,12:52:51,3,3,33,0,35,772,2,8.0,18.4,7.333333333333333,0.0,12.941176470588236,0.6181818181818182
5,2.29,9.58,1900-01-01 12:52:27,12:53:00,4,3,33,1,20,772,2,8.0,16.55,7.0,-3.0,14.410480349344978,0.346969696969697
9,2.7,19.27,1900-01-01 12:53:30,12:54:03,1,3,33,0,35,773,2,5.0,9.58,7.333333333333333,4.0,12.222222222222221,0.7363636363636364
8,2.43,9.67,1900-01-01 12:53:41,12:54:14,5,3,33,0,35,773,2,9.0,19.27,7.333333333333333,-1.0,13.580246913580247,0.5890909090909091
5,4.31,7.44,1900-01-01 12:54:39,12:55:12,2,3,33,1,26,774,2,8.0,9.67,7.333333333333333,-3.0,7.656612529002321,0.653030303030303
7,2.99,9.8,1900-01-01 12:54:50,12:55:23,3,3,33,1,20,774,2,5.0,7.44,6.666666666666667,2.0,11.036789297658862,0.6342424242424243
10,1.87,14.87,1900-01-01 12:54:59,12:55:32,4,3,33,0,35,774,2,7.0,9.8,7.333333333333333,3.0,17.64705882352941,0.5666666666666668
9,2.31,19.98,1900-01-01 12:56:02,12:56:35,1,3,33,0,35,776,2,10.0,14.87,8.666666666666666,-1.0,14.285714285714285,0.63
5,4.21,11.62,1900-01-01 12:56:13,12:56:46,5,3,33,1,20,776,2,9.0,19.98,8.0,-4.0,7.838479809976247,0.6378787878787878
7,4.49,13.61,1900-01-01 12:57:11,12:57:44,2,3,33,0,35,777,2,5.0,11.62,7.0,2.0,7.349665924276169,0.9524242424242424
7,3.93,8.71,1900-01-01 12:57:22,12:57:55,3,3,33,1,20,777,2,7.0,13.61,6.333333333333333,0.0,8.396946564885496,0.8336363636363636
7,3.26,15.31,1900-01-01 12:57:31,12:58:04,4,3,33,0,35,777,2,7.0,8.71,7.0,0.0,10.122699386503069,0.6915151515151514
4,7.56,5.55,1900-01-01 12:58:34,12:59:07,1,3,33,2,30,778,2,7.0,15.31,6.0,-3.0,4.365079365079366,0.9163636363636363
4,3.11,5.26,1900-01-01 12:58:45,12:59:18,5,3,33,1,20,778,2,4.0,5.55,5.0,0.0,10.610932475884244,0.37696969696969695
6,3.17,11.21,1900-01-01 12:59:43,13:00:16,2,3,33,1,26,779,2,4.0,5.26,4.666666666666667,2.0,10.410094637223976,0.5763636363636363
4,2.44,6.65,1900-01-01 12:59:54,13:00:27,3,3,33,1,20,779,2,6.0,11.21,4.666666666666667,-2.0,13.524590163934427,0.2957575757575757
3,2.58,5.33,1900-01-01 13:00:03,13:00:36,4,3,33,1,20,780,2,4.0,6.65,4.333333333333333,-1.0,12.790697674418604,0.23454545454545456
9,3.2,20.8,1900-01-01 13:01:06,13:01:39,1,3,33,0,35,781,2,3.0,5.33,5.333333333333333,6.0,10.3125,0.8727272727272727
6,4.15,7.59,1900-01-01 13:01:17,13:01:50,5,3,33,1,20,781,2,9.0,20.8,6.0,-3.0,7.951807228915662,0.7545454545454546
5,2.04,7.35,1900-01-01 13:02:15,13:02:48,2,3,33,1,20,782,2,6.0,7.59,6.666666666666667,-1.0,16.176470588235293,0.3090909090909091
6,1.8,7.24,1900-01-01 13:02:26,13:02:59,3,3,33,1,20,782,2,5.0,7.35,5.666666666666667,1.0,18.333333333333332,0.32727272727272727
10,2.32,14.7,1900-01-01 13:02:35,13:03:08,4,3,33,0,35,782,2,6.0,7.24,7.0,4.0,14.224137931034484,0.703030303030303
11,2.0,20.54,1900-01-01 13:03:38,13:04:11,1,3,33,0,35,783,2,10.0,14.7,9.0,1.0,16.5,0.6666666666666666
3,1.42,6.62,1900-01-01 13:03:49,13:04:22,5,3,33,1,20,783,2,11.0,20.54,8.0,-8.0,23.23943661971831,0.1290909090909091
7,3.5,15.27,1900-01-01 13:04:47,13:05:20,2,3,33,0,35,784,2,3.0,6.62,7.0,4.0,9.428571428571429,0.7424242424242424
7,2.42,22.05,1900-01-01 13:04:58,13:05:31,3,3,33,0,35,784,2,7.0,15.27,5.666666666666667,0.0,13.636363636363637,0.5133333333333333
6,1.55,11.68,1900-01-01 13:05:07,13:05:40,4,3,33,1,20,785,2,7.0,22.05,6.666666666666667,-1.0,21.29032258064516,0.28181818181818186
3,12.92,6.78,1900-01-01 13:06:10,13:06:43,1,3,33,2,38,786,2,6.0,11.68,5.333333333333333,-3.0,2.5541795665634677,1.1745454545454546
8,3.48,17.82,1900-01-01 13:06:21,13:06:54,5,3,33,0,35,786,2,3.0,6.78,5.666666666666667,5.0,9.482758620689655,0.8436363636363636
15,1.95,30.67,1900-01-01 13:07:19,13:07:52,2,3,33,0,35,787,2,8.0,17.82,8.666666666666666,7.0,16.923076923076923,0.8863636363636364
14,1.69,18.89,1900-01-01 13:07:30,13:08:03,3,3,33,0,35,787,2,15.0,30.67,12.333333333333334,-1.0,19.526627218934912,0.7169696969696969
7,3.88,12.06,1900-01-01 13:07:39,13:08:12,4,3,33,0,35,787,2,14.0,18.89,12.0,-7.0,8.505154639175258,0.823030303030303
12,2.12,23.6,1900-01-01 13:08:42,13:09:15,1,3,33,0,35,788,2,7.0,12.06,11.0,5.0,15.566037735849056,0.770909090909091
5,4.62,4.52,1900-01-01 13:08:53,13:09:26,5,3,33,1,20,788,2,12.0,23.6,8.0,-7.0,7.142857142857142,0.7000000000000001
11,2.02,22.25,1900-01-01 13:09:51,13:10:24,2,3,33,0,35,789,2,5.0,4.52,9.333333333333334,6.0,16.336633663366335,0.6733333333333333
4,6.61,4.52,1900-01-01 13:10:02,13:10:35,3,3,33,1,20,790,2,11.0,22.25,6.666666666666667,-7.0,4.992435703479576,0.8012121212121213
3,3.17,7.43,1900-01-01 13:10:11,13:10:44,4,3,33,1,20,790,2,4.0,4.52,6.0,-1.0,10.410094637223976,0.28818181818181815
13,2.22,26.25,1900-01-01 13:11:14,13:11:47,1,3,33,0,35,791,2,3.0,7.43,6.666666666666667,10.0,14.864864864864863,0.8745454545454546
4,1.28,3.69,1900-01-01 13:11:25,13:11:58,5,3,33,1,20,791,2,13.0,26.25,6.666666666666667,-9.0,25.78125,0.15515151515151515
8,2.35,22.13,1900-01-01 13:12:23,13:12:56,2,3,33,0,35,792,2,4.0,3.69,8.333333333333334,4.0,14.042553191489361,0.5696969696969697
3,2.29,3.0,1900-01-01 13:12:34,13:13:07,3,3,33,1,20,792,2,8.0,22.13,5.0,-5.0,14.410480349344978,0.2081818181818182
9,2.5,18.14,1900-01-01 13:12:43,13:13:16,4,3,33,0,35,792,2,3.0,3.0,6.666666666666667,6.0,13.2,0.6818181818181819
11,2.43,23.54,1900-01-01 13:13:46,13:14:19,1,3,33,0,35,793,2,9.0,18.14,7.666666666666667,2.0,13.580246913580247,0.81
8,3.15,11.8,1900-01-01 13:13:57,13:14:30,5,3,33,0,35,793,2,11.0,23.54,9.333333333333334,-3.0,10.476190476190476,0.7636363636363637
7,1.68,13.82,1900-01-01 13:14:55,13:15:28,2,3,33,0,35,794,2,8.0,11.8,8.666666666666666,-1.0,19.642857142857142,0.3563636363636364
2,1.83,4.36,1900-01-01 13:15:06,13:15:39,3,3,33,1,20,795,2,7.0,13.82,5.666666666666667,-5.0,18.0327868852459,0.11090909090909092
4,2.17,5.48,1900-01-01 13:15:15,13:15:48,4,3,33,1,20,795,2,2.0,4.36,4.333333333333333,2.0,15.207373271889402,0.263030303030303
6,2.35,7.77,1900-01-01 13:16:18,13:16:51,1,3,33,1,20,796,2,4.0,5.48,4.0,2.0,14.042553191489361,0.4272727272727273
4,1.64,3.83,1900-01-01 13:16:29,13:17:02,5,3,33,1,20,796,2,6.0,7.77,4.666666666666667,-2.0,20.121951219512198,0.19878787878787876
7,3.39,10.96,1900-01-01 13:17:27,13:18:00,2,3,33,1,20,797,2,4.0,3.83,5.666666666666667,3.0,9.734513274336283,0.7190909090909091
4,4.36,9.19,1900-01-01 13:17:38,13:18:11,3,3,33,1,20,797,2,7.0,10.96,5.0,-3.0,7.568807339449541,0.5284848484848486
8,3.31,14.56,1900-01-01 13:17:47,13:18:20,4,3,33,0,35,797,2,4.0,9.19,6.333333333333333,4.0,9.969788519637461,0.8024242424242425
9,2.59,15.18,1900-01-01 13:18:50,13:19:23,1,3,33,0,35,798,2,8.0,14.56,7.0,1.0,12.741312741312742,0.7063636363636363
5,4.33,11.42,1900-01-01 13:19:01,13:19:34,5,3,33,1,20,799,2,9.0,15.18,7.333333333333333,-4.0,7.621247113163972,0.6560606060606061
1,0.0,0.91,1900-01-01 13:19:59,13:20:32,2,3,33,1,20,799,2,5.0,11.42,5.0,-4.0,33.0,0.030303030303030304
7,2.19,16.35,1900-01-01 13:20:10,13:20:43,3,3,33,0,35,800,2,1.0,0.91,4.333333333333333,6.0,15.068493150684931,0.46454545454545454
8,2.52,15.3,1900-01-01 13:20:19,13:20:52,4,3,33,0,35,800,2,7.0,16.35,5.333333333333333,1.0,13.095238095238095,0.610909090909091
6,2.15,15.13,1900-01-01 13:21:22,13:21:55,1,3,33,0,35,801,2,8.0,15.3,7.0,-2.0,15.348837209302326,0.3909090909090909
5,6.17,9.89,1900-01-01 13:21:33,13:22:06,5,3,33,1,20,801,2,6.0,15.13,6.333333333333333,-1.0,5.348460291734198,0.9348484848484848
7,2.89,12.46,1900-01-01 13:22:31,13:23:04,2,3,33,0,35,802,2,5.0,9.89,6.0,2.0,11.418685121107266,0.613030303030303
5,2.96,14.08,1900-01-01 13:22:42,13:23:15,3,3,33,1,20,802,2,7.0,12.46,5.666666666666667,-2.0,11.14864864864865,0.4484848484848485
4,1.42,8.86,1900-01-01 13:22:51,13:23:24,4,3,33,1,20,802,2,5.0,14.08,5.333333333333333,-1.0,23.23943661971831,0.17212121212121212
7,2.17,12.14,1900-01-01 13:23:54,13:24:27,1,3,33,0,35,803,2,4.0,8.86,5.333333333333333,3.0,15.207373271889402,0.46030303030303027
11,2.77,24.66,1900-01-01 13:24:05,13:24:38,5,3,33,0,35,804,2,7.0,12.14,7.333333333333333,4.0,11.913357400722022,0.9233333333333333
5,3.67,10.33,1900-01-01 13:25:03,13:25:36,2,3,33,1,20,805,2,11.0,24.66,7.666666666666667,-6.0,8.991825613079019,0.556060606060606
9,2.28,14.3,1900-01-01 13:25:14,13:25:47,3,3,33,0,35,805,2,5.0,10.33,8.333333333333334,4.0,14.473684210526317,0.6218181818181818
10,1.8,26.43,1900-01-01 13:25:23,13:25:56,4,3,33,0,35,805,2,9.0,14.3,8.0,1.0,18.333333333333332,0.5454545454545455
9,3.38,15.91,1900-01-01 13:26:26,13:26:59,1,3,33,0,35,806,2,10.0,26.43,9.333333333333334,-1.0,9.763313609467456,0.9218181818181818
9,3.01,23.3,1900-01-01 13:26:37,13:27:10,5,3,33,0,35,806,2,9.0,15.91,9.333333333333334,0.0,10.963455149501662,0.8209090909090908
10,2.13,20.85,1900-01-01 13:27:35,13:28:08,2,3,33,0,35,807,2,9.0,23.3,9.333333333333334,1.0,15.492957746478874,0.6454545454545454
5,2.4,13.37,1900-01-01 13:27:46,13:28:19,3,3,33,1,20,807,2,10.0,20.85,8.0,-5.0,13.75,0.36363636363636365
8,3.01,10.64,1900-01-01 13:27:55,13:28:28,4,3,33,0,35,807,2,5.0,13.37,7.666666666666667,3.0,10.963455149501662,0.7296969696969696
6,2.38,14.16,1900-01-01 13:28:58,13:29:31,1,3,33,0,35,808,2,8.0,10.64,6.333333333333333,-2.0,13.865546218487395,0.43272727272727274
5,2.23,8.09,1900-01-01 13:29:09,13:29:42,5,3,33,1,20,809,2,6.0,14.16,6.333333333333333,-1.0,14.798206278026907,0.33787878787878783
4,2.25,8.09,1900-01-01 13:30:07,13:30:40,2,3,33,1,21,810,2,5.0,8.09,5.0,-1.0,14.666666666666666,0.27272727272727276
9,1.92,23.63,1900-01-01 13:30:18,13:30:51,3,3,33,0,35,810,2,4.0,8.09,6.0,5.0,17.1875,0.5236363636363637
12,2.0,19.84,1900-01-01 13:30:27,13:31:00,4,3,33,0,35,810,2,9.0,23.63,8.333333333333334,3.0,16.5,0.7272727272727273
8,3.32,22.52,1900-01-01 13:31:30,13:32:03,1,3,33,0,35,811,2,12.0,19.84,9.666666666666666,-4.0,9.93975903614458,0.8048484848484848
1,0.0,2.55,1900-01-01 13:31:41,13:32:14,5,3,33,1,20,811,2,8.0,22.52,7.0,-7.0,33.0,0.030303030303030304
6,3.68,11.21,1900-01-01 13:32:39,13:33:12,2,3,33,1,21,812,2,1.0,2.55,5.0,5.0,8.967391304347826,0.6690909090909091
4,1.67,5.23,1900-01-01 13:32:50,13:33:23,3,3,33,1,20,812,2,6.0,11.21,3.6666666666666665,-2.0,19.76047904191617,0.2024242424242424
12,2.17,21.58,1900-01-01 13:32:59,13:33:32,4,3,33,0,35,812,2,4.0,5.23,7.333333333333333,8.0,15.207373271889402,0.7890909090909091
8,3.07,15.62,1900-01-01 13:34:02,13:34:35,1,3,33,0,35,814,2,12.0,21.58,8.0,-4.0,10.749185667752444,0.7442424242424241
14,2.4,18.27,1900-01-01 13:34:13,13:34:46,5,3,33,0,35,814,2,8.0,15.62,11.333333333333334,6.0,13.75,1.018181818181818
10,2.4,21.18,1900-01-01 13:35:11,13:35:44,2,3,33,0,35,815,2,14.0,18.27,10.666666666666666,-4.0,13.75,0.7272727272727273
5,2.56,9.0,1900-01-01 13:35:22,13:35:55,3,3,33,1,20,815,2,10.0,21.18,9.666666666666666,-5.0,12.890625,0.3878787878787879
8,3.3,16.14,1900-01-01 13:35:31,13:36:04,4,3,33,0,35,815,2,5.0,9.0,7.666666666666667,3.0,10.0,0.8
1,0.0,2.93,1900-01-01 13:36:34,13:37:07,1,3,33,1,20,816,2,8.0,16.14,4.666666666666667,-7.0,33.0,0.030303030303030304
9,2.08,12.29,1900-01-01 13:36:45,13:37:18,5,3,33,0,35,816,2,1.0,2.93,6.0,8.0,15.865384615384615,0.5672727272727273
5,3.15,10.91,1900-01-01 13:37:43,13:38:16,2,3,33,1,21,817,2,9.0,12.29,5.0,-4.0,10.476190476190476,0.4772727272727273
10,2.71,14.68,1900-01-01 13:37:54,13:38:27,3,3,33,0,35,817,2,5.0,10.91,8.0,5.0,12.177121771217712,0.8212121212121213
16,1.75,31.7,1900-01-01 13:38:03,13:38:36,4,3,33,0,35,818,2,10.0,14.68,10.333333333333334,6.0,18.857142857142858,0.8484848484848485
2,18.33,7.61,1900-01-01 13:39:06,13:39:39,1,3,33,2,36,819,2,16.0,31.7,9.333333333333334,-14.0,1.800327332242226,1.1109090909090908
3,2.17,3.97,1900-01-01 13:39:17,13:39:50,5,3,33,1,20,819,2,2.0,7.61,7.0,1.0,15.207373271889402,0.19727272727272727
6,5.5,11.71,1900-01-01 13:40:15,13:40:48,2,3,33,1,21,820,2,3.0,3.97,3.6666666666666665,3.0,6.0,1.0
5,2.65,8.16,1900-01-01 13:40:26,13:40:59,3,3,33,1,20,820,2,6.0,11.71,4.666666666666667,-1.0,12.452830188679245,0.4015151515151515
8,3.38,25.44,1900-01-01 13:40:35,13:41:08,4,3,33,0,35,820,2,5.0,8.16,6.333333333333333,3.0,9.763313609467456,0.8193939393939393
6,2.57,13.2,1900-01-01 13:41:38,13:42:11,1,3,33,1,20,821,2,8.0,25.44,6.333333333333333,-2.0,12.84046692607004,0.46727272727272723
4,4.94,4.09,1900-01-01 13:41:49,13:42:22,5,3,33,1,20,821,2,6.0,13.2,6.0,-2.0,6.680161943319837,0.5987878787878789
6,3.92,10.69,1900-01-01 13:42:47,13:43:20,2,3,33,1,21,822,2,4.0,4.09,5.333333333333333,2.0,8.418367346938776,0.7127272727272727
6,4.67,15.69,1900-01-01 13:42:58,13:43:31,3,3,33,0,35,822,2,6.0,10.69,5.333333333333333,0.0,7.0663811563169165,0.8490909090909091
7,3.28,16.06,1900-01-01 13:43:07,13:43:40,4,3,33,0,35,823,2,6.0,15.69,6.333333333333333,1.0,10.060975609756099,0.6957575757575757
7,3.0,13.38,1900-01-01 13:44:10,13:44:43,1,3,33,0,35,824,2,7.0,16.06,6.666666666666667,0.0,11.0,0.6363636363636364
6,3.77,6.69,1900-01-01 13:44:21,13:44:54,5,3,33,1,20,824,2,7.0,13.38,6.666666666666667,-1.0,8.753315649867375,0.6854545454545454
10,1.87,20.09,1900-01-01 13:45:19,13:45:52,2,3,33,0,35,825,2,6.0,6.69,7.666666666666667,4.0,17.64705882352941,0.5666666666666668
6,2.8,14.76,1900-01-01 13:45:30,13:46:03,3,3,33,0,35,825,2,10.0,20.09,7.333333333333333,-4.0,11.785714285714286,0.509090909090909
2,3.25,4.45,1900-01-01 13:45:39,13:46:12,4,3,33,1,20,825,2,6.0,14.76,6.0,-4.0,10.153846153846153,0.196969696969697
8,2.79,10.71,1900-01-01 13:46:42,13:47:15,1,3,33,0,35,826,2,2.0,4.45,5.333333333333333,6.0,11.827956989247312,0.6763636363636364
5,3.12,6.89,1900-01-01 13:46:53,13:47:26,5,3,33,1,20,826,2,8.0,10.71,5.0,-3.0,10.576923076923077,0.4727272727272727
6,1.8,13.68,1900-01-01 13:47:51,13:48:24,2,3,33,0,35,827,2,5.0,6.89,6.333333333333333,1.0,18.333333333333332,0.32727272727272727
17,1.74,27.05,1900-01-01 13:48:02,13:48:35,3,3,33,0,35,828,2,6.0,13.68,9.333333333333334,11.0,18.96551724137931,0.8963636363636364
7,3.22,22.22,1900-01-01 13:48:11,13:48:44,4,3,33,0,35,828,2,17.0,27.05,10.0,-10.0,10.248447204968944,0.6830303030303031
8,2.76,16.74,1900-01-01 13:49:14,13:49:47,1,3,33,0,35,829,2,7.0,22.22,10.666666666666666,1.0,11.956521739130435,0.6690909090909091
9,2.09,14.05,1900-01-01 13:49:25,13:49:58,5,3,33,0,35,829,2,8.0,16.74,8.0,1.0,15.789473684210527,0.57
7,1.93,18.76,1900-01-01 13:50:23,13:50:56,2,3,33,0,35,830,2,9.0,14.05,8.0,-2.0,17.098445595854923,0.40939393939393937
14,2.28,27.14,1900-01-01 13:50:34,13:51:07,3,3,33,0,35,830,2,7.0,18.76,10.0,7.0,14.473684210526317,0.9672727272727272
9,2.6,13.0,1900-01-01 13:50:43,13:51:16,4,3,33,0,35,830,2,14.0,27.14,10.0,-5.0,12.692307692307692,0.7090909090909091
8,3.46,14.69,1900-01-01 13:51:46,13:52:19,1,3,33,0,35,831,2,9.0,13.0,10.333333333333334,-1.0,9.53757225433526,0.8387878787878789
14,1.87,18.98,1900-01-01 13:51:57,13:52:30,5,3,33,0,35,831,2,8.0,14.69,10.333333333333334,6.0,17.64705882352941,0.7933333333333334
5,1.79,8.77,1900-01-01 13:52:55,13:53:28,2,3,33,1,20,832,2,14.0,18.98,9.0,-9.0,18.435754189944134,0.2712121212121212
9,2.97,20.58,1900-01-01 13:53:06,13:53:39,3,3,33,0,35,833,2,5.0,8.77,9.333333333333334,4.0,11.11111111111111,0.81
10,2.69,23.72,1900-01-01 13:53:15,13:53:48,4,3,33,0,35,833,2,9.0,20.58,8.0,1.0,12.267657992565056,0.8151515151515152
7,4.49,12.7,1900-01-01 13:54:18,13:54:51,1,3,33,0,35,834,2,10.0,23.72,8.666666666666666,-3.0,7.349665924276169,0.9524242424242424
10,2.45,14.09,1900-01-01 13:54:29,13:55:02,5,3,33,0,35,834,2,7.0,12.7,9.0,3.0,13.46938775510204,0.7424242424242424
11,2.02,19.06,1900-01-01 13:55:27,13:56:00,2,3,33,0,35,835,2,10.0,14.09,9.333333333333334,1.0,16.336633663366335,0.6733333333333333
3,4.29,6.17,1900-01-01 13:55:38,13:56:11,3,3,33,1,20,835,2,11.0,19.06,8.0,-8.0,7.6923076923076925,0.39
14,2.33,28.95,1900-01-01 13:55:47,13:56:20,4,3,33,0,35,835,2,3.0,6.17,9.333333333333334,11.0,14.163090128755364,0.9884848484848485
8,3.68,18.25,1900-01-01 13:56:50,13:57:23,1,3,33,0,35,836,2,14.0,28.95,8.333333333333334,-6.0,8.967391304347826,0.8921212121212121
11,2.33,15.8,1900-01-01 13:57:01,13:57:34,5,3,33,0,35,837,2,8.0,18.25,11.0,3.0,14.163090128755364,0.7766666666666667
7,2.92,17.74,1900-01-01 13:57:59,13:58:32,2,3,33,0,35,837,2,11.0,15.8,8.666666666666666,-4.0,11.301369863013699,0.6193939393939394
8,2.1,15.09,1900-01-01 13:58:10,13:58:43,3,3,33,0,35,838,2,7.0,17.74,8.666666666666666,1.0,15.714285714285714,0.5090909090909091
9,2.97,16.02,1900-01-01 13:58:19,13:58:52,4,3,33,0,35,838,2,8.0,15.09,8.0,1.0,11.11111111111111,0.81
6,2.88,10.63,1900-01-01 13:59:22,13:59:55,1,3,33,1,20,839,2,9.0,16.02,7.666666666666667,-3.0,11.458333333333334,0.5236363636363636
12,1.89,16.5,1900-01-01 13:59:33,14:00:06,5,3,33,0,35,839,2,6.0,10.63,9.0,6.0,17.460317460317462,0.6872727272727271
11,2.39,23.51,1900-01-01 14:00:31,14:01:04,2,3,33,0,35,840,2,12.0,16.5,9.666666666666666,-1.0,13.807531380753137,0.7966666666666667
11,1.91,18.63,1900-01-01 14:00:42,14:01:15,3,3,33,0,35,840,2,11.0,23.51,11.333333333333334,0.0,17.277486910994764,0.6366666666666667
9,2.15,17.75,1900-01-01 14:00:51,14:01:24,4,3,33,0,35,840,2,11.0,18.63,10.333333333333334,-2.0,15.348837209302326,0.5863636363636363
6,2.8,15.63,1900-01-01 14:01:54,14:02:27,1,3,33,0,35,841,2,9.0,17.75,8.666666666666666,-3.0,11.785714285714286,0.509090909090909
9,3.5,12.26,1900-01-01 14:02:05,14:02:38,5,3,33,0,35,842,2,6.0,15.63,8.0,3.0,9.428571428571429,0.9545454545454545
8,1.39,12.93,1900-01-01 14:03:03,14:03:36,2,3,33,0,35,843,2,9.0,12.26,7.666666666666667,-1.0,23.741007194244606,0.3369696969696969
7,2.72,10.3,1900-01-01 14:03:14,14:03:47,3,3,33,1,20,843,2,8.0,12.93,8.0,-1.0,12.13235294117647,0.576969696969697
7,5.12,19.65,1900-01-01 14:03:23,14:03:56,4,3,33,0,35,843,2,7.0,10.3,7.333333333333333,0.0,6.4453125,1.0860606060606062
6,2.23,13.68,1900-01-01 14:04:26,14:04:59,1,3,33,0,35,844,2,7.0,19.65,6.666666666666667,-1.0,14.798206278026907,0.4054545454545454
6,4.07,9.15,1900-01-01 14:04:37,14:05:10,5,3,33,1,20,844,2,6.0,13.68,6.333333333333333,0.0,8.108108108108107,0.7400000000000001
13,1.49,24.65,1900-01-01 14:05:35,14:06:08,2,3,33,0,35,845,2,6.0,9.15,8.333333333333334,7.0,22.14765100671141,0.5869696969696969
7,1.18,8.37,1900-01-01 14:05:46,14:06:19,3,3,33,1,20,845,2,13.0,24.65,8.666666666666666,-6.0,27.966101694915256,0.2503030303030303
13,1.96,27.61,1900-01-01 14:05:55,14:06:28,4,3,33,0,35,845,2,7.0,8.37,11.0,6.0,16.836734693877553,0.7721212121212121
5,2.56,7.77,1900-01-01 14:06:58,14:07:31,1,3,33,1,20,846,2,13.0,27.61,8.333333333333334,-8.0,12.890625,0.3878787878787879
8,2.26,12.43,1900-01-01 14:07:09,14:07:42,5,3,33,0,35,847,2,5.0,7.77,8.666666666666666,3.0,14.601769911504427,0.5478787878787879
13,1.4,23.32,1900-01-01 14:08:07,14:08:40,2,3,33,0,35,848,2,8.0,12.43,8.666666666666666,5.0,23.571428571428573,0.5515151515151515
7,1.51,9.16,1900-01-01 14:08:18,14:08:51,3,3,33,1,20,848,2,13.0,23.32,9.333333333333334,-6.0,21.85430463576159,0.3203030303030303
7,2.65,17.27,1900-01-01 14:08:27,14:09:00,4,3,33,0,35,848,2,7.0,9.16,9.0,0.0,12.452830188679245,0.5621212121212121
11,2.32,18.17,1900-01-01 14:09:30,14:10:03,1,3,33,0,35,849,2,7.0,17.27,8.333333333333334,4.0,14.224137931034484,0.7733333333333333
7,1.94,9.85,1900-01-01 14:09:41,14:10:14,5,3,33,1,20,849,2,11.0,18.17,8.333333333333334,-4.0,17.010309278350515,0.4115151515151515
5,6.6,9.4,1900-01-01 14:10:39,14:11:12,2,3,33,1,35,850,2,7.0,9.85,7.666666666666667,-2.0,5.0,1.0
10,2.69,15.14,1900-01-01 14:10:50,14:11:23,3,3,33,0,35,850,2,5.0,9.4,7.333333333333333,5.0,12.267657992565056,0.8151515151515152
8,3.26,9.74,1900-01-01 14:10:59,14:11:32,4,3,33,0,35,850,2,10.0,15.14,7.666666666666667,-2.0,10.122699386503069,0.7903030303030302
5,2.42,15.98,1900-01-01 14:12:02,14:12:35,1,3,33,0,35,852,2,8.0,9.74,7.666666666666667,-3.0,13.636363636363637,0.36666666666666664
6,2.28,7.91,1900-01-01 14:12:13,14:12:46,5,3,33,1,20,852,2,5.0,15.98,6.333333333333333,1.0,14.473684210526317,0.4145454545454545
6,3.3,13.73,1900-01-01 14:13:11,14:13:44,2,3,33,0,35,853,2,6.0,7.91,5.666666666666667,0.0,10.0,0.6
5,5.88,8.04,1900-01-01 14:13:22,14:13:55,3,3,33,1,20,853,2,6.0,13.73,5.666666666666667,-1.0,5.612244897959184,0.8909090909090909
8,3.39,19.85,1900-01-01 14:13:31,14:14:04,4,3,33,0,35,853,2,5.0,8.04,6.333333333333333,3.0,9.734513274336283,0.8218181818181818
14,2.01,25.19,1900-01-01 14:14:34,14:15:07,1,3,33,0,35,854,2,8.0,19.85,9.0,6.0,16.417910447761194,0.8527272727272727
13,1.82,17.49,1900-01-01 14:14:45,14:15:18,5,3,33,0,35,854,2,14.0,25.19,11.666666666666666,-1.0,18.13186813186813,0.716969696969697
4,1.86,5.38,1900-01-01 14:15:43,14:16:16,2,3,33,1,20,855,2,13.0,17.49,10.333333333333334,-9.0,17.741935483870968,0.22545454545454546
7,4.9,8.12,1900-01-01 14:15:54,14:16:27,3,3,33,1,20,855,2,4.0,5.38,8.0,3.0,6.73469387755102,1.0393939393939393
4,1.83,4.04,1900-01-01 14:16:03,14:16:36,4,3,33,1,20,856,2,7.0,8.12,5.0,-3.0,18.0327868852459,0.22181818181818183
9,2.55,16.81,1900-01-01 14:17:06,14:17:39,1,3,33,0,35,857,2,4.0,4.04,6.666666666666667,5.0,12.941176470588236,0.6954545454545454
13,2.12,21.66,1900-01-01 14:17:17,14:17:50,5,3,33,0,35,857,2,9.0,16.81,8.666666666666666,4.0,15.566037735849056,0.8351515151515152
7,3.29,18.41,1900-01-01 14:18:15,14:18:48,2,3,33,0,35,858,2,13.0,21.66,9.666666666666666,-6.0,10.030395136778115,0.697878787878788
9,2.56,16.6,1900-01-01 14:18:26,14:18:59,3,3,33,0,35,858,2,7.0,18.41,9.666666666666666,2.0,12.890625,0.6981818181818182
5,2.75,8.47,1900-01-01 14:18:35,14:19:08,4,3,33,1,20,858,2,9.0,16.6,7.0,-4.0,12.0,0.4166666666666667
12,2.26,20.45,1900-01-01 14:19:38,14:20:11,1,3,33,0,35,859,2,5.0,8.47,8.666666666666666,7.0,14.601769911504427,0.8218181818181817
5,3.96,6.51,1900-01-01 14:19:49,14:20:22,5,3,33,1,21,859,2,12.0,20.45,7.333333333333333,-7.0,8.333333333333334,0.6
6,2.75,12.41,1900-01-01 14:20:47,14:21:20,2,3,33,1,20,860,2,5.0,6.51,7.666666666666667,1.0,12.0,0.5
3,2.75,5.79,1900-01-01 14:20:58,14:21:31,3,3,33,1,20,860,2,6.0,12.41,4.666666666666667,-3.0,12.0,0.25
6,4.82,9.51,1900-01-01 14:21:07,14:21:40,4,3,33,1,20,861,2,3.0,5.79,5.0,3.0,6.846473029045643,0.8763636363636365
3,10.62,7.43,1900-01-01 14:22:10,14:22:43,1,3,33,2,31,862,2,6.0,9.51,4.0,-3.0,3.1073446327683616,0.9654545454545455
4,3.61,4.57,1900-01-01 14:22:21,14:22:54,5,3,33,1,21,862,2,3.0,7.43,4.333333333333333,1.0,9.141274238227147,0.43757575757575756
7,1.93,20.35,1900-01-01 14:23:19,14:23:52,2,3,33,0,35,863,2,4.0,4.57,4.666666666666667,3.0,17.098445595854923,0.40939393939393937
7,2.0,16.68,1900-01-01 14:23:30,14:24:03,3,3,33,0,35,863,2,7.0,20.35,6.0,0.0,16.5,0.42424242424242425
3,2.92,7.55,1900-01-01 14:23:39,14:24:12,4,3,33,1,20,863,2,7.0,16.68,5.666666666666667,-4.0,11.301369863013699,0.26545454545454544
11,1.85,20.51,1900-01-01 14:24:42,14:25:15,1,3,33,0,35,864,2,3.0,7.55,7.0,8.0,17.83783783783784,0.6166666666666666
5,5.77,6.63,1900-01-01 14:24:53,14:25:26,5,3,33,1,21,864,2,11.0,20.51,6.333333333333333,-6.0,5.719237435008666,0.8742424242424242
9,2.8,18.43,1900-01-01 14:25:51,14:26:24,2,3,33,0,35,865,2,5.0,6.63,8.333333333333334,4.0,11.785714285714286,0.7636363636363636
8,3.64,20.97,1900-01-01 14:26:02,14:26:35,3,3,33,0,35,866,2,9.0,18.43,7.333333333333333,-1.0,9.065934065934066,0.8824242424242424
8,2.4,15.27,1900-01-01 14:26:11,14:26:44,4,3,33,0,35,866,2,8.0,20.97,8.333333333333334,0.0,13.75,0.5818181818181818
6,4.58,10.18,1900-01-01 14:27:14,14:27:47,1,3,33,1,30,867,2,8.0,15.27,7.333333333333333,-2.0,7.205240174672489,0.8327272727272728
5,4.71,4.41,1900-01-01 14:27:25,14:27:58,5,3,33,1,21,867,2,6.0,10.18,6.333333333333333,-1.0,7.006369426751593,0.7136363636363636
9,3.01,13.62,1900-01-01 14:28:23,14:28:56,2,3,33,0,35,868,2,5.0,4.41,6.666666666666667,4.0,10.963455149501662,0.8209090909090908
7,3.18,23.34,1900-01-01 14:28:34,14:29:07,3,3,33,0,35,868,2,9.0,13.62,7.0,-2.0,10.377358490566037,0.6745454545454546
5,3.65,7.39,1900-01-01 14:28:43,14:29:16,4,3,33,1,20,868,2,7.0,23.34,7.0,-2.0,9.04109589041096,0.553030303030303
9,2.55,18.41,1900-01-01 14:29:46,14:30:19,1,3,33,0,35,869,2,5.0,7.39,7.0,4.0,12.941176470588236,0.6954545454545454
6,1.45,10.31,1900-01-01 14:29:57,14:30:30,5,3,33,1,21,869,2,9.0,18.41,6.666666666666667,-3.0,22.758620689655174,0.2636363636363636
9,2.41,26.87,1900-01-01 14:30:55,14:31:28,2,3,33,0,35,870,2,6.0,10.31,8.0,3.0,13.692946058091286,0.6572727272727273
5,3.08,7.81,1900-01-01 14:31:06,14:31:39,3,3,33,1,20,871,2,9.0,26.87,6.666666666666667,-4.0,10.714285714285714,0.4666666666666667
6,3.58,22.77,1900-01-01 14:31:15,14:31:48,4,3,33,0,35,871,2,5.0,7.81,6.666666666666667,1.0,9.217877094972067,0.6509090909090909
8,2.56,22.0,1900-01-01 14:32:18,14:32:51,1,3,33,0,35,872,2,6.0,22.77,6.333333333333333,2.0,12.890625,0.6206060606060606
6,1.93,7.38,1900-01-01 14:32:29,14:33:02,5,3,33,1,20,872,2,8.0,22.0,6.666666666666667,-2.0,17.098445595854923,0.3509090909090909
6,2.62,11.96,1900-01-01 14:33:27,14:34:00,2,3,33,1,20,873,2,6.0,7.38,6.666666666666667,0.0,12.595419847328245,0.4763636363636364
11,2.77,18.14,1900-01-01 14:33:38,14:34:11,3,3,33,0,37,873,2,6.0,11.96,7.666666666666667,5.0,11.913357400722022,0.9233333333333333
10,2.91,13.34,1900-01-01 14:33:47,14:34:20,4,3,33,0,35,873,2,11.0,18.14,9.0,-1.0,11.340206185567009,0.881818181818182
14,1.8,17.03,1900-01-01 14:34:50,14:35:23,1,3,33,0,35,874,2,10.0,13.34,11.666666666666666,4.0,18.333333333333332,0.7636363636363637
8,3.44,12.87,1900-01-01 14:35:01,14:35:34,5,3,33,0,35,875,2,14.0,17.03,10.666666666666666,-6.0,9.593023255813954,0.833939393939394
8,2.33,14.76,1900-01-01 14:35:59,14:36:32,2,3,33,0,35,875,2,8.0,12.87,10.0,0.0,14.163090128755364,0.5648484848484848
4,2.83,4.87,1900-01-01 14:36:10,14:36:43,3,3,33,1,20,876,2,8.0,14.76,6.666666666666667,-4.0,11.66077738515901,0.3430303030303031
6,4.6,17.35,1900-01-01 14:36:19,14:36:52,4,3,33,0,35,876,2,4.0,4.87,6.0,2.0,7.173913043478262,0.8363636363636363
6,3.12,24.35,1900-01-01 14:37:22,14:37:55,1,3,33,0,35,877,2,6.0,17.35,5.333333333333333,0.0,10.576923076923077,0.5672727272727273
3,3.04,6.85,1900-01-01 14:37:33,14:38:06,5,3,33,1,20,877,2,6.0,24.35,5.0,-3.0,10.855263157894736,0.27636363636363637
3,11.46,5.24,1900-01-01 14:38:31,14:39:04,2,3,33,2,34,878,2,3.0,6.85,4.0,0.0,2.8795811518324603,1.041818181818182
6,3.6,12.74,1900-01-01 14:38:42,14:39:15,3,3,33,1,20,878,2,3.0,5.24,4.0,3.0,9.166666666666666,0.6545454545454545
5,3.17,16.42,1900-01-01 14:38:51,14:39:24,4,3,33,0,35,878,2,6.0,12.74,4.666666666666667,-1.0,10.410094637223976,0.48030303030303023
10,2.08,21.53,1900-01-01 14:39:54,14:40:27,1,3,33,0,35,879,2,5.0,16.42,7.0,5.0,15.865384615384615,0.6303030303030304
7,3.65,12.26,1900-01-01 14:40:05,14:40:38,5,3,33,0,35,880,2,10.0,21.53,7.333333333333333,-3.0,9.04109589041096,0.7742424242424242
11,1.81,17.41,1900-01-01 14:41:03,14:41:36,2,3,33,0,35,881,2,7.0,12.26,9.333333333333334,4.0,18.23204419889503,0.6033333333333333
11,2.77,19.88,1900-01-01 14:41:14,14:41:47,3,3,33,0,37,881,2,11.0,17.41,9.666666666666666,0.0,11.913357400722022,0.9233333333333333
10,1.87,17.7,1900-01-01 14:41:23,14:41:56,4,3,33,0,35,881,2,11.0,19.88,10.666666666666666,-1.0,17.64705882352941,0.5666666666666668
4,3.63,10.97,1900-01-01 14:42:26,14:42:59,1,3,33,1,20,882,2,10.0,17.7,8.333333333333334,-6.0,9.090909090909092,0.43999999999999995
6,1.7,10.28,1900-01-01 14:42:37,14:43:10,5,3,33,1,20,882,2,4.0,10.97,6.666666666666667,2.0,19.411764705882355,0.3090909090909091
3,3.0,3.97,1900-01-01 14:43:35,14:44:08,2,3,33,1,20,883,2,6.0,10.28,4.333333333333333,-3.0,11.0,0.2727272727272727
7,4.31,12.6,1900-01-01 14:43:46,14:44:19,3,3,33,0,37,883,2,3.0,3.97,5.333333333333333,4.0,7.656612529002321,0.9142424242424242
10,1.77,16.37,1900-01-01 14:43:55,14:44:28,4,3,33,0,35,883,2,7.0,12.6,6.666666666666667,3.0,18.64406779661017,0.5363636363636364
3,2.62,8.71,1900-01-01 14:44:58,14:45:31,1,3,33,1,20,884,2,10.0,16.37,6.666666666666667,-7.0,12.595419847328245,0.2381818181818182
3,12.21,2.89,1900-01-01 14:45:09,14:45:42,5,3,33,2,36,885,2,3.0,8.71,5.333333333333333,0.0,2.7027027027027026,1.11
10,1.7,14.72,1900-01-01 14:46:07,14:46:40,2,3,33,0,35,886,2,3.0,2.89,5.333333333333333,7.0,19.411764705882355,0.5151515151515151
4,6.11,9.25,1900-01-01 14:46:18,14:46:51,3,3,33,1,20,886,2,10.0,14.72,5.666666666666667,-6.0,5.400981996726677,0.7406060606060607
7,2.32,16.24,1900-01-01 14:46:27,14:47:00,4,3,33,0,35,886,2,4.0,9.25,7.0,3.0,14.224137931034484,0.49212121212121207
8,2.51,20.0,1900-01-01 14:47:30,14:48:03,1,3,33,0,35,887,2,7.0,16.24,6.333333333333333,1.0,13.147410358565738,0.6084848484848484
12,1.66,18.65,1900-01-01 14:47:41,14:48:14,5,3,33,0,35,887,2,8.0,20.0,9.0,4.0,19.87951807228916,0.6036363636363635
9,2.14,17.94,1900-01-01 14:48:39,14:49:12,2,3,33,0,35,888,2,12.0,18.65,9.666666666666666,-3.0,15.42056074766355,0.5836363636363636
4,2.61,7.77,1900-01-01 14:48:50,14:49:23,3,3,33,1,20,888,2,9.0,17.94,8.333333333333334,-5.0,12.64367816091954,0.31636363636363635
4,7.44,5.44,1900-01-01 14:48:59,14:49:32,4,3,33,2,29,888,2,4.0,7.77,5.666666666666667,0.0,4.435483870967742,0.9018181818181819
4,3.4,10.1,1900-01-01 14:50:02,14:50:35,1,3,33,1,20,890,2,4.0,5.44,4.0,0.0,9.705882352941178,0.41212121212121205
4,3.14,6.41,1900-01-01 14:50:13,14:50:46,5,3,33,1,22,890,2,4.0,10.1,4.0,0.0,10.509554140127388,0.3806060606060606
6,2.93,10.93,1900-01-01 14:51:11,14:51:44,2,3,33,1,20,891,2,4.0,6.41,4.666666666666667,2.0,11.262798634812286,0.5327272727272727
18,1.73,27.43,1900-01-01 14:51:22,14:51:55,3,3,33,0,35,891,2,6.0,10.93,9.333333333333334,12.0,19.07514450867052,0.9436363636363637
5,3.52,4.79,1900-01-01 14:51:31,14:52:04,4,3,33,1,24,891,2,18.0,27.43,9.666666666666666,-13.0,9.375,0.5333333333333333
4,2.33,9.81,1900-01-01 14:52:34,14:53:07,1,3,33,1,20,892,2,5.0,4.79,9.0,-1.0,14.163090128755364,0.2824242424242424
7,4.75,10.23,1900-01-01 14:52:45,14:53:18,5,3,33,1,22,892,2,4.0,9.81,5.333333333333333,3.0,6.947368421052632,1.0075757575757576
9,2.11,19.68,1900-01-01 14:53:43,14:54:16,2,3,33,0,35,893,2,7.0,10.23,6.666666666666667,2.0,15.639810426540285,0.5754545454545454
8,2.88,15.3,1900-01-01 14:53:54,14:54:27,3,3,33,0,35,893,2,9.0,19.68,8.0,-1.0,11.458333333333334,0.6981818181818181
6,2.48,9.31,1900-01-01 14:54:03,14:54:36,4,3,33,1,24,894,2,8.0,15.3,7.666666666666667,-2.0,13.306451612903226,0.4509090909090909
3,3.19,8.04,1900-01-01 14:55:06,14:55:39,1,3,33,1,20,895,2,6.0,9.31,5.666666666666667,-3.0,10.344827586206897,0.29
8,1.45,9.14,1900-01-01 14:55:17,14:55:50,5,3,33,0,35,895,2,3.0,8.04,5.666666666666667,5.0,22.758620689655174,0.3515151515151515
7,2.96,13.01,1900-01-01 14:56:15,14:56:48,2,3,33,0,35,896,2,8.0,9.14,6.0,-1.0,11.14864864864865,0.6278787878787878
4,9.08,4.47,1900-01-01 14:56:26,14:56:59,3,3,33,2,36,896,2,7.0,13.01,6.333333333333333,-3.0,3.6343612334801763,1.1006060606060606
6,4.78,13.03,1900-01-01 14:56:35,14:57:08,4,3,33,1,24,896,2,4.0,4.47,5.666666666666667,2.0,6.903765690376568,0.8690909090909091
4,3.23,10.48,1900-01-01 14:57:38,14:58:11,1,3,33,1,20,897,2,6.0,13.03,4.666666666666667,-2.0,10.21671826625387,0.3915151515151515
5,3.65,4.67,1900-01-01 14:57:49,14:58:22,5,3,33,1,22,897,2,4.0,10.48,5.0,1.0,9.04109589041096,0.553030303030303
7,2.39,14.41,1900-01-01 14:58:47,14:59:20,2,3,33,0,35,898,2,5.0,4.67,5.333333333333333,2.0,13.807531380753137,0.5069696969696971
7,3.11,12.44,1900-01-01 14:58:58,14:59:31,3,3,33,0,35,898,2,7.0,14.41,6.333333333333333,0.0,10.610932475884244,0.6596969696969697
5,5.85,10.2,1900-01-01 14:59:07,14:59:40,4,3,33,1,24,899,2,7.0,12.44,6.333333333333333,-2.0,5.641025641025641,0.8863636363636364
5,4.47,13.41,1900-01-01 15:00:10,15:00:43,1,3,33,1,20,900,2,5.0,10.2,5.666666666666667,0.0,7.38255033557047,0.6772727272727272
9,1.92,12.44,1900-01-01 15:00:21,15:00:54,5,3,33,0,35,900,2,5.0,13.41,6.333333333333333,4.0,17.1875,0.5236363636363637
10,2.44,18.8,1900-01-01 15:01:19,15:01:52,2,3,33,0,35,901,2,9.0,12.44,8.0,1.0,13.524590163934427,0.7393939393939394
7,3.35,14.22,1900-01-01 15:01:30,15:02:03,3,3,33,0,35,901,2,10.0,18.8,8.666666666666666,-3.0,9.850746268656716,0.7106060606060607
8,2.8,21.51,1900-01-01 15:01:39,15:02:12,4,3,33,0,35,901,2,7.0,14.22,8.333333333333334,1.0,11.785714285714286,0.6787878787878787
3,3.78,8.07,1900-01-01 15:02:42,15:03:15,1,3,33,1,20,902,2,8.0,21.51,6.0,-5.0,8.730158730158731,0.3436363636363636
6,1.9,7.93,1900-01-01 15:02:53,15:03:26,5,3,33,1,20,902,2,3.0,8.07,5.666666666666667,3.0,17.36842105263158,0.34545454545454546
6,4.65,9.53,1900-01-01 15:03:51,15:04:24,2,3,33,1,30,903,2,6.0,7.93,5.0,0.0,7.096774193548386,0.8454545454545456
6,2.43,10.26,1900-01-01 15:04:02,15:04:35,3,3,33,1,20,904,2,6.0,9.53,6.0,0.0,13.580246913580247,0.44181818181818183
4,6.5,12.07,1900-01-01 15:04:11,15:04:44,4,3,33,1,28,904,2,6.0,10.26,5.333333333333333,-2.0,5.076923076923077,0.787878787878788
8,2.9,18.2,1900-01-01 15:05:14,15:05:47,1,3,33,0,35,905,2,4.0,12.07,6.0,4.0,11.379310344827587,0.703030303030303
9,2.76,16.44,1900-01-01 15:05:25,15:05:58,5,3,33,0,35,905,2,8.0,18.2,7.0,1.0,11.956521739130435,0.7527272727272727
11,2.58,23.6,1900-01-01 15:06:23,15:06:56,2,3,33,0,35,906,2,9.0,16.44,9.333333333333334,2.0,12.790697674418604,0.86
8,3.64,10.66,1900-01-01 15:06:34,15:07:07,3,3,33,0,35,906,2,11.0,23.6,9.333333333333334,-3.0,9.065934065934066,0.8824242424242424
13,1.74,28.66,1900-01-01 15:06:43,15:07:16,4,3,33,0,35,906,2,8.0,10.66,10.666666666666666,5.0,18.96551724137931,0.6854545454545454
4,1.71,10.97,1900-01-01 15:07:46,15:08:19,1,3,33,1,20,907,2,13.0,28.66,8.333333333333334,-9.0,19.29824561403509,0.20727272727272725
5,5.83,5.74,1900-01-01 15:07:57,15:08:30,5,3,33,1,20,907,2,4.0,10.97,7.333333333333333,1.0,5.660377358490566,0.8833333333333334
12,2.27,18.06,1900-01-01 15:08:55,15:09:28,2,3,33,0,35,908,2,5.0,5.74,7.0,7.0,14.537444933920705,0.8254545454545454
7,4.12,12.92,1900-01-01 15:09:06,15:09:39,3,3,33,0,35,909,2,12.0,18.06,8.0,-5.0,8.009708737864077,0.873939393939394
4,6.28,4.98,1900-01-01 15:09:15,15:09:48,4,3,33,1,28,909,2,7.0,12.92,7.666666666666667,-3.0,5.254777070063694,0.7612121212121212
4,2.37,10.75,1900-01-01 15:10:18,15:10:51,1,3,33,1,20,910,2,4.0,4.98,5.0,0.0,13.924050632911392,0.2872727272727273
5,2.4,5.99,1900-01-01 15:10:29,15:11:02,5,3,33,1,20,910,2,4.0,10.75,4.333333333333333,1.0,13.75,0.36363636363636365
8,2.31,19.11,1900-01-01 15:11:27,15:12:00,2,3,33,0,35,911,2,5.0,5.99,5.666666666666667,3.0,14.285714285714285,0.56
10,1.92,18.13,1900-01-01 15:11:38,15:12:11,3,3,33,0,35,911,2,8.0,19.11,7.666666666666667,2.0,17.1875,0.5818181818181818
8,3.31,17.21,1900-01-01 15:11:47,15:12:20,4,3,33,0,35,911,2,10.0,18.13,8.666666666666666,-2.0,9.969788519637461,0.8024242424242425
6,2.33,14.19,1900-01-01 15:12:50,15:13:23,1,3,33,0,35,912,2,8.0,17.21,8.0,-2.0,14.163090128755364,0.42363636363636364
13,1.7,19.86,1900-01-01 15:13:01,15:13:34,5,3,33,0,35,913,2,6.0,14.19,9.0,7.0,19.411764705882355,0.6696969696969697
7,2.31,14.41,1900-01-01 15:13:59,15:14:32,2,3,33,0,35,913,2,13.0,19.86,8.666666666666666,-6.0,14.285714285714285,0.49000000000000005
4,2.78,6.74,1900-01-01 15:14:10,15:14:43,3,3,33,1,20,914,2,7.0,14.41,8.0,-3.0,11.870503597122303,0.3369696969696969
8,2.01,9.99,1900-01-01 15:14:19,15:14:52,4,3,33,0,35,914,2,4.0,6.74,6.333333333333333,4.0,16.417910447761194,0.48727272727272725
5,4.17,13.47,1900-01-01 15:15:22,15:15:55,1,3,33,1,20,915,2,8.0,9.99,5.666666666666667,-3.0,7.913669064748202,0.6318181818181817
3,3.33,4.41,1900-01-01 15:15:33,15:16:06,5,3,33,1,20,915,2,5.0,13.47,5.333333333333333,-2.0,9.90990990990991,0.30272727272727273
8,3.04,15.16,1900-01-01 15:16:31,15:17:04,2,3,33,0,35,916,2,3.0,4.41,5.333333333333333,5.0,10.855263157894736,0.736969696969697
8,3.1,19.51,1900-01-01 15:16:42,15:17:15,3,3,33,0,35,916,2,8.0,15.16,6.333333333333333,0.0,10.64516129032258,0.7515151515151516
11,2.77,24.02,1900-01-01 15:16:51,15:17:24,4,3,33,0,35,916,2,8.0,19.51,9.0,3.0,11.913357400722022,0.9233333333333333
3,2.29,7.04,1900-01-01 15:17:54,15:18:27,1,3,33,1,20,917,2,11.0,24.02,7.333333333333333,-8.0,14.410480349344978,0.2081818181818182
7,2.99,13.87,1900-01-01 15:18:05,15:18:38,5,3,33,0,35,918,2,3.0,7.04,7.0,4.0,11.036789297658862,0.6342424242424243
4,1.08,4.61,1900-01-01 15:19:03,15:19:36,2,3,33,1,20,919,2,7.0,13.87,4.666666666666667,-3.0,30.555555555555554,0.13090909090909092
11,2.88,18.59,1900-01-01 15:19:14,15:19:47,3,3,33,0,35,919,2,4.0,4.61,7.333333333333333,7.0,11.458333333333334,0.96
7,2.92,15.68,1900-01-01 15:19:23,15:19:56,4,3,33,0,35,919,2,11.0,18.59,7.333333333333333,-4.0,11.301369863013699,0.6193939393939394
9,1.26,22.61,1900-01-01 15:20:26,15:20:59,1,3,33,0,35,920,2,7.0,15.68,9.0,2.0,26.19047619047619,0.34363636363636363
15,1.83,19.49,1900-01-01 15:20:37,15:21:10,5,3,33,0,35,920,2,9.0,22.61,10.333333333333334,6.0,18.0327868852459,0.8318181818181818
7,2.61,8.3,1900-01-01 15:21:35,15:22:08,2,3,33,1,20,921,2,15.0,19.49,10.333333333333334,-8.0,12.64367816091954,0.5536363636363636
8,2.38,14.38,1900-01-01 15:21:46,15:22:19,3,3,33,0,35,921,2,7.0,8.3,10.0,1.0,13.865546218487395,0.5769696969696969
13,2.2,32.63,1900-01-01 15:21:55,15:22:28,4,3,33,0,35,921,2,8.0,14.38,9.333333333333334,5.0,14.999999999999998,0.8666666666666668
3,2.23,7.51,1900-01-01 15:22:58,15:23:31,1,3,33,1,20,922,2,13.0,32.63,8.0,-10.0,14.798206278026907,0.2027272727272727
8,2.73,13.77,1900-01-01 15:23:09,15:23:42,5,3,33,0,35,923,2,3.0,7.51,8.0,5.0,12.087912087912088,0.6618181818181819
11,2.2,23.23,1900-01-01 15:24:07,15:24:40,2,3,33,0,35,924,2,8.0,13.77,7.333333333333333,3.0,14.999999999999998,0.7333333333333334
7,2.42,11.6,1900-01-01 15:24:18,15:24:51,3,3,33,0,35,924,2,11.0,23.23,8.666666666666666,-4.0,13.636363636363637,0.5133333333333333
10,2.32,22.22,1900-01-01 15:24:27,15:25:00,4,3,33,0,35,924,2,7.0,11.6,9.333333333333334,3.0,14.224137931034484,0.703030303030303
9,1.76,25.51,1900-01-01 15:25:30,15:26:03,1,3,33,0,35,925,2,10.0,22.22,8.666666666666666,-1.0,18.75,0.48
10,2.87,15.71,1900-01-01 15:25:41,15:26:14,5,3,33,0,35,925,2,9.0,25.51,9.666666666666666,1.0,11.498257839721253,0.8696969696969697
8,1.61,17.73,1900-01-01 15:26:39,15:27:12,2,3,33,0,35,926,2,10.0,15.71,9.0,-2.0,20.496894409937887,0.3903030303030303
7,2.67,13.8,1900-01-01 15:26:50,15:27:23,3,3,33,0,35,926,2,8.0,17.73,8.333333333333334,-1.0,12.359550561797754,0.5663636363636363
10,2.11,30.37,1900-01-01 15:26:59,15:27:32,4,3,33,0,35,926,2,7.0,13.8,8.333333333333334,3.0,15.639810426540285,0.6393939393939394
5,3.08,13.33,1900-01-01 15:28:02,15:28:35,1,3,33,1,20,928,2,10.0,30.37,7.333333333333333,-5.0,10.714285714285714,0.4666666666666667
6,1.48,10.59,1900-01-01 15:28:13,15:28:46,5,3,33,1,20,928,2,5.0,13.33,7.0,1.0,22.2972972972973,0.2690909090909091
13,2.15,23.14,1900-01-01 15:29:11,15:29:44,2,3,33,0,35,929,2,6.0,10.59,8.0,7.0,15.348837209302326,0.8469696969696969
13,2.1,23.4,1900-01-01 15:29:22,15:29:55,3,3,33,0,35,929,2,13.0,23.14,10.666666666666666,0.0,15.714285714285714,0.8272727272727273
8,1.52,16.4,1900-01-01 15:29:31,15:30:04,4,3,33,0,35,929,2,13.0,23.4,11.333333333333334,-5.0,21.710526315789473,0.3684848484848485
6,3.69,14.59,1900-01-01 15:30:34,15:31:07,1,3,33,0,35,930,2,8.0,16.4,9.0,-2.0,8.94308943089431,0.6709090909090909
18,1.73,26.59,1900-01-01 15:30:45,15:31:18,5,3,33,0,35,930,2,6.0,14.59,10.666666666666666,12.0,19.07514450867052,0.9436363636363637
1,0.0,2.82,1900-01-01 15:31:43,15:32:16,2,3,33,1,20,931,2,18.0,26.59,8.333333333333334,-17.0,33.0,0.030303030303030304
6,2.6,15.87,1900-01-01 15:31:54,15:32:27,3,3,33,0,35,931,2,1.0,2.82,8.333333333333334,5.0,12.692307692307692,0.4727272727272728
6,2.43,15.31,1900-01-01 15:32:03,15:32:36,4,3,33,0,35,932,2,6.0,15.87,4.333333333333333,0.0,13.580246913580247,0.44181818181818183
8,3.55,20.8,1900-01-01 15:33:06,15:33:39,1,3,33,0,35,933,2,6.0,15.31,6.666666666666667,2.0,9.295774647887324,0.8606060606060606
13,1.92,14.83,1900-01-01 15:33:17,15:33:50,5,3,33,0,35,933,2,8.0,20.8,9.0,5.0,17.1875,0.7563636363636363
6,2.38,11.93,1900-01-01 15:34:15,15:34:48,2,3,33,1,20,934,2,13.0,14.83,9.0,-7.0,13.865546218487395,0.43272727272727274
5,2.7,12.84,1900-01-01 15:34:26,15:34:59,3,3,33,1,20,934,2,6.0,11.93,8.0,-1.0,12.222222222222221,0.4090909090909091
7,2.11,13.76,1900-01-01 15:34:35,15:35:08,4,3,33,0,35,934,2,5.0,12.84,6.0,2.0,15.639810426540285,0.44757575757575757
4,2.14,11.72,1900-01-01 15:35:38,15:36:11,1,3,33,1,20,935,2,7.0,13.76,5.333333333333333,-3.0,15.42056074766355,0.2593939393939394
8,3.1,15.77,1900-01-01 15:35:49,15:36:22,5,3,33,0,35,935,2,4.0,11.72,6.333333333333333,4.0,10.64516129032258,0.7515151515151516
1,0.0,1.54,1900-01-01 15:36:47,15:37:20,2,3,33,1,20,936,2,8.0,15.77,4.333333333333333,-7.0,33.0,0.030303030303030304
6,2.62,16.98,1900-01-01 15:36:58,15:37:31,3,3,33,0,35,936,2,1.0,1.54,5.0,5.0,12.595419847328245,0.4763636363636364
12,2.37,31.72,1900-01-01 15:37:07,15:37:40,4,3,33,0,35,937,2,6.0,16.98,6.333333333333333,6.0,13.924050632911392,0.8618181818181818
5,3.35,12.25,1900-01-01 15:38:10,15:38:43,1,3,33,1,20,938,2,12.0,31.72,7.666666666666667,-7.0,9.850746268656716,0.5075757575757576
15,2.23,18.73,1900-01-01 15:38:21,15:38:54,5,3,33,0,35,938,2,5.0,12.25,10.666666666666666,10.0,14.798206278026907,1.0136363636363637
10,1.69,15.59,1900-01-01 15:39:19,15:39:52,2,3,33,0,35,939,2,15.0,18.73,10.0,-5.0,19.526627218934912,0.5121212121212121
6,3.5,14.91,1900-01-01 15:39:30,15:40:03,3,3,33,0,35,939,2,10.0,15.59,10.333333333333334,-4.0,9.428571428571429,0.6363636363636364
5,4.77,11.15,1900-01-01 15:39:39,15:40:12,4,3,33,1,26,939,2,6.0,14.91,7.0,-1.0,6.918238993710692,0.7227272727272727
5,2.12,13.21,1900-01-01 15:40:42,15:41:15,1,3,33,1,20,940,2,5.0,11.15,5.333333333333333,0.0,15.566037735849056,0.3212121212121212
6,3.63,9.66,1900-01-01 15:40:53,15:41:26,5,3,33,1,20,940,2,5.0,13.21,5.333333333333333,1.0,9.090909090909092,0.6599999999999999
2,2.58,4.14,1900-01-01 15:41:51,15:42:24,2,3,33,1,20,941,2,6.0,9.66,4.333333333333333,-4.0,12.790697674418604,0.15636363636363637
4,5.23,9.5,1900-01-01 15:42:02,15:42:35,3,3,33,1,20,942,2,2.0,4.14,4.0,2.0,6.309751434034417,0.6339393939393939
11,2.72,29.52,1900-01-01 15:42:11,15:42:44,4,3,33,0,35,942,2,4.0,9.5,5.666666666666667,7.0,12.13235294117647,0.9066666666666667
6,3.16,14.27,1900-01-01 15:43:14,15:43:47,1,3,33,0,35,943,2,11.0,29.52,7.0,-5.0,10.443037974683543,0.5745454545454546
5,2.31,14.45,1900-01-01 15:43:25,15:43:58,5,3,33,1,20,943,2,6.0,14.27,7.333333333333333,-1.0,14.285714285714285,0.35000000000000003
10,1.97,18.24,1900-01-01 15:44:23,15:44:56,2,3,33,0,35,944,2,5.0,14.45,7.0,5.0,16.751269035532996,0.5969696969696969
6,2.31,17.02,1900-01-01 15:44:34,15:45:07,3,3,33,0,35,944,2,10.0,18.24,7.0,-4.0,14.285714285714285,0.42000000000000004
9,1.7,16.18,1900-01-01 15:44:43,15:45:16,4,3,33,0,35,944,2,6.0,17.02,8.333333333333334,3.0,19.411764705882355,0.46363636363636357
2,3.82,5.19,1900-01-01 15:45:46,15:46:19,1,3,33,1,20,945,2,9.0,16.18,5.666666666666667,-7.0,8.638743455497382,0.23151515151515153
5,2.7,15.09,1900-01-01 15:45:57,15:46:30,5,3,33,1,20,945,2,2.0,5.19,5.333333333333333,3.0,12.222222222222221,0.4090909090909091
2,2.58,5.87,1900-01-01 15:46:55,15:47:28,2,3,33,1,20,946,2,5.0,15.09,3.0,-3.0,12.790697674418604,0.15636363636363637
6,2.74,16.6,1900-01-01 15:47:06,15:47:39,3,3,33,0,35,947,2,2.0,5.87,4.333333333333333,4.0,12.043795620437955,0.4981818181818182
7,2.35,9.65,1900-01-01 15:47:15,15:47:48,4,3,33,1,20,947,2,6.0,16.6,5.0,1.0,14.042553191489361,0.49848484848484853
4,3.65,11.22,1900-01-01 15:48:18,15:48:51,1,3,33,1,20,948,2,7.0,9.65,5.666666666666667,-3.0,9.04109589041096,0.4424242424242424
3,5.05,7.04,1900-01-01 15:48:29,15:49:02,5,3,33,1,20,948,2,4.0,11.22,4.666666666666667,-1.0,6.534653465346535,0.45909090909090905
6,4.67,15.3,1900-01-01 15:49:27,15:50:00,2,3,33,0,35,949,2,3.0,7.04,4.333333333333333,3.0,7.0663811563169165,0.8490909090909091
6,2.49,14.64,1900-01-01 15:49:38,15:50:11,3,3,33,0,35,949,2,6.0,15.3,5.0,0.0,13.25301204819277,0.45272727272727276
4,2.94,8.09,1900-01-01 15:49:47,15:50:20,4,3,33,1,20,949,2,6.0,14.64,5.333333333333333,-2.0,11.224489795918368,0.3563636363636363
5,3.3,12.31,1900-01-01 15:50:50,15:51:23,1,3,33,1,20,950,2,4.0,8.09,5.0,1.0,10.0,0.5
3,5.33,8.13,1900-01-01 15:51:01,15:51:34,5,3,33,1,20,951,2,5.0,12.31,4.0,-2.0,6.191369606003752,0.48454545454545456
6,4.8,10.05,1900-01-01 15:51:59,15:52:32,2,3,33,1,20,951,2,3.0,8.13,4.666666666666667,3.0,6.875,0.8727272727272727
3,5.01,7.15,1900-01-01 15:52:10,15:52:43,3,3,33,1,20,952,2,6.0,10.05,4.0,-3.0,6.586826347305389,0.45545454545454545
3,4.7,8.73,1900-01-01 15:52:19,15:52:52,4,3,33,1,20,952,2,3.0,7.15,4.0,0.0,7.0212765957446805,0.4272727272727273
9,2.33,24.71,1900-01-01 15:53:22,15:53:55,1,3,33,0,35,953,2,3.0,8.73,5.0,6.0,14.163090128755364,0.6354545454545455
4,3.53,10.96,1900-01-01 15:53:33,15:54:06,5,3,33,1,20,953,2,9.0,24.71,5.333333333333333,-5.0,9.34844192634561,0.42787878787878786
14,1.94,23.43,1900-01-01 15:54:31,15:55:04,2,3,33,0,35,954,2,4.0,10.96,9.0,10.0,17.010309278350515,0.823030303030303
3,4.14,9.18,1900-01-01 15:54:42,15:55:15,3,3,33,1,20,954,2,14.0,23.43,7.0,-11.0,7.971014492753624,0.37636363636363634
5,3.41,12.06,1900-01-01 15:54:51,15:55:24,4,3,33,1,20,954,2,3.0,9.18,7.333333333333333,2.0,9.67741935483871,0.5166666666666666
3,3.53,8.55,1900-01-01 15:55:54,15:56:27,1,3,33,1,20,955,2,5.0,12.06,3.6666666666666665,-2.0,9.34844192634561,0.3209090909090909
4,3.72,11.61,1900-01-01 15:56:05,15:56:38,5,3,33,1,20,956,2,3.0,8.55,4.0,1.0,8.870967741935484,0.4509090909090909
6,2.96,15.6,1900-01-01 15:57:03,15:57:36,2,3,33,0,35,957,2,4.0,11.61,4.333333333333333,2.0,11.14864864864865,0.5381818181818182
6,2.92,17.17,1900-01-01 15:57:14,15:57:47,3,3,33,0,35,957,2,6.0,15.6,5.333333333333333,0.0,11.301369863013699,0.5309090909090909
4,3.94,9.59,1900-01-01 15:57:23,15:57:56,4,3,33,1,20,957,2,6.0,17.17,5.333333333333333,-2.0,8.375634517766498,0.47757575757575754
2,4.11,6.03,1900-01-01 15:58:26,15:58:59,1,3,33,1,20,958,2,4.0,9.59,4.0,-2.0,8.02919708029197,0.2490909090909091
3,5.08,8.54,1900-01-01 15:58:37,15:59:10,5,3,33,1,20,958,2,2.0,6.03,3.0,1.0,6.496062992125984,0.4618181818181818
4,3.69,10.82,1900-01-01 15:59:35,16:00:08,2,3,33,1,20,959,2,3.0,8.54,3.0,1.0,8.94308943089431,0.44727272727272727
4,4.95,11.63,1900-01-01 15:59:46,16:00:19,3,3,33,1,20,959,2,4.0,10.82,3.6666666666666665,0.0,6.666666666666666,0.6000000000000001
2,4.76,5.83,1900-01-01 15:59:55,16:00:28,4,3,33,1,20,959,2,4.0,11.63,3.3333333333333335,-2.0,6.932773109243698,0.28848484848484846
6,2.89,14.57,1900-01-01 07:58:53,07:59:26,2,4,33,0,35,478,1,0.0,0.0,6.0,0.0,11.418685121107266,0.5254545454545455
2,2.38,4.28,1900-01-01 07:59:04,07:59:37,3,4,33,1,20,479,1,6.0,14.57,4.0,-4.0,13.865546218487395,0.14424242424242423
7,4.02,17.87,1900-01-01 07:59:13,07:59:46,4,4,33,0,35,479,1,2.0,4.28,5.0,5.0,8.208955223880597,0.8527272727272727
7,1.21,18.81,1900-01-01 08:00:16,08:00:49,1,4,33,0,35,480,1,7.0,17.87,5.333333333333333,0.0,27.272727272727273,0.25666666666666665
3,1.58,6.94,1900-01-01 08:00:27,08:01:00,5,4,33,1,20,480,1,7.0,18.81,5.666666666666667,-4.0,20.886075949367086,0.14363636363636365
4,3.49,9.89,1900-01-01 08:01:25,08:01:58,2,4,33,1,20,481,1,3.0,6.94,4.666666666666667,1.0,9.455587392550143,0.42303030303030303
2,4.08,5.57,1900-01-01 08:01:36,08:02:09,3,4,33,1,20,481,1,4.0,9.89,3.0,-2.0,8.088235294117647,0.24727272727272728
9,3.81,23.21,1900-01-01 08:01:45,08:02:18,4,4,33,0,35,481,1,2.0,5.57,5.0,7.0,8.661417322834646,1.039090909090909
4,2.64,11.38,1900-01-01 08:02:48,08:03:21,1,4,33,1,20,482,1,9.0,23.21,5.0,-5.0,12.5,0.32
9,2.68,14.8,1900-01-01 08:02:59,08:03:32,5,4,33,0,35,482,1,4.0,11.38,7.333333333333333,5.0,12.313432835820894,0.730909090909091
4,3.74,10.49,1900-01-01 08:03:57,08:04:30,2,4,33,1,20,483,1,9.0,14.8,5.666666666666667,-5.0,8.823529411764705,0.45333333333333337
5,3.14,13.31,1900-01-01 08:04:08,08:04:41,3,4,33,1,20,484,1,4.0,10.49,6.0,1.0,10.509554140127388,0.47575757575757577
7,2.1,16.15,1900-01-01 08:04:17,08:04:50,4,4,33,0,35,484,1,5.0,13.31,5.333333333333333,2.0,15.714285714285714,0.4454545454545455
8,1.35,19.63,1900-01-01 08:05:20,08:05:53,1,4,33,0,35,485,1,7.0,16.15,6.666666666666667,1.0,24.444444444444443,0.32727272727272727
4,3.08,8.06,1900-01-01 08:05:31,08:06:04,5,4,33,1,20,485,1,8.0,19.63,6.333333333333333,-4.0,10.714285714285714,0.37333333333333335
6,3.17,16.35,1900-01-01 08:06:29,08:07:02,2,4,33,0,35,486,1,4.0,8.06,6.0,2.0,10.410094637223976,0.5763636363636363
2,1.44,4.94,1900-01-01 08:06:40,08:07:13,3,4,33,1,20,486,1,6.0,16.35,4.0,-4.0,22.916666666666668,0.08727272727272727
9,2.93,22.61,1900-01-01 08:06:49,08:07:22,4,4,33,0,35,486,1,2.0,4.94,5.666666666666667,7.0,11.262798634812286,0.7990909090909091
4,1.42,11.01,1900-01-01 08:07:52,08:08:25,1,4,33,1,20,487,1,9.0,22.61,5.0,-5.0,23.23943661971831,0.17212121212121212
6,1.52,8.14,1900-01-01 08:08:03,08:08:36,5,4,33,1,20,488,1,4.0,11.01,6.333333333333333,2.0,21.710526315789473,0.27636363636363637
3,3.36,8.33,1900-01-01 08:09:01,08:09:34,2,4,33,1,20,489,1,6.0,8.14,4.333333333333333,-3.0,9.821428571428571,0.3054545454545455
7,2.94,19.52,1900-01-01 08:09:12,08:09:45,3,4,33,0,35,489,1,3.0,8.33,5.333333333333333,4.0,11.224489795918368,0.6236363636363637
4,3.26,9.84,1900-01-01 08:09:21,08:09:54,4,4,33,1,20,489,1,7.0,19.52,4.666666666666667,-3.0,10.122699386503069,0.3951515151515151
2,1.24,4.15,1900-01-01 08:10:24,08:10:57,1,4,33,1,20,490,1,4.0,9.84,4.333333333333333,-2.0,26.612903225806452,0.07515151515151515
12,2.53,17.82,1900-01-01 08:10:35,08:11:08,5,4,33,0,35,490,1,2.0,4.15,6.0,10.0,13.043478260869566,0.9199999999999999
3,1.83,6.23,1900-01-01 08:11:33,08:12:06,2,4,33,1,20,491,1,12.0,17.82,5.666666666666667,-9.0,18.0327868852459,0.16636363636363638
5,2.12,8.71,1900-01-01 08:11:44,08:12:17,3,4,33,1,20,491,1,3.0,6.23,6.666666666666667,2.0,15.566037735849056,0.3212121212121212
4,1.17,11.02,1900-01-01 08:11:53,08:12:26,4,4,33,1,20,491,1,5.0,8.71,4.0,-1.0,28.205128205128208,0.14181818181818182
6,1.97,15.8,1900-01-01 08:12:56,08:13:29,1,4,33,0,35,492,1,4.0,11.02,5.0,2.0,16.751269035532996,0.35818181818181816
7,1.62,15.8,1900-01-01 08:13:07,08:13:40,5,4,33,0,35,493,1,6.0,15.8,5.666666666666667,1.0,20.37037037037037,0.34363636363636363
10,1.85,17.53,1900-01-01 08:14:05,08:14:38,2,4,33,0,35,494,1,7.0,15.8,7.666666666666667,3.0,17.83783783783784,0.5606060606060606
6,1.55,8.32,1900-01-01 08:14:16,08:14:49,3,4,33,1,20,494,1,10.0,17.53,7.666666666666667,-4.0,21.29032258064516,0.28181818181818186
12,1.15,18.63,1900-01-01 08:14:25,08:14:58,4,4,33,0,35,494,1,6.0,8.32,9.333333333333334,6.0,28.695652173913047,0.41818181818181815
7,1.13,17.38,1900-01-01 08:15:28,08:16:01,1,4,33,0,35,495,1,12.0,18.63,8.333333333333334,-5.0,29.203539823008853,0.23969696969696966
7,2.44,9.7,1900-01-01 08:15:39,08:16:12,5,4,33,1,20,495,1,7.0,17.38,8.666666666666666,0.0,13.524590163934427,0.5175757575757576
7,2.39,11.11,1900-01-01 08:16:37,08:17:10,2,4,33,1,22,496,1,7.0,9.7,7.0,0.0,13.807531380753137,0.5069696969696971
13,2.2,25.76,1900-01-01 08:16:48,08:17:21,3,4,33,0,35,496,1,7.0,11.11,9.0,6.0,14.999999999999998,0.8666666666666668
4,2.86,9.42,1900-01-01 08:16:57,08:17:30,4,4,33,1,20,496,1,13.0,25.76,8.0,-9.0,11.538461538461538,0.3466666666666667
7,3.81,18.63,1900-01-01 08:18:00,08:18:33,1,4,33,0,35,498,1,4.0,9.42,8.0,3.0,8.661417322834646,0.8081818181818181
7,1.72,7.13,1900-01-01 08:18:11,08:18:44,5,4,33,1,20,498,1,7.0,18.63,6.0,0.0,19.186046511627907,0.36484848484848487
5,2.4,9.68,1900-01-01 08:19:09,08:19:42,2,4,33,1,22,499,1,7.0,7.13,6.333333333333333,-2.0,13.75,0.36363636363636365
9,1.9,18.19,1900-01-01 08:19:20,08:19:53,3,4,33,0,35,499,1,5.0,9.68,7.0,4.0,17.36842105263158,0.5181818181818182
8,3.07,17.08,1900-01-01 08:19:29,08:20:02,4,4,33,0,35,499,1,9.0,18.19,7.333333333333333,-1.0,10.749185667752444,0.7442424242424241
6,1.12,16.95,1900-01-01 08:20:32,08:21:05,1,4,33,0,35,500,1,8.0,17.08,7.666666666666667,-2.0,29.46428571428571,0.20363636363636364
4,2.33,3.98,1900-01-01 08:20:43,08:21:16,5,4,33,1,20,500,1,6.0,16.95,6.0,-2.0,14.163090128755364,0.2824242424242424
8,1.94,13.4,1900-01-01 08:21:41,08:22:14,2,4,33,0,35,501,1,4.0,3.98,6.0,4.0,17.010309278350515,0.4703030303030303
3,5.17,2.9,1900-01-01 08:21:52,08:22:25,3,4,33,1,20,501,1,8.0,13.4,5.0,-5.0,6.382978723404255,0.47000000000000003
4,2.94,9.21,1900-01-01 08:22:01,08:22:34,4,4,33,1,20,502,1,3.0,2.9,5.0,1.0,11.224489795918368,0.3563636363636363
9,3.92,22.47,1900-01-01 08:23:04,08:23:37,1,4,33,0,35,503,1,4.0,9.21,5.333333333333333,5.0,8.418367346938776,1.069090909090909
7,1.74,8.77,1900-01-01 08:23:15,08:23:48,5,4,33,1,20,503,1,9.0,22.47,6.666666666666667,-2.0,18.96551724137931,0.3690909090909091
5,2.1,9.94,1900-01-01 08:24:13,08:24:46,2,4,33,1,22,504,1,7.0,8.77,7.0,-2.0,15.714285714285714,0.3181818181818182
8,2.73,12.64,1900-01-01 08:24:24,08:24:57,3,4,33,0,35,504,1,5.0,9.94,6.666666666666667,3.0,12.087912087912088,0.6618181818181819
3,4.88,2.38,1900-01-01 08:24:33,08:25:06,4,4,33,1,20,504,1,8.0,12.64,5.333333333333333,-5.0,6.762295081967213,0.4436363636363636
4,1.74,11.11,1900-01-01 08:25:36,08:26:09,1,4,33,1,20,505,1,3.0,2.38,5.0,1.0,18.96551724137931,0.2109090909090909
7,1.9,10.8,1900-01-01 08:25:47,08:26:20,5,4,33,1,20,505,1,4.0,11.11,4.666666666666667,3.0,17.36842105263158,0.403030303030303
6,5.35,8.0,1900-01-01 08:26:45,08:27:18,2,4,33,1,22,506,1,7.0,10.8,5.666666666666667,-1.0,6.168224299065421,0.9727272727272727
3,14.58,2.91,1900-01-01 08:26:56,08:27:29,3,4,33,2,40,506,1,6.0,8.0,5.333333333333333,-3.0,2.263374485596708,1.3254545454545454
4,6.64,5.46,1900-01-01 08:27:05,08:27:38,4,4,33,1,20,507,1,3.0,2.91,4.333333333333333,1.0,4.96987951807229,0.8048484848484848
3,1.16,9.12,1900-01-01 08:28:08,08:28:41,1,4,33,1,20,508,1,4.0,5.46,3.3333333333333335,-1.0,28.448275862068968,0.10545454545454544
6,4.98,9.53,1900-01-01 08:28:19,08:28:52,5,4,33,1,20,508,1,3.0,9.12,4.333333333333333,3.0,6.626506024096385,0.9054545454545455
6,5.65,11.94,1900-01-01 08:29:17,08:29:50,2,4,33,1,22,509,1,6.0,9.53,5.0,0.0,5.840707964601769,1.0272727272727273
3,2.58,8.54,1900-01-01 08:29:28,08:30:01,3,4,33,1,20,509,1,6.0,11.94,5.0,-3.0,12.790697674418604,0.23454545454545456
4,2.94,9.22,1900-01-01 08:29:37,08:30:10,4,4,33,1,20,509,1,3.0,8.54,4.333333333333333,1.0,11.224489795918368,0.3563636363636363
5,1.91,11.59,1900-01-01 08:30:40,08:31:13,1,4,33,1,20,510,1,4.0,9.22,4.0,1.0,17.277486910994764,0.2893939393939394
4,8.08,3.5,1900-01-01 08:30:51,08:31:24,5,4,33,2,32,510,1,5.0,11.59,4.333333333333333,-1.0,4.084158415841584,0.9793939393939395
4,5.08,6.79,1900-01-01 08:31:49,08:32:22,2,4,33,1,20,511,1,4.0,3.5,4.333333333333333,0.0,6.496062992125984,0.6157575757575757
10,2.94,14.32,1900-01-01 08:32:00,08:32:33,3,4,33,0,35,512,1,4.0,6.79,6.0,6.0,11.224489795918368,0.8909090909090909
1,0.0,2.94,1900-01-01 08:32:09,08:32:42,4,4,33,1,20,512,1,10.0,14.32,5.0,-9.0,33.0,0.030303030303030304
6,1.75,14.81,1900-01-01 08:33:12,08:33:45,1,4,33,0,35,513,1,1.0,2.94,5.666666666666667,5.0,18.857142857142858,0.3181818181818182
7,4.44,10.01,1900-01-01 08:33:23,08:33:56,5,4,33,1,24,513,1,6.0,14.81,4.666666666666667,1.0,7.432432432432432,0.9418181818181819
11,1.68,16.43,1900-01-01 08:34:21,08:34:54,2,4,33,0,35,514,1,7.0,10.01,8.0,4.0,19.642857142857142,0.56
4,3.61,13.21,1900-01-01 08:34:32,08:35:05,3,4,33,1,20,514,1,11.0,16.43,7.333333333333333,-7.0,9.141274238227147,0.43757575757575756
5,2.92,16.33,1900-01-01 08:34:41,08:35:14,4,4,33,0,35,514,1,4.0,13.21,6.666666666666667,1.0,11.301369863013699,0.4424242424242424
5,3.1,15.92,1900-01-01 08:35:44,08:36:17,1,4,33,0,35,515,1,5.0,16.33,4.666666666666667,0.0,10.64516129032258,0.4696969696969697
6,2.42,8.82,1900-01-01 08:35:55,08:36:28,5,4,33,1,24,515,1,5.0,15.92,5.333333333333333,1.0,13.636363636363637,0.44
2,3.42,3.93,1900-01-01 08:36:53,08:37:26,2,4,33,1,20,516,1,6.0,8.82,4.333333333333333,-4.0,9.649122807017545,0.20727272727272725
6,2.27,10.37,1900-01-01 08:37:04,08:37:37,3,4,33,1,20,517,1,2.0,3.93,4.666666666666667,4.0,14.537444933920705,0.4127272727272727
4,3.36,6.3,1900-01-01 08:37:13,08:37:46,4,4,33,1,20,517,1,6.0,10.37,4.0,-2.0,9.821428571428571,0.4072727272727273
2,4.08,17.59,1900-01-01 08:38:16,08:38:49,1,4,33,1,20,518,1,4.0,6.3,4.0,-2.0,8.088235294117647,0.24727272727272728
10,2.22,12.22,1900-01-01 08:38:27,08:39:00,5,4,33,0,35,518,1,2.0,17.59,5.333333333333333,8.0,14.864864864864863,0.6727272727272728
4,2.58,14.83,1900-01-01 08:39:25,08:39:58,2,4,33,1,20,519,1,10.0,12.22,5.333333333333333,-6.0,12.790697674418604,0.31272727272727274
2,1.25,3.07,1900-01-01 08:39:36,08:40:09,3,4,33,1,20,519,1,4.0,14.83,5.333333333333333,-2.0,26.4,0.07575757575757576
1,0.0,2.25,1900-01-01 08:39:45,08:40:18,4,4,33,1,20,519,1,2.0,3.07,2.3333333333333335,-1.0,33.0,0.030303030303030304
5,1.77,30.66,1900-01-01 08:40:48,08:41:21,1,4,33,0,35,520,1,1.0,2.25,2.6666666666666665,4.0,18.64406779661017,0.2681818181818182
10,1.7,14.22,1900-01-01 08:40:59,08:41:32,5,4,33,0,35,520,1,5.0,30.66,5.333333333333333,5.0,19.411764705882355,0.5151515151515151
5,1.88,7.12,1900-01-01 08:41:57,08:42:30,2,4,33,1,20,521,1,10.0,14.22,6.666666666666667,-5.0,17.5531914893617,0.28484848484848485
2,3.0,4.38,1900-01-01 08:42:08,08:42:41,3,4,33,1,20,522,1,5.0,7.12,5.666666666666667,-3.0,11.0,0.18181818181818182
5,2.85,9.71,1900-01-01 08:42:17,08:42:50,4,4,33,1,20,522,1,2.0,4.38,4.0,3.0,11.578947368421053,0.4318181818181818
6,3.02,11.3,1900-01-01 08:43:20,08:43:53,1,4,33,1,20,523,1,5.0,9.71,4.333333333333333,1.0,10.927152317880795,0.5490909090909091
13,1.4,22.61,1900-01-01 08:43:31,08:44:04,5,4,33,0,35,523,1,6.0,11.3,8.0,7.0,23.571428571428573,0.5515151515151515
6,1.48,11.07,1900-01-01 08:44:29,08:45:02,2,4,33,1,20,524,1,13.0,22.61,8.333333333333334,-7.0,22.2972972972973,0.2690909090909091
7,4.86,10.87,1900-01-01 08:44:40,08:45:13,3,4,33,1,20,524,1,6.0,11.07,8.666666666666666,1.0,6.790123456790123,1.030909090909091
2,0.83,2.01,1900-01-01 08:44:49,08:45:22,4,4,33,1,20,524,1,7.0,10.87,5.0,-5.0,39.75903614457832,0.0503030303030303
4,1.75,11.26,1900-01-01 08:45:52,08:46:25,1,4,33,1,20,525,1,2.0,2.01,4.333333333333333,2.0,18.857142857142858,0.21212121212121213
3,1.0,3.81,1900-01-01 08:46:03,08:46:36,5,4,33,1,20,526,1,4.0,11.26,3.0,-1.0,33.0,0.09090909090909091
7,3.32,22.28,1900-01-01 08:47:01,08:47:34,2,4,33,0,35,527,1,3.0,3.81,4.666666666666667,4.0,9.93975903614458,0.7042424242424241
11,2.23,21.22,1900-01-01 08:47:12,08:47:45,3,4,33,0,35,527,1,7.0,22.28,7.0,4.0,14.798206278026907,0.7433333333333333
9,1.93,14.53,1900-01-01 08:47:21,08:47:54,4,4,33,0,35,527,1,11.0,21.22,9.0,-2.0,17.098445595854923,0.5263636363636364
3,3.5,6.33,1900-01-01 08:48:24,08:48:57,1,4,33,1,20,528,1,9.0,14.53,7.666666666666667,-6.0,9.428571428571429,0.3181818181818182
9,1.8,10.12,1900-01-01 08:48:35,08:49:08,5,4,33,0,35,528,1,3.0,6.33,7.0,6.0,18.333333333333332,0.49090909090909096
3,2.08,5.51,1900-01-01 08:49:33,08:50:06,2,4,33,1,20,529,1,9.0,10.12,5.0,-6.0,15.865384615384615,0.1890909090909091
7,1.67,13.24,1900-01-01 08:49:44,08:50:17,3,4,33,0,35,529,1,3.0,5.51,6.333333333333333,4.0,19.76047904191617,0.3542424242424242
9,1.95,20.63,1900-01-01 08:49:53,08:50:26,4,4,33,0,35,529,1,7.0,13.24,6.333333333333333,2.0,16.923076923076923,0.5318181818181819
5,1.42,14.12,1900-01-01 08:50:56,08:51:29,1,4,33,1,20,530,1,9.0,20.63,7.0,-4.0,23.23943661971831,0.21515151515151512
8,2.08,15.59,1900-01-01 08:51:07,08:51:40,5,4,33,0,35,531,1,5.0,14.12,7.333333333333333,3.0,15.865384615384615,0.5042424242424243
12,1.62,20.41,1900-01-01 08:52:05,08:52:38,2,4,33,0,35,532,1,8.0,15.59,8.333333333333334,4.0,20.37037037037037,0.5890909090909091
6,1.52,10.53,1900-01-01 08:52:16,08:52:49,3,4,33,1,20,532,1,12.0,20.41,8.666666666666666,-6.0,21.710526315789473,0.27636363636363637
2,2.75,2.19,1900-01-01 08:52:25,08:52:58,4,4,33,1,20,532,1,6.0,10.53,6.666666666666667,-4.0,12.0,0.16666666666666666
8,1.99,19.65,1900-01-01 08:53:28,08:54:01,1,4,33,0,35,533,1,2.0,2.19,5.333333333333333,6.0,16.582914572864322,0.4824242424242424
12,1.52,20.05,1900-01-01 08:53:39,08:54:12,5,4,33,0,35,533,1,8.0,19.65,7.333333333333333,4.0,21.710526315789473,0.5527272727272727
3,4.0,6.73,1900-01-01 08:54:37,08:55:10,2,4,33,1,20,534,1,12.0,20.05,7.666666666666667,-9.0,8.25,0.36363636363636365
6,1.32,8.12,1900-01-01 08:54:48,08:55:21,3,4,33,1,20,534,1,3.0,6.73,7.0,3.0,25.0,0.24
4,5.22,11.97,1900-01-01 08:54:57,08:55:30,4,4,33,1,20,534,1,6.0,8.12,4.333333333333333,-2.0,6.32183908045977,0.6327272727272727
6,1.93,13.49,1900-01-01 08:56:00,08:56:33,1,4,33,0,35,536,1,4.0,11.97,5.333333333333333,2.0,17.098445595854923,0.3509090909090909
4,5.92,7.82,1900-01-01 08:56:11,08:56:44,5,4,33,1,20,536,1,6.0,13.49,4.666666666666667,-2.0,5.574324324324325,0.7175757575757575
10,1.02,10.16,1900-01-01 08:57:09,08:57:42,2,4,33,0,35,537,1,4.0,7.82,6.666666666666667,6.0,32.35294117647059,0.3090909090909091
10,2.02,16.35,1900-01-01 08:57:20,08:57:53,3,4,33,0,35,537,1,10.0,10.16,8.0,0.0,16.336633663366335,0.6121212121212122
7,1.76,11.73,1900-01-01 08:57:29,08:58:02,4,4,33,0,35,537,1,10.0,16.35,9.0,-3.0,18.75,0.37333333333333335
2,3.42,6.42,1900-01-01 08:58:32,08:59:05,1,4,33,1,20,538,1,7.0,11.73,6.333333333333333,-5.0,9.649122807017545,0.20727272727272725
3,5.62,4.3,1900-01-01 08:58:43,08:59:16,5,4,33,1,20,538,1,2.0,6.42,4.0,1.0,5.871886120996441,0.5109090909090909
7,4.26,8.83,1900-01-01 08:59:41,09:00:14,2,4,33,1,20,539,1,3.0,4.3,4.0,4.0,7.746478873239437,0.9036363636363636
11,2.38,11.42,1900-01-01 08:59:52,09:00:25,3,4,33,0,35,539,1,7.0,8.83,7.0,4.0,13.865546218487395,0.7933333333333333
2,10.33,2.64,1900-01-01 09:00:01,09:00:34,4,4,33,2,23,540,1,11.0,11.42,6.666666666666667,-9.0,3.1945788964181996,0.626060606060606
9,2.4,23.74,1900-01-01 09:01:04,09:01:37,1,4,33,0,35,541,1,2.0,2.64,7.333333333333333,7.0,13.75,0.6545454545454545
3,12.08,5.71,1900-01-01 09:01:15,09:01:48,5,4,33,2,36,541,1,9.0,23.74,4.666666666666667,-6.0,2.7317880794701987,1.0981818181818181
5,6.42,10.39,1900-01-01 09:02:13,09:02:46,2,4,33,1,24,542,1,3.0,5.71,5.666666666666667,2.0,5.140186915887851,0.9727272727272727
3,5.58,6.99,1900-01-01 09:02:24,09:02:57,3,4,33,1,20,542,1,5.0,10.39,3.6666666666666665,-2.0,5.913978494623656,0.5072727272727273
5,1.6,7.58,1900-01-01 09:02:33,09:03:06,4,4,33,1,20,542,1,3.0,6.99,4.333333333333333,2.0,20.625,0.24242424242424243
4,2.19,13.17,1900-01-01 09:03:36,09:04:09,1,4,33,1,20,543,1,5.0,7.58,4.0,-1.0,15.068493150684931,0.26545454545454544
6,2.55,6.88,1900-01-01 09:03:47,09:04:20,5,4,33,1,20,543,1,4.0,13.17,5.0,2.0,12.941176470588236,0.4636363636363636
6,4.55,14.22,1900-01-01 09:04:45,09:05:18,2,4,33,0,35,544,1,6.0,6.88,5.333333333333333,0.0,7.252747252747253,0.8272727272727273
7,4.28,8.58,1900-01-01 09:04:56,09:05:29,3,4,33,1,20,544,1,6.0,14.22,6.333333333333333,1.0,7.710280373831775,0.907878787878788
3,8.62,5.02,1900-01-01 09:05:05,09:05:38,4,4,33,2,23,545,1,7.0,8.58,5.333333333333333,-4.0,3.8283062645011605,0.7836363636363636
7,5.1,17.24,1900-01-01 09:06:08,09:06:41,1,4,33,0,35,546,1,3.0,5.02,5.666666666666667,4.0,6.470588235294118,1.0818181818181818
6,3.23,7.01,1900-01-01 09:06:19,09:06:52,5,4,33,1,20,546,1,7.0,17.24,5.333333333333333,-1.0,10.21671826625387,0.5872727272727273
8,4.08,19.82,1900-01-01 09:07:17,09:07:50,2,4,33,0,35,547,1,6.0,7.01,7.0,2.0,8.088235294117647,0.9890909090909091
7,3.03,12.67,1900-01-01 09:07:28,09:08:01,3,4,33,0,35,547,1,8.0,19.82,7.0,-1.0,10.891089108910892,0.6427272727272727
7,2.62,27.37,1900-01-01 09:07:37,09:08:10,4,4,33,0,35,547,1,7.0,12.67,7.333333333333333,0.0,12.595419847328245,0.5557575757575758
2,2.83,5.57,1900-01-01 09:08:40,09:09:13,1,4,33,1,20,548,1,7.0,27.37,5.333333333333333,-5.0,11.66077738515901,0.17151515151515154
0,0.0,1.24,1900-01-01 09:08:51,09:09:24,5,4,33,1,20,548,1,2.0,5.57,3.0,-2.0,33.0,0.0
3,3.21,6.36,1900-01-01 09:09:49,09:10:22,2,4,33,1,24,549,1,0.0,1.24,1.6666666666666667,3.0,10.280373831775702,0.2918181818181818
4,1.56,5.88,1900-01-01 09:10:00,09:10:33,3,4,33,1,20,550,1,3.0,6.36,2.3333333333333335,1.0,21.153846153846153,0.1890909090909091
4,2.36,10.82,1900-01-01 09:10:09,09:10:42,4,4,33,1,20,550,1,4.0,5.88,3.6666666666666665,0.0,13.983050847457628,0.286060606060606
5,1.19,11.82,1900-01-01 09:11:12,09:11:45,1,4,33,1,20,551,1,4.0,10.82,4.333333333333333,1.0,27.73109243697479,0.1803030303030303
3,3.29,4.68,1900-01-01 09:11:23,09:11:56,5,4,33,1,20,551,1,5.0,11.82,4.0,-2.0,10.030395136778115,0.29909090909090913
7,2.6,11.21,1900-01-01 09:12:21,09:12:54,2,4,33,1,24,552,1,3.0,4.68,5.0,4.0,12.692307692307692,0.5515151515151515
7,2.25,17.59,1900-01-01 09:12:32,09:13:05,3,4,33,0,35,552,1,7.0,11.21,5.666666666666667,0.0,14.666666666666666,0.4772727272727273
4,2.56,6.86,1900-01-01 09:12:41,09:13:14,4,4,33,1,20,552,1,7.0,17.59,6.0,-3.0,12.890625,0.3103030303030303
7,2.18,15.08,1900-01-01 09:13:44,09:14:17,1,4,33,0,35,553,1,4.0,6.86,6.0,3.0,15.137614678899082,0.46242424242424246
5,2.58,7.94,1900-01-01 09:13:55,09:14:28,5,4,33,1,20,553,1,7.0,15.08,5.333333333333333,-2.0,12.790697674418604,0.39090909090909093
6,4.92,11.98,1900-01-01 09:14:53,09:15:26,2,4,33,1,24,554,1,5.0,7.94,6.0,1.0,6.7073170731707314,0.8945454545454545
9,1.72,22.25,1900-01-01 09:15:04,09:15:37,3,4,33,0,35,555,1,6.0,11.98,6.666666666666667,3.0,19.186046511627907,0.46909090909090906
3,1.46,4.21,1900-01-01 09:15:13,09:15:46,4,4,33,1,20,555,1,9.0,22.25,6.0,-6.0,22.602739726027398,0.13272727272727272
1,0.0,2.58,1900-01-01 09:16:16,09:16:49,1,4,33,1,20,556,1,3.0,4.21,4.333333333333333,-2.0,33.0,0.030303030303030304
5,2.79,8.05,1900-01-01 09:16:27,09:17:00,5,4,33,1,20,556,1,1.0,2.58,3.0,4.0,11.827956989247312,0.42272727272727273
6,2.28,15.29,1900-01-01 09:17:25,09:17:58,2,4,33,0,35,557,1,5.0,8.05,4.0,1.0,14.473684210526317,0.4145454545454545
13,1.53,18.46,1900-01-01 09:17:36,09:18:09,3,4,33,0,35,557,1,6.0,15.29,8.0,7.0,21.56862745098039,0.6027272727272728
3,1.92,5.74,1900-01-01 09:17:45,09:18:18,4,4,33,1,20,557,1,13.0,18.46,7.333333333333333,-10.0,17.1875,0.17454545454545456
6,2.15,11.75,1900-01-01 09:18:48,09:19:21,1,4,33,1,20,558,1,3.0,5.74,7.333333333333333,3.0,15.348837209302326,0.3909090909090909
8,2.21,13.38,1900-01-01 09:18:59,09:19:32,5,4,33,0,35,558,1,6.0,11.75,5.666666666666667,2.0,14.93212669683258,0.5357575757575758
11,1.52,19.65,1900-01-01 09:19:57,09:20:30,2,4,33,0,35,559,1,8.0,13.38,8.333333333333334,3.0,21.710526315789473,0.5066666666666667
6,1.38,13.66,1900-01-01 09:20:08,09:20:41,3,4,33,0,35,560,1,11.0,19.65,8.333333333333334,-5.0,23.91304347826087,0.2509090909090909
8,3.96,13.72,1900-01-01 09:20:17,09:20:50,4,4,33,0,35,560,1,6.0,13.66,8.333333333333334,2.0,8.333333333333334,0.96
7,1.53,12.57,1900-01-01 09:21:20,09:21:53,1,4,33,0,35,561,1,8.0,13.72,7.0,-1.0,21.56862745098039,0.3245454545454546
8,1.68,13.56,1900-01-01 09:21:31,09:22:04,5,4,33,0,35,561,1,7.0,12.57,7.666666666666667,1.0,19.642857142857142,0.4072727272727273
4,2.36,10.51,1900-01-01 09:22:29,09:23:02,2,4,33,1,20,562,1,8.0,13.56,6.333333333333333,-4.0,13.983050847457628,0.286060606060606
7,2.57,12.81,1900-01-01 09:22:40,09:23:13,3,4,33,0,35,562,1,4.0,10.51,6.333333333333333,3.0,12.84046692607004,0.5451515151515152
6,1.67,11.06,1900-01-01 09:22:49,09:23:22,4,4,33,1,20,562,1,7.0,12.81,5.666666666666667,-1.0,19.76047904191617,0.3036363636363636
7,1.82,16.26,1900-01-01 09:23:52,09:24:25,1,4,33,0,35,563,1,6.0,11.06,6.666666666666667,1.0,18.13186813186813,0.38606060606060605
3,3.5,5.25,1900-01-01 09:24:03,09:24:36,5,4,33,1,20,564,1,7.0,16.26,5.333333333333333,-4.0,9.428571428571429,0.3181818181818182
5,2.02,7.49,1900-01-01 09:25:01,09:25:34,2,4,33,1,20,565,1,3.0,5.25,5.0,2.0,16.336633663366335,0.3060606060606061
5,2.67,6.14,1900-01-01 09:25:12,09:25:45,3,4,33,1,20,565,1,5.0,7.49,4.333333333333333,0.0,12.359550561797754,0.40454545454545454
5,1.75,9.22,1900-01-01 09:25:21,09:25:54,4,4,33,1,20,565,1,5.0,6.14,5.0,0.0,18.857142857142858,0.26515151515151514
4,2.92,5.89,1900-01-01 09:26:24,09:26:57,1,4,33,1,20,566,1,5.0,9.22,4.666666666666667,-1.0,11.301369863013699,0.35393939393939394
8,1.51,9.56,1900-01-01 09:26:35,09:27:08,5,4,33,0,35,566,1,4.0,5.89,5.666666666666667,4.0,21.85430463576159,0.36606060606060603
8,2.24,21.94,1900-01-01 09:27:33,09:28:06,2,4,33,0,35,567,1,8.0,9.56,6.666666666666667,0.0,14.732142857142856,0.5430303030303031
10,1.66,14.36,1900-01-01 09:27:44,09:28:17,3,4,33,0,35,567,1,8.0,21.94,8.666666666666666,2.0,19.87951807228916,0.5030303030303029
9,2.19,21.06,1900-01-01 09:27:53,09:28:26,4,4,33,0,35,567,1,10.0,14.36,9.0,-1.0,15.068493150684931,0.5972727272727273
6,2.37,10.42,1900-01-01 09:28:56,09:29:29,1,4,33,1,20,568,1,9.0,21.06,8.333333333333334,-3.0,13.924050632911392,0.4309090909090909
9,3.34,16.94,1900-01-01 09:29:07,09:29:40,5,4,33,0,35,569,1,6.0,10.42,8.0,3.0,9.880239520958085,0.9109090909090908
10,1.55,15.08,1900-01-01 09:30:05,09:30:38,2,4,33,0,35,570,1,9.0,16.94,8.333333333333334,1.0,21.29032258064516,0.4696969696969697
5,1.98,6.92,1900-01-01 09:30:16,09:30:49,3,4,33,1,23,570,1,10.0,15.08,8.0,-5.0,16.666666666666668,0.3
6,3.5,13.66,1900-01-01 09:30:25,09:30:58,4,4,33,0,35,570,1,5.0,6.92,7.0,1.0,9.428571428571429,0.6363636363636364
6,1.27,7.92,1900-01-01 09:31:28,09:32:01,1,4,33,1,20,571,1,6.0,13.66,5.666666666666667,0.0,25.984251968503937,0.2309090909090909
6,4.52,9.35,1900-01-01 09:31:39,09:32:12,5,4,33,1,20,571,1,6.0,7.92,6.0,0.0,7.300884955752213,0.8218181818181817
5,1.88,6.33,1900-01-01 09:32:37,09:33:10,2,4,33,1,20,572,1,6.0,9.35,5.666666666666667,-1.0,17.5531914893617,0.28484848484848485
11,1.5,12.86,1900-01-01 09:32:48,09:33:21,3,4,33,0,35,572,1,5.0,6.33,7.333333333333333,6.0,22.0,0.5
2,14.58,2.27,1900-01-01 09:32:57,09:33:30,4,4,33,2,27,572,1,11.0,12.86,6.0,-9.0,2.263374485596708,0.8836363636363636
1,0.0,2.51,1900-01-01 09:34:00,09:34:33,1,4,33,1,20,574,1,2.0,2.27,4.666666666666667,-1.0,33.0,0.030303030303030304
10,2.74,13.1,1900-01-01 09:34:11,09:34:44,5,4,33,0,35,574,1,1.0,2.51,4.333333333333333,9.0,12.043795620437955,0.8303030303030304
13,1.58,25.3,1900-01-01 09:35:09,09:35:42,2,4,33,0,35,575,1,10.0,13.1,8.0,3.0,20.886075949367086,0.6224242424242425
7,3.64,7.07,1900-01-01 09:35:20,09:35:53,3,4,33,1,23,575,1,13.0,25.3,10.0,-6.0,9.065934065934066,0.7721212121212121
3,7.17,6.22,1900-01-01 09:35:29,09:36:02,4,4,33,2,27,575,1,7.0,7.07,7.666666666666667,-4.0,4.602510460251046,0.6518181818181819
4,2.61,5.8,1900-01-01 09:36:32,09:37:05,1,4,33,1,20,576,1,3.0,6.22,4.666666666666667,1.0,12.64367816091954,0.31636363636363635
9,3.45,12.09,1900-01-01 09:36:43,09:37:16,5,4,33,0,35,576,1,4.0,5.8,5.333333333333333,5.0,9.565217391304348,0.9409090909090909
8,3.05,12.34,1900-01-01 09:37:41,09:38:14,2,4,33,0,35,577,1,9.0,12.09,7.0,-1.0,10.819672131147541,0.7393939393939394
3,12.08,4.38,1900-01-01 09:37:52,09:38:25,3,4,33,2,36,577,1,8.0,12.34,6.666666666666667,-5.0,2.7317880794701987,1.0981818181818181
6,5.63,8.25,1900-01-01 09:38:01,09:38:34,4,4,33,1,27,578,1,3.0,4.38,5.666666666666667,3.0,5.86145648312611,1.0236363636363637
6,4.42,12.94,1900-01-01 09:39:04,09:39:37,1,4,33,1,20,579,1,6.0,8.25,5.0,0.0,7.46606334841629,0.8036363636363636
4,2.64,8.18,1900-01-01 09:39:15,09:39:48,5,4,33,1,20,579,1,6.0,12.94,5.333333333333333,-2.0,12.5,0.32
5,6.29,10.2,1900-01-01 09:40:13,09:40:46,2,4,33,1,20,580,1,4.0,8.18,5.0,1.0,5.246422893481717,0.953030303030303
6,4.98,9.29,1900-01-01 09:40:24,09:40:57,3,4,33,1,23,580,1,5.0,10.2,5.0,1.0,6.626506024096385,0.9054545454545455
4,2.89,9.08,1900-01-01 09:40:33,09:41:06,4,4,33,1,27,580,1,6.0,9.29,5.0,-2.0,11.418685121107266,0.3503030303030303
6,2.68,9.9,1900-01-01 09:41:36,09:42:09,1,4,33,1,20,581,1,4.0,9.08,5.333333333333333,2.0,12.313432835820894,0.48727272727272736
7,2.46,10.44,1900-01-01 09:41:47,09:42:20,5,4,33,1,20,581,1,6.0,9.9,5.666666666666667,1.0,13.414634146341463,0.5218181818181818
4,1.69,4.04,1900-01-01 09:42:45,09:43:18,2,4,33,1,20,582,1,7.0,10.44,5.666666666666667,-3.0,19.526627218934912,0.20484848484848484
9,3.4,16.29,1900-01-01 09:42:56,09:43:29,3,4,33,0,35,582,1,4.0,4.04,6.666666666666667,5.0,9.705882352941178,0.9272727272727271
6,5.43,11.36,1900-01-01 09:43:05,09:43:38,4,4,33,1,27,583,1,9.0,16.29,6.333333333333333,-3.0,6.077348066298343,0.9872727272727273
5,2.48,11.24,1900-01-01 09:44:08,09:44:41,1,4,33,1,20,584,1,6.0,11.36,6.666666666666667,-1.0,13.306451612903226,0.37575757575757573
6,2.92,6.99,1900-01-01 09:44:19,09:44:52,5,4,33,1,20,584,1,5.0,11.24,5.666666666666667,1.0,11.301369863013699,0.5309090909090909
3,1.38,7.0,1900-01-01 09:45:17,09:45:50,2,4,33,1,20,585,1,6.0,6.99,4.666666666666667,-3.0,23.91304347826087,0.12545454545454546
7,3.39,16.86,1900-01-01 09:45:28,09:46:01,3,4,33,0,35,585,1,3.0,7.0,5.333333333333333,4.0,9.734513274336283,0.7190909090909091
8,1.75,15.1,1900-01-01 09:45:37,09:46:10,4,4,33,0,35,585,1,7.0,16.86,6.0,1.0,18.857142857142858,0.42424242424242425
6,2.37,13.97,1900-01-01 09:46:40,09:47:13,1,4,33,0,35,586,1,8.0,15.1,7.0,-2.0,13.924050632911392,0.4309090909090909
9,1.7,12.22,1900-01-01 09:46:51,09:47:24,5,4,33,0,35,586,1,6.0,13.97,7.666666666666667,3.0,19.411764705882355,0.46363636363636357
12,1.92,20.9,1900-01-01 09:47:49,09:48:22,2,4,33,0,35,587,1,9.0,12.22,9.0,3.0,17.1875,0.6981818181818182
3,1.04,5.67,1900-01-01 09:48:00,09:48:33,3,4,33,1,20,588,1,12.0,20.9,8.0,-9.0,31.73076923076923,0.09454545454545454
9,2.02,21.1,1900-01-01 09:48:09,09:48:42,4,4,33,0,35,588,1,3.0,5.67,8.0,6.0,16.336633663366335,0.5509090909090909
5,3.0,12.02,1900-01-01 09:49:12,09:49:45,1,4,33,1,20,589,1,9.0,21.1,5.666666666666667,-4.0,11.0,0.45454545454545453
8,2.06,9.21,1900-01-01 09:49:23,09:49:56,5,4,33,0,35,589,1,5.0,12.02,7.333333333333333,3.0,16.019417475728154,0.49939393939393945
5,2.08,9.14,1900-01-01 09:50:21,09:50:54,2,4,33,1,20,590,1,8.0,9.21,6.0,-3.0,15.865384615384615,0.3151515151515152
6,2.12,13.48,1900-01-01 09:50:32,09:51:05,3,4,33,0,35,590,1,5.0,9.14,6.333333333333333,1.0,15.566037735849056,0.3854545454545455
7,1.67,14.15,1900-01-01 09:50:41,09:51:14,4,4,33,0,35,590,1,6.0,13.48,6.0,1.0,19.76047904191617,0.3542424242424242
5,2.04,14.09,1900-01-01 09:51:44,09:52:17,1,4,33,1,20,591,1,7.0,14.15,6.0,-2.0,16.176470588235293,0.3090909090909091
11,1.81,12.81,1900-01-01 09:51:55,09:52:28,5,4,33,0,35,591,1,5.0,14.09,7.666666666666667,6.0,18.23204419889503,0.6033333333333333
7,2.17,10.74,1900-01-01 09:52:53,09:53:26,2,4,33,1,20,592,1,11.0,12.81,7.666666666666667,-4.0,15.207373271889402,0.46030303030303027
8,1.85,13.81,1900-01-01 09:53:04,09:53:37,3,4,33,0,35,593,1,7.0,10.74,8.666666666666666,1.0,17.83783783783784,0.4484848484848485
11,1.65,21.83,1900-01-01 09:53:13,09:53:46,4,4,33,0,35,593,1,8.0,13.81,8.666666666666666,3.0,20.0,0.55
5,2.04,10.56,1900-01-01 09:54:16,09:54:49,1,4,33,1,20,594,1,11.0,21.83,8.0,-6.0,16.176470588235293,0.3090909090909091
12,1.69,14.67,1900-01-01 09:54:27,09:55:00,5,4,33,0,35,594,1,5.0,10.56,9.333333333333334,7.0,19.526627218934912,0.6145454545454545
10,3.07,16.43,1900-01-01 09:55:25,09:55:58,2,4,33,0,35,595,1,12.0,14.67,9.0,-2.0,10.749185667752444,0.9303030303030302
9,1.79,17.39,1900-01-01 09:55:36,09:56:09,3,4,33,0,35,595,1,10.0,16.43,10.333333333333334,-1.0,18.435754189944134,0.48818181818181816
6,3.15,10.9,1900-01-01 09:55:45,09:56:18,4,4,33,1,20,595,1,9.0,17.39,8.333333333333334,-3.0,10.476190476190476,0.5727272727272728
5,1.69,12.41,1900-01-01 09:56:48,09:57:21,1,4,33,1,20,596,1,6.0,10.9,6.666666666666667,-1.0,19.526627218934912,0.25606060606060604
8,1.23,12.3,1900-01-01 09:56:59,09:57:32,5,4,33,0,35,596,1,5.0,12.41,6.333333333333333,3.0,26.829268292682926,0.2981818181818182
9,1.83,22.97,1900-01-01 09:57:57,09:58:30,2,4,33,0,35,597,1,8.0,12.3,7.333333333333333,1.0,18.0327868852459,0.4990909090909091
8,2.39,12.27,1900-01-01 09:58:08,09:58:41,3,4,33,0,35,598,1,9.0,22.97,8.333333333333334,-1.0,13.807531380753137,0.5793939393939395
11,1.7,24.22,1900-01-01 09:58:17,09:58:50,4,4,33,0,35,598,1,8.0,12.27,9.333333333333334,3.0,19.411764705882355,0.5666666666666667
12,2.53,24.06,1900-01-01 09:59:20,09:59:53,1,4,33,0,35,599,1,11.0,24.22,10.333333333333334,1.0,13.043478260869566,0.9199999999999999
8,2.83,10.39,1900-01-01 09:59:31,10:00:04,5,4,33,0,35,599,1,12.0,24.06,10.333333333333334,-4.0,11.66077738515901,0.6860606060606061
6,2.45,11.68,1900-01-01 10:00:29,10:01:02,2,4,33,1,20,600,1,8.0,10.39,8.666666666666666,-2.0,13.46938775510204,0.44545454545454544
8,1.73,14.77,1900-01-01 10:00:40,10:01:13,3,4,33,0,35,600,1,6.0,11.68,7.333333333333333,2.0,19.07514450867052,0.41939393939393943
6,3.52,23.69,1900-01-01 10:00:49,10:01:22,4,4,33,0,35,600,1,8.0,14.77,6.666666666666667,-2.0,9.375,0.64
6,2.07,14.0,1900-01-01 10:01:52,10:02:25,1,4,33,0,35,601,1,6.0,23.69,6.666666666666667,0.0,15.942028985507248,0.37636363636363634
4,2.22,4.22,1900-01-01 10:02:03,10:02:36,5,4,33,1,20,602,1,6.0,14.0,5.333333333333333,-2.0,14.864864864864863,0.2690909090909091
8,1.81,18.04,1900-01-01 10:03:01,10:03:34,2,4,33,0,35,603,1,4.0,4.22,6.0,4.0,18.23204419889503,0.4387878787878788
2,3.25,2.4,1900-01-01 10:03:12,10:03:45,3,4,33,1,20,603,1,8.0,18.04,4.666666666666667,-6.0,10.153846153846153,0.196969696969697
12,1.61,18.83,1900-01-01 10:03:21,10:03:54,4,4,33,0,35,603,1,2.0,2.4,7.333333333333333,10.0,20.496894409937887,0.5854545454545454
6,1.3,18.51,1900-01-01 10:04:24,10:04:57,1,4,33,0,35,604,1,12.0,18.83,6.666666666666667,-6.0,25.384615384615383,0.2363636363636364
8,2.65,11.14,1900-01-01 10:04:35,10:05:08,5,4,33,0,35,604,1,6.0,18.51,8.666666666666666,2.0,12.452830188679245,0.6424242424242425
11,1.38,15.58,1900-01-01 10:05:33,10:06:06,2,4,33,0,35,605,1,8.0,11.14,8.333333333333334,3.0,23.91304347826087,0.45999999999999996
8,2.23,11.52,1900-01-01 10:05:44,10:06:17,3,4,33,0,35,605,1,11.0,15.58,9.0,-3.0,14.798206278026907,0.5406060606060605
6,2.22,11.05,1900-01-01 10:05:53,10:06:26,4,4,33,1,20,605,1,8.0,11.52,8.333333333333334,-2.0,14.864864864864863,0.4036363636363637
8,2.19,14.17,1900-01-01 10:06:56,10:07:29,1,4,33,0,35,606,1,6.0,11.05,7.333333333333333,2.0,15.068493150684931,0.5309090909090909
3,4.46,4.01,1900-01-01 10:07:07,10:07:40,5,4,33,1,20,607,1,8.0,14.17,5.666666666666667,-5.0,7.399103139013453,0.4054545454545454
9,1.96,18.28,1900-01-01 10:08:05,10:08:38,2,4,33,0,35,608,1,3.0,4.01,6.666666666666667,6.0,16.836734693877553,0.5345454545454545
6,3.65,16.48,1900-01-01 10:08:16,10:08:49,3,4,33,0,35,608,1,9.0,18.28,6.0,-3.0,9.04109589041096,0.6636363636363636
10,2.81,18.24,1900-01-01 10:08:25,10:08:58,4,4,33,0,35,608,1,6.0,16.48,8.333333333333334,4.0,11.743772241992882,0.8515151515151516
7,1.61,19.66,1900-01-01 10:09:28,10:10:01,1,4,33,0,35,609,1,10.0,18.24,7.666666666666667,-3.0,20.496894409937887,0.34151515151515155
4,8.61,7.57,1900-01-01 10:09:39,10:10:12,5,4,33,2,34,609,1,7.0,19.66,7.0,-3.0,3.832752613240418,1.0436363636363637
3,4.62,9.58,1900-01-01 10:10:37,10:11:10,2,4,33,1,20,610,1,4.0,7.57,4.666666666666667,-1.0,7.142857142857142,0.42000000000000004
8,3.68,14.41,1900-01-01 10:10:48,10:11:21,3,4,33,0,35,610,1,3.0,9.58,5.0,5.0,8.967391304347826,0.8921212121212121
7,3.67,12.5,1900-01-01 10:10:57,10:11:30,4,4,33,0,35,610,1,8.0,14.41,6.0,-1.0,8.991825613079019,0.7784848484848484
2,3.0,5.58,1900-01-01 10:12:00,10:12:33,1,4,33,1,20,612,1,7.0,12.5,5.666666666666667,-5.0,11.0,0.18181818181818182
1,0.0,3.69,1900-01-01 10:12:11,10:12:44,5,4,33,1,20,612,1,2.0,5.58,3.3333333333333335,-1.0,33.0,0.030303030303030304
3,4.96,7.86,1900-01-01 10:13:09,10:13:42,2,4,33,1,20,613,1,1.0,3.69,2.0,2.0,6.653225806451613,0.4509090909090909
5,6.44,10.02,1900-01-01 10:13:20,10:13:53,3,4,33,1,20,613,1,3.0,7.86,3.0,2.0,5.124223602484472,0.9757575757575758
4,1.92,12.68,1900-01-01 10:13:29,10:14:02,4,4,33,1,20,613,1,5.0,10.02,4.0,-1.0,17.1875,0.23272727272727273
8,3.82,13.6,1900-01-01 10:14:32,10:15:05,1,4,33,0,35,614,1,4.0,12.68,5.666666666666667,4.0,8.638743455497382,0.9260606060606061
5,1.73,8.67,1900-01-01 10:14:43,10:15:16,5,4,33,1,20,614,1,8.0,13.6,5.666666666666667,-3.0,19.07514450867052,0.26212121212121214
5,1.67,9.34,1900-01-01 10:15:41,10:16:14,2,4,33,1,20,615,1,5.0,8.67,6.0,0.0,19.76047904191617,0.253030303030303
3,12.33,3.06,1900-01-01 10:15:52,10:16:25,3,4,33,2,36,615,1,5.0,9.34,4.333333333333333,-2.0,2.67639902676399,1.120909090909091
5,3.44,8.7,1900-01-01 10:16:01,10:16:34,4,4,33,1,20,616,1,3.0,3.06,4.333333333333333,2.0,9.593023255813954,0.5212121212121212
3,2.12,11.63,1900-01-01 10:17:04,10:17:37,1,4,33,1,20,617,1,5.0,8.7,3.6666666666666665,-2.0,15.566037735849056,0.19272727272727275
4,2.47,6.58,1900-01-01 10:17:15,10:17:48,5,4,33,1,20,617,1,3.0,11.63,4.0,1.0,13.360323886639675,0.29939393939393943
4,1.31,5.87,1900-01-01 10:18:13,10:18:46,2,4,33,1,20,618,1,4.0,6.58,3.6666666666666665,0.0,25.19083969465649,0.15878787878787878
9,1.69,17.38,1900-01-01 10:18:24,10:18:57,3,4,33,0,35,618,1,4.0,5.87,5.666666666666667,5.0,19.526627218934912,0.4609090909090909
6,3.15,9.52,1900-01-01 10:18:33,10:19:06,4,4,33,1,20,618,1,9.0,17.38,6.333333333333333,-3.0,10.476190476190476,0.5727272727272728
7,5.22,14.62,1900-01-01 10:19:36,10:20:09,1,4,33,0,35,619,1,6.0,9.52,7.333333333333333,1.0,6.32183908045977,1.1072727272727272
6,1.6,4.02,1900-01-01 10:19:47,10:20:20,5,4,33,1,20,619,1,7.0,14.62,6.333333333333333,-1.0,20.625,0.2909090909090909
6,2.47,10.33,1900-01-01 10:20:45,10:21:18,2,4,33,1,20,620,1,6.0,4.02,6.333333333333333,0.0,13.360323886639675,0.44909090909090915
7,2.35,13.06,1900-01-01 10:20:56,10:21:29,3,4,33,0,35,620,1,6.0,10.33,6.333333333333333,1.0,14.042553191489361,0.49848484848484853
5,2.29,12.34,1900-01-01 10:21:05,10:21:38,4,4,33,1,20,621,1,7.0,13.06,6.0,-2.0,14.410480349344978,0.346969696969697
8,2.08,23.55,1900-01-01 10:22:08,10:22:41,1,4,33,0,35,622,1,5.0,12.34,6.666666666666667,3.0,15.865384615384615,0.5042424242424243
10,1.78,16.93,1900-01-01 10:22:19,10:22:52,5,4,33,0,35,622,1,8.0,23.55,7.666666666666667,2.0,18.53932584269663,0.5393939393939393
9,1.48,13.96,1900-01-01 10:23:17,10:23:50,2,4,33,0,35,623,1,10.0,16.93,9.0,-1.0,22.2972972972973,0.4036363636363636
9,1.98,16.49,1900-01-01 10:23:28,10:24:01,3,4,33,0,35,623,1,9.0,13.96,9.333333333333334,0.0,16.666666666666668,0.5399999999999999
8,2.08,29.01,1900-01-01 10:23:37,10:24:10,4,4,33,0,35,623,1,9.0,16.49,8.666666666666666,-1.0,15.865384615384615,0.5042424242424243
11,1.28,23.51,1900-01-01 10:24:40,10:25:13,1,4,33,0,35,624,1,8.0,29.01,9.333333333333334,3.0,25.78125,0.4266666666666667
6,3.52,7.07,1900-01-01 10:24:51,10:25:24,5,4,33,1,20,624,1,11.0,23.51,8.333333333333334,-5.0,9.375,0.64
21,1.15,24.82,1900-01-01 10:25:49,10:26:22,2,4,33,0,35,625,1,6.0,7.07,12.666666666666666,15.0,28.695652173913047,0.7318181818181817
4,2.22,11.75,1900-01-01 10:26:00,10:26:33,3,4,33,1,20,626,1,21.0,24.82,10.333333333333334,-17.0,14.864864864864863,0.2690909090909091
6,1.93,7.5,1900-01-01 10:26:09,10:26:42,4,4,33,1,20,626,1,4.0,11.75,10.333333333333334,2.0,17.098445595854923,0.3509090909090909
6,2.97,17.85,1900-01-01 10:27:12,10:27:45,1,4,33,0,35,627,1,6.0,7.5,5.333333333333333,0.0,11.11111111111111,0.54
9,1.76,16.54,1900-01-01 10:27:23,10:27:56,5,4,33,0,35,627,1,6.0,17.85,7.0,3.0,18.75,0.48
14,1.6,27.61,1900-01-01 10:28:21,10:28:54,2,4,33,0,35,628,1,9.0,16.54,9.666666666666666,5.0,20.625,0.6787878787878788
9,1.4,14.34,1900-01-01 10:28:32,10:29:05,3,4,33,0,35,628,1,14.0,27.61,10.666666666666666,-5.0,23.571428571428573,0.3818181818181818
4,1.5,4.87,1900-01-01 10:28:41,10:29:14,4,4,33,1,20,628,1,9.0,14.34,9.0,-5.0,22.0,0.18181818181818182
9,1.7,23.06,1900-01-01 10:29:44,10:30:17,1,4,33,0,35,629,1,4.0,4.87,7.333333333333333,5.0,19.411764705882355,0.46363636363636357
5,2.94,10.69,1900-01-01 10:29:55,10:30:28,5,4,33,1,20,629,1,9.0,23.06,6.0,-4.0,11.224489795918368,0.44545454545454544
9,2.5,20.79,1900-01-01 10:30:53,10:31:26,2,4,33,0,35,630,1,5.0,10.69,7.666666666666667,4.0,13.2,0.6818181818181819
5,1.83,7.6,1900-01-01 10:31:04,10:31:37,3,4,33,1,20,631,1,9.0,20.79,6.333333333333333,-4.0,18.0327868852459,0.2772727272727273
6,2.1,11.91,1900-01-01 10:31:13,10:31:46,4,4,33,1,20,631,1,5.0,7.6,6.666666666666667,1.0,15.714285714285714,0.38181818181818183
5,1.46,10.69,1900-01-01 10:32:16,10:32:49,1,4,33,1,20,632,1,6.0,11.91,5.333333333333333,-1.0,22.602739726027398,0.2212121212121212
10,2.07,11.76,1900-01-01 10:32:27,10:33:00,5,4,33,0,35,632,1,5.0,10.69,7.0,5.0,15.942028985507248,0.6272727272727272
13,1.15,24.6,1900-01-01 10:33:25,10:33:58,2,4,33,0,35,633,1,10.0,11.76,9.333333333333334,3.0,28.695652173913047,0.453030303030303
11,2.23,17.0,1900-01-01 10:33:36,10:34:09,3,4,33,0,35,633,1,13.0,24.6,11.333333333333334,-2.0,14.798206278026907,0.7433333333333333
4,3.53,11.49,1900-01-01 10:33:45,10:34:18,4,4,33,1,20,633,1,11.0,17.0,9.333333333333334,-7.0,9.34844192634561,0.42787878787878786
9,1.54,19.15,1900-01-01 10:34:48,10:35:21,1,4,33,0,35,634,1,4.0,11.49,8.0,5.0,21.428571428571427,0.42000000000000004
5,3.29,7.46,1900-01-01 10:34:59,10:35:32,5,4,33,1,23,634,1,9.0,19.15,6.0,-4.0,10.030395136778115,0.49848484848484853
10,1.73,15.74,1900-01-01 10:35:57,10:36:30,2,4,33,0,35,635,1,5.0,7.46,8.0,5.0,19.07514450867052,0.5242424242424243
6,3.22,18.14,1900-01-01 10:36:08,10:36:41,3,4,33,0,35,636,1,10.0,15.74,7.0,-4.0,10.248447204968944,0.5854545454545454
4,2.44,9.92,1900-01-01 10:36:17,10:36:50,4,4,33,1,20,636,1,6.0,18.14,6.666666666666667,-2.0,13.524590163934427,0.2957575757575757
5,2.44,7.37,1900-01-01 10:37:20,10:37:53,1,4,33,1,20,637,1,4.0,9.92,5.0,1.0,13.524590163934427,0.3696969696969697
7,2.32,8.25,1900-01-01 10:37:31,10:38:04,5,4,33,1,23,637,1,5.0,7.37,5.333333333333333,2.0,14.224137931034484,0.49212121212121207
7,2.36,15.58,1900-01-01 10:38:29,10:39:02,2,4,33,0,35,638,1,7.0,8.25,6.333333333333333,0.0,13.983050847457628,0.5006060606060606
8,1.82,12.37,1900-01-01 10:38:40,10:39:13,3,4,33,0,35,638,1,7.0,15.58,7.333333333333333,1.0,18.13186813186813,0.4412121212121212
8,1.74,10.17,1900-01-01 10:38:49,10:39:22,4,4,33,0,35,638,1,8.0,12.37,7.666666666666667,0.0,18.96551724137931,0.4218181818181818
11,1.59,20.07,1900-01-01 10:39:52,10:40:25,1,4,33,0,35,639,1,8.0,10.17,9.0,3.0,20.754716981132074,0.53
3,6.25,4.77,1900-01-01 10:40:03,10:40:36,5,4,33,1,23,640,1,11.0,20.07,7.333333333333333,-8.0,5.28,0.5681818181818181
15,1.62,22.06,1900-01-01 10:41:01,10:41:34,2,4,33,0,35,641,1,3.0,4.77,9.666666666666666,12.0,20.37037037037037,0.7363636363636363
11,1.61,14.76,1900-01-01 10:41:12,10:41:45,3,4,33,0,35,641,1,15.0,22.06,9.666666666666666,-4.0,20.496894409937887,0.5366666666666667
9,1.93,20.77,1900-01-01 10:41:21,10:41:54,4,4,33,0,35,641,1,11.0,14.76,11.666666666666666,-2.0,17.098445595854923,0.5263636363636364
1,0.0,1.44,1900-01-01 10:42:24,10:42:57,1,4,33,1,20,642,1,9.0,20.77,7.0,-8.0,33.0,0.030303030303030304
7,4.11,8.34,1900-01-01 10:42:35,10:43:08,5,4,33,1,23,642,1,1.0,1.44,5.666666666666667,6.0,8.02919708029197,0.8718181818181818
5,2.98,8.68,1900-01-01 10:43:33,10:44:06,2,4,33,1,20,643,1,7.0,8.34,4.333333333333333,-2.0,11.073825503355705,0.4515151515151515
7,3.81,9.3,1900-01-01 10:43:44,10:44:17,3,4,33,1,20,643,1,5.0,8.68,6.333333333333333,2.0,8.661417322834646,0.8081818181818181
10,3.15,11.87,1900-01-01 10:43:53,10:44:26,4,4,33,0,35,643,1,7.0,9.3,7.333333333333333,3.0,10.476190476190476,0.9545454545454546
6,3.47,13.73,1900-01-01 10:44:56,10:45:29,1,4,33,0,35,644,1,10.0,11.87,7.666666666666667,-4.0,9.510086455331411,0.630909090909091
5,4.96,7.78,1900-01-01 10:45:07,10:45:40,5,4,33,1,20,645,1,6.0,13.73,7.0,-1.0,6.653225806451613,0.7515151515151515
7,4.42,7.62,1900-01-01 10:46:05,10:46:38,2,4,33,1,20,646,1,5.0,7.78,6.0,2.0,7.46606334841629,0.9375757575757575
5,4.56,10.41,1900-01-01 10:46:16,10:46:49,3,4,33,1,20,646,1,7.0,7.62,5.666666666666667,-2.0,7.236842105263158,0.6909090909090908
5,6.19,8.36,1900-01-01 10:46:25,10:46:58,4,4,33,1,20,646,1,5.0,10.41,5.666666666666667,0.0,5.3311793214862675,0.937878787878788
0,0.0,45.83,1900-01-01 10:47:28,10:48:01,1,4,33,0,35,647,1,5.0,8.36,3.3333333333333335,-5.0,33.0,0.0
4,3.28,11.08,1900-01-01 10:47:39,10:48:12,5,4,33,1,20,647,1,0.0,45.83,3.0,4.0,10.060975609756099,0.3975757575757575
5,2.0,10.98,1900-01-01 10:48:37,10:49:10,2,4,33,1,20,648,1,4.0,11.08,3.0,1.0,16.5,0.30303030303030304
9,2.71,14.54,1900-01-01 10:48:48,10:49:21,3,4,33,0,35,648,1,5.0,10.98,6.0,4.0,12.177121771217712,0.7390909090909091
1,0.0,3.13,1900-01-01 10:48:57,10:49:30,4,4,33,1,20,648,1,9.0,14.54,5.0,-8.0,33.0,0.030303030303030304
0,0.0,54.99,1900-01-01 10:50:00,10:50:33,1,4,33,0,35,650,1,1.0,3.13,3.3333333333333335,-1.0,33.0,0.0
8,1.55,11.64,1900-01-01 10:50:11,10:50:44,5,4,33,0,35,650,1,0.0,54.99,3.0,8.0,21.29032258064516,0.3757575757575758
6,2.07,17.64,1900-01-01 10:51:09,10:51:42,2,4,33,0,35,651,1,8.0,11.64,4.666666666666667,-2.0,15.942028985507248,0.37636363636363634
10,3.0,14.59,1900-01-01 10:51:20,10:51:53,3,4,33,0,35,651,1,6.0,17.64,8.0,4.0,11.0,0.9090909090909091
2,1.08,3.59,1900-01-01 10:51:29,10:52:02,4,4,33,1,20,651,1,10.0,14.59,6.0,-8.0,30.555555555555554,0.06545454545454546
8,2.38,19.23,1900-01-01 10:52:32,10:53:05,1,4,33,0,35,652,1,2.0,3.59,6.666666666666667,6.0,13.865546218487395,0.5769696969696969
8,1.51,14.1,1900-01-01 10:52:43,10:53:16,5,4,33,0,35,652,1,8.0,19.23,6.0,0.0,21.85430463576159,0.36606060606060603
7,2.46,15.61,1900-01-01 10:53:41,10:54:14,2,4,33,0,35,653,1,8.0,14.1,7.666666666666667,-1.0,13.414634146341463,0.5218181818181818
5,2.71,9.0,1900-01-01 10:53:52,10:54:25,3,4,33,1,20,653,1,7.0,15.61,6.666666666666667,-2.0,12.177121771217712,0.41060606060606064
4,2.31,7.34,1900-01-01 10:54:01,10:54:34,4,4,33,1,20,654,1,5.0,9.0,5.333333333333333,-1.0,14.285714285714285,0.28
11,1.72,23.96,1900-01-01 10:55:04,10:55:37,1,4,33,0,35,655,1,4.0,7.34,6.666666666666667,7.0,19.186046511627907,0.5733333333333334
12,1.39,18.04,1900-01-01 10:55:15,10:55:48,5,4,33,0,35,655,1,11.0,23.96,9.0,1.0,23.741007194244606,0.5054545454545454
3,2.62,6.07,1900-01-01 10:56:13,10:56:46,2,4,33,1,20,656,1,12.0,18.04,8.666666666666666,-9.0,12.595419847328245,0.2381818181818182
4,2.14,11.86,1900-01-01 10:56:24,10:56:57,3,4,33,1,20,656,1,3.0,6.07,6.333333333333333,1.0,15.42056074766355,0.2593939393939394
13,1.61,24.34,1900-01-01 10:56:33,10:57:06,4,4,33,0,35,656,1,4.0,11.86,6.666666666666667,9.0,20.496894409937887,0.6342424242424243
8,2.24,16.69,1900-01-01 10:57:36,10:58:09,1,4,33,0,35,657,1,13.0,24.34,8.333333333333334,-5.0,14.732142857142856,0.5430303030303031
8,2.32,9.59,1900-01-01 10:57:47,10:58:20,5,4,33,0,35,657,1,8.0,16.69,9.666666666666666,0.0,14.224137931034484,0.5624242424242424
8,1.5,14.81,1900-01-01 10:58:45,10:59:18,2,4,33,0,35,658,1,8.0,9.59,8.0,0.0,22.0,0.36363636363636365
4,3.39,6.23,1900-01-01 10:58:56,10:59:29,3,4,33,1,20,658,1,8.0,14.81,6.666666666666667,-4.0,9.734513274336283,0.4109090909090909
8,2.13,14.97,1900-01-01 10:59:05,10:59:38,4,4,33,0,35,659,1,4.0,6.23,6.666666666666667,4.0,15.492957746478874,0.5163636363636364
11,1.27,17.59,1900-01-01 11:00:08,11:00:41,1,4,33,0,35,660,1,8.0,14.97,7.666666666666667,3.0,25.984251968503937,0.42333333333333334
6,1.9,8.71,1900-01-01 11:00:19,11:00:52,5,4,33,1,20,660,1,11.0,17.59,8.333333333333334,-5.0,17.36842105263158,0.34545454545454546
7,2.42,15.17,1900-01-01 11:01:17,11:01:50,2,4,33,0,35,661,1,6.0,8.71,8.0,1.0,13.636363636363637,0.5133333333333333
7,2.18,13.83,1900-01-01 11:01:28,11:02:01,3,4,33,0,35,661,1,7.0,15.17,6.666666666666667,0.0,15.137614678899082,0.46242424242424246
5,1.85,10.38,1900-01-01 11:01:37,11:02:10,4,4,33,1,20,661,1,7.0,13.83,6.333333333333333,-2.0,17.83783783783784,0.2803030303030303
9,2.57,17.09,1900-01-01 11:02:40,11:03:13,1,4,33,0,35,662,1,5.0,10.38,7.0,4.0,12.84046692607004,0.7009090909090909
10,1.9,14.53,1900-01-01 11:02:51,11:03:24,5,4,33,0,35,662,1,9.0,17.09,8.0,1.0,17.36842105263158,0.5757575757575758
4,2.5,13.35,1900-01-01 11:03:49,11:04:22,2,4,33,1,20,663,1,10.0,14.53,7.666666666666667,-6.0,13.2,0.30303030303030304
8,2.02,11.52,1900-01-01 11:04:00,11:04:33,3,4,33,0,35,664,1,4.0,13.35,7.333333333333333,4.0,16.336633663366335,0.48969696969696974
7,2.67,15.15,1900-01-01 11:04:09,11:04:42,4,4,33,0,35,664,1,8.0,11.52,6.333333333333333,-1.0,12.359550561797754,0.5663636363636363
11,1.98,20.03,1900-01-01 11:05:12,11:05:45,1,4,33,0,35,665,1,7.0,15.15,8.666666666666666,4.0,16.666666666666668,0.6599999999999999
15,1.3,20.55,1900-01-01 11:05:23,11:05:56,5,4,33,0,35,665,1,11.0,20.03,11.0,4.0,25.384615384615383,0.5909090909090909
14,1.47,29.23,1900-01-01 11:06:21,11:06:54,2,4,33,0,35,666,1,15.0,20.55,13.333333333333334,-1.0,22.448979591836736,0.6236363636363637
13,2.09,22.36,1900-01-01 11:06:32,11:07:05,3,4,33,0,35,666,1,14.0,29.23,14.0,-1.0,15.789473684210527,0.8233333333333333
12,2.39,21.44,1900-01-01 11:06:41,11:07:14,4,4,33,0,35,666,1,13.0,22.36,13.0,-1.0,13.807531380753137,0.8690909090909091
8,2.21,15.47,1900-01-01 11:07:44,11:08:17,1,4,33,0,35,667,1,12.0,21.44,11.0,-4.0,14.93212669683258,0.5357575757575758
10,2.03,16.77,1900-01-01 11:07:55,11:08:28,5,4,33,0,35,667,1,8.0,15.47,10.0,2.0,16.256157635467982,0.6151515151515151
6,3.05,22.36,1900-01-01 11:08:53,11:09:26,2,4,33,0,35,668,1,10.0,16.77,8.0,-4.0,10.819672131147541,0.5545454545454546
12,1.85,25.87,1900-01-01 11:09:04,11:09:37,3,4,33,0,35,669,1,6.0,22.36,9.333333333333334,6.0,17.83783783783784,0.6727272727272727
12,2.3,18.27,1900-01-01 11:09:13,11:09:46,4,4,33,0,35,669,1,12.0,25.87,10.0,0.0,14.347826086956523,0.8363636363636363
13,1.81,26.98,1900-01-01 11:10:16,11:10:49,1,4,33,0,35,670,1,12.0,18.27,12.333333333333334,1.0,18.23204419889503,0.713030303030303
14,1.4,19.57,1900-01-01 11:10:27,11:11:00,5,4,33,0,35,670,1,13.0,26.98,13.0,1.0,23.571428571428573,0.5939393939393939
14,1.81,25.18,1900-01-01 11:11:25,11:11:58,2,4,33,0,35,671,1,14.0,19.57,13.666666666666666,0.0,18.23204419889503,0.7678787878787878
15,1.67,24.04,1900-01-01 11:11:36,11:12:09,3,4,33,0,35,671,1,14.0,25.18,14.333333333333334,1.0,19.76047904191617,0.759090909090909
11,1.96,18.69,1900-01-01 11:11:45,11:12:18,4,4,33,0,35,671,1,15.0,24.04,13.333333333333334,-4.0,16.836734693877553,0.6533333333333333
7,1.89,14.37,1900-01-01 11:12:48,11:13:21,1,4,33,0,35,672,1,11.0,18.69,11.0,-4.0,17.460317460317462,0.4009090909090909
1,0.0,3.85,1900-01-01 11:12:59,11:13:32,5,4,33,1,20,672,1,7.0,14.37,6.333333333333333,-6.0,33.0,0.030303030303030304
9,1.8,18.94,1900-01-01 11:13:57,11:14:30,2,4,33,0,35,673,1,1.0,3.85,5.666666666666667,8.0,18.333333333333332,0.49090909090909096
14,1.6,23.03,1900-01-01 11:14:08,11:14:41,3,4,33,0,35,674,1,9.0,18.94,8.0,5.0,20.625,0.6787878787878788
8,1.96,15.0,1900-01-01 11:14:17,11:14:50,4,4,33,0,35,674,1,14.0,23.03,10.333333333333334,-6.0,16.836734693877553,0.4751515151515151
6,4.7,12.1,1900-01-01 11:15:20,11:15:53,1,4,33,1,20,675,1,8.0,15.0,9.333333333333334,-2.0,7.0212765957446805,0.8545454545454546
0,0.0,0.63,1900-01-01 11:15:31,11:16:04,5,4,33,1,35,675,1,6.0,12.1,4.666666666666667,-6.0,33.0,0.0
5,4.12,17.26,1900-01-01 11:16:29,11:17:02,2,4,33,0,35,676,1,0.0,0.63,3.6666666666666665,5.0,8.009708737864077,0.6242424242424243
6,2.2,8.94,1900-01-01 11:16:40,11:17:13,3,4,33,1,20,676,1,5.0,17.26,3.6666666666666665,1.0,14.999999999999998,0.4
9,2.9,12.97,1900-01-01 11:16:49,11:17:22,4,4,33,0,35,676,1,6.0,8.94,6.666666666666667,3.0,11.379310344827587,0.7909090909090909
4,1.94,12.19,1900-01-01 11:17:52,11:18:25,1,4,33,1,20,677,1,9.0,12.97,6.333333333333333,-5.0,17.010309278350515,0.23515151515151514
2,24.33,2.91,1900-01-01 11:18:03,11:18:36,5,4,33,2,40,678,1,4.0,12.19,5.0,-2.0,1.3563501849568436,1.4745454545454544
6,4.67,21.52,1900-01-01 11:19:01,11:19:34,2,4,33,0,35,679,1,2.0,2.91,4.0,4.0,7.0663811563169165,0.8490909090909091
8,3.75,13.52,1900-01-01 11:19:12,11:19:45,3,4,33,0,35,679,1,6.0,21.52,5.333333333333333,2.0,8.8,0.9090909090909091
7,4.14,9.75,1900-01-01 11:19:21,11:19:54,4,4,33,1,20,679,1,8.0,13.52,7.0,-1.0,7.971014492753624,0.8781818181818181
1,0.0,5.8,1900-01-01 11:20:24,11:20:57,1,4,33,1,20,680,1,7.0,9.75,5.333333333333333,-6.0,33.0,0.030303030303030304
6,1.17,9.47,1900-01-01 11:20:35,11:21:08,5,4,33,1,35,680,1,1.0,5.8,4.666666666666667,5.0,28.205128205128208,0.2127272727272727
5,2.62,15.55,1900-01-01 11:21:33,11:22:06,2,4,33,0,35,681,1,6.0,9.47,4.0,-1.0,12.595419847328245,0.396969696969697
3,12.67,4.38,1900-01-01 11:21:44,11:22:17,3,4,33,2,37,681,1,5.0,15.55,4.666666666666667,-2.0,2.6045777426992895,1.1518181818181819
9,2.55,22.65,1900-01-01 11:21:53,11:22:26,4,4,33,0,35,681,1,3.0,4.38,5.666666666666667,6.0,12.941176470588236,0.6954545454545454
7,1.75,15.99,1900-01-01 11:22:56,11:23:29,1,4,33,0,35,682,1,9.0,22.65,6.333333333333333,-2.0,18.857142857142858,0.3712121212121212
9,1.7,14.74,1900-01-01 11:23:07,11:23:40,5,4,33,0,35,683,1,7.0,15.99,8.333333333333334,2.0,19.411764705882355,0.46363636363636357
9,2.17,18.19,1900-01-01 11:24:05,11:24:38,2,4,33,0,35,684,1,9.0,14.74,8.333333333333334,0.0,15.207373271889402,0.5918181818181818
13,1.19,19.27,1900-01-01 11:24:16,11:24:49,3,4,33,0,35,684,1,9.0,18.19,10.333333333333334,4.0,27.73109243697479,0.46878787878787875
3,9.54,6.41,1900-01-01 11:24:25,11:24:58,4,4,33,2,28,684,1,13.0,19.27,8.333333333333334,-10.0,3.459119496855346,0.8672727272727272
2,3.25,6.21,1900-01-01 11:25:28,11:26:01,1,4,33,1,20,685,1,3.0,6.41,6.0,-1.0,10.153846153846153,0.196969696969697
10,1.63,14.38,1900-01-01 11:25:39,11:26:12,5,4,33,0,35,685,1,2.0,6.21,5.0,8.0,20.245398773006137,0.4939393939393939
8,2.06,20.96,1900-01-01 11:26:37,11:27:10,2,4,33,0,35,686,1,10.0,14.38,6.666666666666667,-2.0,16.019417475728154,0.49939393939393945
2,2.17,5.62,1900-01-01 11:26:48,11:27:21,3,4,33,1,20,686,1,8.0,20.96,6.666666666666667,-6.0,15.207373271889402,0.1315151515151515
1,0.0,4.35,1900-01-01 11:26:57,11:27:30,4,4,33,1,20,686,1,2.0,5.62,3.6666666666666665,-1.0,33.0,0.030303030303030304
10,1.51,28.53,1900-01-01 11:28:00,11:28:33,1,4,33,0,35,688,1,1.0,4.35,4.333333333333333,9.0,21.85430463576159,0.4575757575757576
8,1.67,12.93,1900-01-01 11:28:11,11:28:44,5,4,33,0,35,688,1,10.0,28.53,6.333333333333333,-2.0,19.76047904191617,0.4048484848484848
6,1.87,17.89,1900-01-01 11:29:09,11:29:42,2,4,33,0,35,689,1,8.0,12.93,8.0,-2.0,17.64705882352941,0.34
10,1.63,16.32,1900-01-01 11:29:20,11:29:53,3,4,33,0,35,689,1,6.0,17.89,8.0,4.0,20.245398773006137,0.4939393939393939
1,0.0,3.35,1900-01-01 11:29:29,11:30:02,4,4,33,1,20,689,1,10.0,16.32,5.666666666666667,-9.0,33.0,0.030303030303030304
7,2.06,15.97,1900-01-01 11:30:32,11:31:05,1,4,33,0,35,690,1,1.0,3.35,6.0,6.0,16.019417475728154,0.436969696969697
6,1.52,9.01,1900-01-01 11:30:43,11:31:16,5,4,33,1,20,690,1,7.0,15.97,4.666666666666667,-1.0,21.710526315789473,0.27636363636363637
9,2.05,22.87,1900-01-01 11:31:41,11:32:14,2,4,33,0,35,691,1,6.0,9.01,7.333333333333333,3.0,16.097560975609756,0.5590909090909091
14,1.31,24.12,1900-01-01 11:31:52,11:32:25,3,4,33,0,35,691,1,9.0,22.87,9.666666666666666,5.0,25.19083969465649,0.5557575757575758
7,2.36,28.16,1900-01-01 11:32:01,11:32:34,4,4,33,0,35,692,1,14.0,24.12,10.0,-7.0,13.983050847457628,0.5006060606060606
7,1.38,14.36,1900-01-01 11:33:04,11:33:37,1,4,33,0,35,693,1,7.0,28.16,9.333333333333334,0.0,23.91304347826087,0.2927272727272727
10,1.63,15.25,1900-01-01 11:33:15,11:33:48,5,4,33,0,35,693,1,7.0,14.36,8.0,3.0,20.245398773006137,0.4939393939393939
6,1.85,20.13,1900-01-01 11:34:13,11:34:46,2,4,33,0,35,694,1,10.0,15.25,7.666666666666667,-4.0,17.83783783783784,0.33636363636363636
6,1.92,14.29,1900-01-01 11:34:24,11:34:57,3,4,33,0,35,694,1,6.0,20.13,7.333333333333333,0.0,17.1875,0.3490909090909091
9,1.73,26.63,1900-01-01 11:34:33,11:35:06,4,4,33,0,35,694,1,6.0,14.29,7.0,3.0,19.07514450867052,0.47181818181818186
13,1.26,26.1,1900-01-01 11:35:36,11:36:09,1,4,33,0,35,695,1,9.0,26.63,9.333333333333334,4.0,26.19047619047619,0.4963636363636364
9,1.95,14.13,1900-01-01 11:35:47,11:36:20,5,4,33,0,35,695,1,13.0,26.1,10.333333333333334,-4.0,16.923076923076923,0.5318181818181819
6,1.3,18.72,1900-01-01 11:36:45,11:37:18,2,4,33,0,35,696,1,9.0,14.13,9.333333333333334,-3.0,25.384615384615383,0.2363636363636364
9,2.29,14.99,1900-01-01 11:36:56,11:37:29,3,4,33,0,35,696,1,6.0,18.72,8.0,3.0,14.410480349344978,0.6245454545454546
10,3.22,45.27,1900-01-01 11:37:05,11:37:38,4,4,33,0,35,697,1,9.0,14.99,8.333333333333334,1.0,10.248447204968944,0.9757575757575758
8,2.0,20.08,1900-01-01 11:38:08,11:38:41,1,4,33,0,35,698,1,10.0,45.27,9.0,-2.0,16.5,0.48484848484848486
10,1.76,12.83,1900-01-01 11:38:19,11:38:52,5,4,33,0,35,698,1,8.0,20.08,9.333333333333334,2.0,18.75,0.5333333333333333
3,3.46,15.53,1900-01-01 11:39:17,11:39:50,2,4,33,1,20,699,1,10.0,12.83,7.0,-7.0,9.53757225433526,0.3145454545454546
4,4.19,8.05,1900-01-01 11:39:28,11:40:01,3,4,33,1,20,699,1,3.0,15.53,5.666666666666667,1.0,7.875894988066825,0.5078787878787879
11,1.86,22.93,1900-01-01 11:39:37,11:40:10,4,4,33,0,35,699,1,4.0,8.05,6.0,7.0,17.741935483870968,0.62
7,2.29,16.47,1900-01-01 11:40:40,11:41:13,1,4,33,0,35,700,1,11.0,22.93,7.333333333333333,-4.0,14.410480349344978,0.4857575757575758
4,2.36,5.93,1900-01-01 11:40:51,11:41:24,5,4,33,1,20,700,1,7.0,16.47,7.333333333333333,-3.0,13.983050847457628,0.286060606060606
5,3.71,19.93,1900-01-01 11:41:49,11:42:22,2,4,33,0,35,701,1,4.0,5.93,5.333333333333333,1.0,8.894878706199462,0.562121212121212
9,3.39,14.28,1900-01-01 11:42:00,11:42:33,3,4,33,0,35,702,1,5.0,19.93,6.0,4.0,9.734513274336283,0.9245454545454546
10,1.94,19.72,1900-01-01 11:42:09,11:42:42,4,4,33,0,35,702,1,9.0,14.28,8.0,1.0,17.010309278350515,0.5878787878787879
8,1.71,16.55,1900-01-01 11:43:12,11:43:45,1,4,33,0,35,703,1,10.0,19.72,9.0,-2.0,19.29824561403509,0.4145454545454545
11,1.75,15.86,1900-01-01 11:43:23,11:43:56,5,4,33,0,35,703,1,8.0,16.55,9.666666666666666,3.0,18.857142857142858,0.5833333333333334
5,2.77,22.79,1900-01-01 11:44:21,11:44:54,2,4,33,0,35,704,1,11.0,15.86,8.0,-6.0,11.913357400722022,0.4196969696969697
10,1.98,21.24,1900-01-01 11:44:32,11:45:05,3,4,33,0,35,704,1,5.0,22.79,8.666666666666666,5.0,16.666666666666668,0.6
7,2.58,14.63,1900-01-01 11:44:41,11:45:14,4,4,33,0,35,704,1,10.0,21.24,7.333333333333333,-3.0,12.790697674418604,0.5472727272727272
5,1.38,16.47,1900-01-01 11:45:44,11:46:17,1,4,33,0,35,705,1,7.0,14.63,7.333333333333333,-2.0,23.91304347826087,0.20909090909090908
5,2.56,9.72,1900-01-01 11:45:55,11:46:28,5,4,33,1,20,705,1,5.0,16.47,5.666666666666667,0.0,12.890625,0.3878787878787879
15,1.44,37.83,1900-01-01 11:46:53,11:47:26,2,4,33,0,35,706,1,5.0,9.72,8.333333333333334,10.0,22.916666666666668,0.6545454545454545
13,1.62,16.08,1900-01-01 11:47:04,11:47:37,3,4,33,0,35,707,1,15.0,37.83,11.0,-2.0,20.37037037037037,0.6381818181818182
13,1.36,26.37,1900-01-01 11:47:13,11:47:46,4,4,33,0,35,707,1,13.0,16.08,13.666666666666666,0.0,24.26470588235294,0.5357575757575758
4,3.0,9.62,1900-01-01 11:48:16,11:48:49,1,4,33,1,20,708,1,13.0,26.37,10.0,-9.0,11.0,0.36363636363636365
6,3.23,6.13,1900-01-01 11:48:27,11:49:00,5,4,33,1,20,708,1,4.0,9.62,7.666666666666667,2.0,10.21671826625387,0.5872727272727273
14,1.23,23.29,1900-01-01 11:49:25,11:49:58,2,4,33,0,35,709,1,6.0,6.13,8.0,8.0,26.829268292682926,0.5218181818181818
18,1.5,38.89,1900-01-01 11:49:36,11:50:09,3,4,33,0,35,709,1,14.0,23.29,12.666666666666666,4.0,22.0,0.8181818181818182
11,1.77,14.88,1900-01-01 11:49:45,11:50:18,4,4,33,0,35,709,1,18.0,38.89,14.333333333333334,-7.0,18.64406779661017,0.59
5,3.52,11.4,1900-01-01 11:50:48,11:51:21,1,4,33,1,20,710,1,11.0,14.88,11.333333333333334,-6.0,9.375,0.5333333333333333
1,0.0,4.43,1900-01-01 11:50:59,11:51:32,5,4,33,1,20,710,1,5.0,11.4,5.666666666666667,-4.0,33.0,0.030303030303030304
9,3.52,22.04,1900-01-01 11:51:57,11:52:30,2,4,33,0,35,711,1,1.0,4.43,5.0,8.0,9.375,0.96
14,2.21,15.82,1900-01-01 11:52:08,11:52:41,3,4,33,0,35,712,1,9.0,22.04,8.0,5.0,14.93212669683258,0.9375757575757575
5,5.94,10.34,1900-01-01 11:52:17,11:52:50,4,4,33,1,28,712,1,14.0,15.82,9.333333333333334,-9.0,5.555555555555555,0.9
1,0.0,6.23,1900-01-01 11:53:20,11:53:53,1,4,33,1,20,713,1,5.0,10.34,6.666666666666667,-4.0,33.0,0.030303030303030304
2,2.25,6.56,1900-01-01 11:53:31,11:54:04,5,4,33,1,20,713,1,1.0,6.23,2.6666666666666665,1.0,14.666666666666666,0.13636363636363638
4,4.42,10.6,1900-01-01 11:54:29,11:55:02,2,4,33,1,20,714,1,2.0,6.56,2.3333333333333335,2.0,7.46606334841629,0.5357575757575758
8,4.56,9.92,1900-01-01 11:54:40,11:55:13,3,4,33,0,35,714,1,4.0,10.6,4.666666666666667,4.0,7.236842105263158,1.1054545454545455
5,4.44,8.59,1900-01-01 11:54:49,11:55:22,4,4,33,1,28,714,1,8.0,9.92,5.666666666666667,-3.0,7.432432432432432,0.6727272727272728
1,0.0,6.69,1900-01-01 11:55:52,11:56:25,1,4,33,1,20,715,1,5.0,8.59,4.666666666666667,-4.0,33.0,0.030303030303030304
5,1.73,8.97,1900-01-01 11:56:03,11:56:36,5,4,33,1,20,716,1,1.0,6.69,3.6666666666666665,4.0,19.07514450867052,0.26212121212121214
8,3.37,19.45,1900-01-01 11:57:01,11:57:34,2,4,33,0,35,717,1,5.0,8.97,4.666666666666667,3.0,9.792284866468842,0.816969696969697
4,3.83,7.1,1900-01-01 11:57:12,11:57:45,3,4,33,1,20,717,1,8.0,19.45,5.666666666666667,-4.0,8.616187989556135,0.4642424242424243
9,2.8,12.73,1900-01-01 11:57:21,11:57:54,4,4,33,0,35,717,1,4.0,7.1,7.0,5.0,11.785714285714286,0.7636363636363636
8,2.8,18.77,1900-01-01 11:58:24,11:58:57,1,4,33,0,35,718,1,9.0,12.73,7.0,-1.0,11.785714285714286,0.6787878787878787
6,1.13,7.12,1900-01-01 11:58:35,11:59:08,5,4,33,1,20,718,1,8.0,18.77,7.666666666666667,-2.0,29.203539823008853,0.20545454545454542
5,2.31,13.44,1900-01-01 11:59:33,12:00:06,2,4,33,1,20,719,1,6.0,7.12,6.333333333333333,-1.0,14.285714285714285,0.35000000000000003
10,2.19,16.91,1900-01-01 11:59:44,12:00:17,3,4,33,0,35,719,1,5.0,13.44,7.0,5.0,15.068493150684931,0.6636363636363637
6,1.87,13.45,1900-01-01 11:59:53,12:00:26,4,4,33,0,35,719,1,10.0,16.91,7.0,-4.0,17.64705882352941,0.34
6,3.63,26.8,1900-01-01 12:00:56,12:01:29,1,4,33,0,35,720,1,6.0,13.45,7.333333333333333,0.0,9.090909090909092,0.6599999999999999
8,2.96,12.83,1900-01-01 12:01:07,12:01:40,5,4,33,0,35,721,2,6.0,26.8,6.666666666666667,2.0,11.14864864864865,0.7175757575757575
9,1.59,22.66,1900-01-01 12:02:05,12:02:38,2,4,33,0,35,722,2,8.0,12.83,7.666666666666667,1.0,20.754716981132074,0.43363636363636365
8,1.76,28.34,1900-01-01 12:02:16,12:02:49,3,4,33,0,35,722,2,9.0,22.66,8.333333333333334,-1.0,18.75,0.4266666666666667
9,3.4,21.68,1900-01-01 12:02:25,12:02:58,4,4,33,0,35,722,2,8.0,28.34,8.666666666666666,1.0,9.705882352941178,0.9272727272727271
3,0.58,7.72,1900-01-01 12:03:28,12:04:01,1,4,33,1,35,723,2,9.0,21.68,6.666666666666667,-6.0,56.896551724137936,0.05272727272727272
12,2.37,15.18,1900-01-01 12:03:39,12:04:12,5,4,33,0,35,723,2,3.0,7.72,8.0,9.0,13.924050632911392,0.8618181818181818
11,1.23,13.57,1900-01-01 12:04:37,12:05:10,2,4,33,0,35,724,2,12.0,15.18,8.666666666666666,-1.0,26.829268292682926,0.41000000000000003
7,1.81,19.95,1900-01-01 12:04:48,12:05:21,3,4,33,0,35,724,2,11.0,13.57,10.0,-4.0,18.23204419889503,0.3839393939393939
8,4.08,16.58,1900-01-01 12:04:57,12:05:30,4,4,33,0,35,724,2,7.0,19.95,8.666666666666666,1.0,8.088235294117647,0.9890909090909091
12,1.56,31.27,1900-01-01 12:06:00,12:06:33,1,4,33,0,35,726,2,8.0,16.58,9.0,4.0,21.153846153846153,0.5672727272727273
11,1.71,15.25,1900-01-01 12:06:11,12:06:44,5,4,33,0,35,726,2,12.0,31.27,10.333333333333334,-1.0,19.29824561403509,0.57
8,1.68,17.53,1900-01-01 12:07:09,12:07:42,2,4,33,0,35,727,2,11.0,15.25,10.333333333333334,-3.0,19.642857142857142,0.4072727272727273
15,1.2,23.19,1900-01-01 12:07:20,12:07:53,3,4,33,0,35,727,2,8.0,17.53,11.333333333333334,7.0,27.5,0.5454545454545454
7,1.42,12.09,1900-01-01 12:07:29,12:08:02,4,4,33,0,35,727,2,15.0,23.19,10.0,-8.0,23.23943661971831,0.3012121212121212
13,1.59,23.81,1900-01-01 12:08:32,12:09:05,1,4,33,0,35,728,2,7.0,12.09,11.666666666666666,6.0,20.754716981132074,0.6263636363636365
5,1.85,4.66,1900-01-01 12:08:43,12:09:16,5,4,33,1,20,728,2,13.0,23.81,8.333333333333334,-8.0,17.83783783783784,0.2803030303030303
6,2.23,11.72,1900-01-01 12:09:41,12:10:14,2,4,33,1,20,729,2,5.0,4.66,8.0,1.0,14.798206278026907,0.4054545454545454
12,1.62,17.9,1900-01-01 12:09:52,12:10:25,3,4,33,0,35,729,2,6.0,11.72,7.666666666666667,6.0,20.37037037037037,0.5890909090909091
4,2.64,8.42,1900-01-01 12:10:01,12:10:34,4,4,33,1,20,730,2,12.0,17.9,7.333333333333333,-8.0,12.5,0.32
16,1.53,29.3,1900-01-01 12:11:04,12:11:37,1,4,33,0,35,731,2,4.0,8.42,10.666666666666666,12.0,21.56862745098039,0.7418181818181819
8,1.54,13.0,1900-01-01 12:11:15,12:11:48,5,4,33,0,35,731,2,16.0,29.3,9.333333333333334,-8.0,21.428571428571427,0.37333333333333335
7,1.54,15.68,1900-01-01 12:12:13,12:12:46,2,4,33,0,35,732,2,8.0,13.0,10.333333333333334,-1.0,21.428571428571427,0.3266666666666667
8,2.0,11.02,1900-01-01 12:12:24,12:12:57,3,4,33,0,35,732,2,7.0,15.68,7.666666666666667,1.0,16.5,0.48484848484848486
12,2.87,21.89,1900-01-01 12:12:33,12:13:06,4,4,33,0,35,732,2,8.0,11.02,9.0,4.0,11.498257839721253,1.0436363636363637
9,1.98,20.35,1900-01-01 12:13:36,12:14:09,1,4,33,0,35,733,2,12.0,21.89,9.666666666666666,-3.0,16.666666666666668,0.5399999999999999
6,3.17,13.81,1900-01-01 12:13:47,12:14:20,5,4,33,0,35,733,2,9.0,20.35,9.0,-3.0,10.410094637223976,0.5763636363636363
8,2.76,12.79,1900-01-01 12:14:45,12:15:18,2,4,33,0,35,734,2,6.0,13.81,7.666666666666667,2.0,11.956521739130435,0.6690909090909091
13,1.93,21.16,1900-01-01 12:14:56,12:15:29,3,4,33,0,35,734,2,8.0,12.79,9.0,5.0,17.098445595854923,0.7603030303030303
15,1.75,32.31,1900-01-01 12:15:05,12:15:38,4,4,33,0,35,735,2,13.0,21.16,12.0,2.0,18.857142857142858,0.7954545454545454
11,1.68,22.52,1900-01-01 12:16:08,12:16:41,1,4,33,0,35,736,2,15.0,32.31,13.0,-4.0,19.642857142857142,0.56
10,2.23,12.76,1900-01-01 12:16:19,12:16:52,5,4,33,0,35,736,2,11.0,22.52,12.0,-1.0,14.798206278026907,0.6757575757575757
8,1.49,13.31,1900-01-01 12:17:17,12:17:50,2,4,33,0,35,737,2,10.0,12.76,9.666666666666666,-2.0,22.14765100671141,0.3612121212121212
10,1.24,15.38,1900-01-01 12:17:28,12:18:01,3,4,33,0,35,737,2,8.0,13.31,9.333333333333334,2.0,26.612903225806452,0.37575757575757573
7,1.83,15.46,1900-01-01 12:17:37,12:18:10,4,4,33,0,35,737,2,10.0,15.38,8.333333333333334,-3.0,18.0327868852459,0.3881818181818182
9,1.68,16.67,1900-01-01 12:18:40,12:19:13,1,4,33,0,35,738,2,7.0,15.46,8.666666666666666,2.0,19.642857142857142,0.4581818181818182
4,1.19,3.22,1900-01-01 12:18:51,12:19:24,5,4,33,1,20,738,2,9.0,16.67,6.666666666666667,-5.0,27.73109243697479,0.14424242424242423
7,2.42,17.1,1900-01-01 12:19:49,12:20:22,2,4,33,0,35,739,2,4.0,3.22,6.666666666666667,3.0,13.636363636363637,0.5133333333333333
6,2.02,14.45,1900-01-01 12:20:00,12:20:33,3,4,33,0,35,740,2,7.0,17.1,5.666666666666667,-1.0,16.336633663366335,0.3672727272727273
5,2.71,9.72,1900-01-01 12:20:09,12:20:42,4,4,33,1,20,740,2,6.0,14.45,6.0,-1.0,12.177121771217712,0.41060606060606064
10,1.38,20.44,1900-01-01 12:21:12,12:21:45,1,4,33,0,35,741,2,5.0,9.72,7.0,5.0,23.91304347826087,0.41818181818181815
7,4.15,10.33,1900-01-01 12:21:23,12:21:56,5,4,33,1,20,741,2,10.0,20.44,7.333333333333333,-3.0,7.951807228915662,0.8803030303030304
9,1.24,13.98,1900-01-01 12:22:21,12:22:54,2,4,33,0,35,742,2,7.0,10.33,8.666666666666666,2.0,26.612903225806452,0.3381818181818182
4,1.67,5.42,1900-01-01 12:22:32,12:23:05,3,4,33,1,20,742,2,9.0,13.98,6.666666666666667,-5.0,19.76047904191617,0.2024242424242424
1,0.0,1.2,1900-01-01 12:22:41,12:23:14,4,4,33,1,20,742,2,4.0,5.42,4.666666666666667,-3.0,33.0,0.030303030303030304
3,6.0,10.14,1900-01-01 12:23:44,12:24:17,1,4,33,1,20,743,2,1.0,1.2,2.6666666666666665,2.0,5.5,0.5454545454545454
11,2.18,13.28,1900-01-01 12:23:55,12:24:28,5,4,33,0,35,743,2,3.0,10.14,5.0,8.0,15.137614678899082,0.7266666666666667
8,2.96,14.49,1900-01-01 12:24:53,12:25:26,2,4,33,0,35,744,2,11.0,13.28,7.333333333333333,-3.0,11.14864864864865,0.7175757575757575
11,2.43,12.84,1900-01-01 12:25:04,12:25:37,3,4,33,0,35,745,2,8.0,14.49,10.0,3.0,13.580246913580247,0.81
6,2.52,5.35,1900-01-01 12:25:13,12:25:46,4,4,33,1,20,745,2,11.0,12.84,8.333333333333334,-5.0,13.095238095238095,0.4581818181818182
7,3.22,14.35,1900-01-01 12:26:16,12:26:49,1,4,33,0,35,746,2,6.0,5.35,8.0,1.0,10.248447204968944,0.6830303030303031
7,1.93,9.67,1900-01-01 12:26:27,12:27:00,5,4,33,1,20,746,2,7.0,14.35,6.666666666666667,0.0,17.098445595854923,0.40939393939393937
4,2.03,12.7,1900-01-01 12:27:25,12:27:58,2,4,33,1,20,747,2,7.0,9.67,6.0,-3.0,16.256157635467982,0.24606060606060604
8,3.94,6.63,1900-01-01 12:27:36,12:28:09,3,4,33,1,20,747,2,4.0,12.7,6.333333333333333,4.0,8.375634517766498,0.9551515151515151
6,4.88,12.54,1900-01-01 12:27:45,12:28:18,4,4,33,1,20,747,2,8.0,6.63,6.0,-2.0,6.762295081967213,0.8872727272727272
2,1.58,9.61,1900-01-01 12:28:48,12:29:21,1,4,33,1,20,748,2,6.0,12.54,5.333333333333333,-4.0,20.886075949367086,0.09575757575757576
0,0.0,0.97,1900-01-01 12:28:59,12:29:32,5,4,33,1,20,748,2,2.0,9.61,2.6666666666666665,-2.0,33.0,0.0
6,3.4,10.56,1900-01-01 12:29:57,12:30:30,2,4,33,1,20,749,2,0.0,0.97,2.6666666666666665,6.0,9.705882352941178,0.6181818181818182
5,6.17,6.66,1900-01-01 12:30:08,12:30:41,3,4,33,1,21,750,2,6.0,10.56,3.6666666666666665,-1.0,5.348460291734198,0.9348484848484848
10,2.76,15.2,1900-01-01 12:30:17,12:30:50,4,4,33,0,35,750,2,5.0,6.66,7.0,5.0,11.956521739130435,0.8363636363636363
1,0.0,2.68,1900-01-01 12:31:20,12:31:53,1,4,33,1,20,751,2,10.0,15.2,5.333333333333333,-9.0,33.0,0.030303030303030304
9,2.9,9.16,1900-01-01 12:31:31,12:32:04,5,4,33,0,35,751,2,1.0,2.68,6.666666666666667,8.0,11.379310344827587,0.7909090909090909
3,1.54,8.34,1900-01-01 12:32:29,12:33:02,2,4,33,1,20,752,2,9.0,9.16,4.333333333333333,-6.0,21.428571428571427,0.14
2,5.42,4.87,1900-01-01 12:32:40,12:33:13,3,4,33,1,21,752,2,3.0,8.34,4.666666666666667,-1.0,6.088560885608856,0.3284848484848485
0,0.0,1.67,1900-01-01 12:32:49,12:33:22,4,4,33,1,35,752,2,2.0,4.87,1.6666666666666667,-2.0,33.0,0.0
4,2.56,14.74,1900-01-01 12:33:52,12:34:25,1,4,33,1,20,753,2,0.0,1.67,2.0,4.0,12.890625,0.3103030303030303
5,1.73,8.35,1900-01-01 12:34:03,12:34:36,5,4,33,1,20,754,2,4.0,14.74,3.0,1.0,19.07514450867052,0.26212121212121214
6,4.63,8.73,1900-01-01 12:35:01,12:35:34,2,4,33,1,20,755,2,5.0,8.35,5.0,1.0,7.1274298056155505,0.8418181818181818
5,5.52,7.85,1900-01-01 12:35:12,12:35:45,3,4,33,1,21,755,2,6.0,8.73,5.333333333333333,-1.0,5.978260869565218,0.8363636363636363
2,2.42,8.58,1900-01-01 12:35:21,12:35:54,4,4,33,1,35,755,2,5.0,7.85,4.333333333333333,-3.0,13.636363636363637,0.14666666666666667
10,1.42,20.95,1900-01-01 12:36:24,12:36:57,1,4,33,0,35,756,2,2.0,8.58,5.666666666666667,8.0,23.23943661971831,0.43030303030303024
11,2.11,25.65,1900-01-01 12:36:35,12:37:08,5,4,33,0,35,756,2,10.0,20.95,7.666666666666667,1.0,15.639810426540285,0.7033333333333334
8,2.25,11.06,1900-01-01 12:37:33,12:38:06,2,4,33,0,35,757,2,11.0,25.65,9.666666666666666,-3.0,14.666666666666666,0.5454545454545455
4,3.47,6.95,1900-01-01 12:37:44,12:38:17,3,4,33,1,21,757,2,8.0,11.06,7.666666666666667,-4.0,9.510086455331411,0.42060606060606065
7,2.29,11.73,1900-01-01 12:37:53,12:38:26,4,4,33,0,35,757,2,4.0,6.95,6.333333333333333,3.0,14.410480349344978,0.4857575757575758
7,1.53,18.77,1900-01-01 12:38:56,12:39:29,1,4,33,0,35,758,2,7.0,11.73,6.0,0.0,21.56862745098039,0.3245454545454546
9,1.91,17.83,1900-01-01 12:39:07,12:39:40,5,4,33,0,35,759,2,7.0,18.77,7.666666666666667,2.0,17.277486910994764,0.5209090909090909
10,1.73,14.98,1900-01-01 12:40:05,12:40:38,2,4,33,0,35,760,2,9.0,17.83,8.666666666666666,1.0,19.07514450867052,0.5242424242424243
10,1.58,17.98,1900-01-01 12:40:16,12:40:49,3,4,33,0,35,760,2,10.0,14.98,9.666666666666666,0.0,20.886075949367086,0.4787878787878788
15,1.46,26.87,1900-01-01 12:40:25,12:40:58,4,4,33,0,35,760,2,10.0,17.98,11.666666666666666,5.0,22.602739726027398,0.6636363636363636
8,2.19,20.93,1900-01-01 12:41:28,12:42:01,1,4,33,0,35,761,2,15.0,26.87,11.0,-7.0,15.068493150684931,0.5309090909090909
5,2.44,12.76,1900-01-01 12:41:39,12:42:12,5,4,33,1,20,761,2,8.0,20.93,9.333333333333334,-3.0,13.524590163934427,0.3696969696969697
14,1.63,23.12,1900-01-01 12:42:37,12:43:10,2,4,33,0,35,762,2,5.0,12.76,9.0,9.0,20.245398773006137,0.6915151515151514
6,2.23,10.21,1900-01-01 12:42:48,12:43:21,3,4,33,1,21,762,2,14.0,23.12,8.333333333333334,-8.0,14.798206278026907,0.4054545454545454
10,2.16,16.22,1900-01-01 12:42:57,12:43:30,4,4,33,0,35,762,2,6.0,10.21,10.0,4.0,15.277777777777777,0.6545454545454545
10,1.58,14.81,1900-01-01 12:44:00,12:44:33,1,4,33,0,35,764,2,10.0,16.22,8.666666666666666,0.0,20.886075949367086,0.4787878787878788
7,2.0,10.34,1900-01-01 12:44:11,12:44:44,5,4,33,1,20,764,2,10.0,14.81,9.0,-3.0,16.5,0.42424242424242425
12,1.83,24.18,1900-01-01 12:45:09,12:45:42,2,4,33,0,35,765,2,7.0,10.34,9.666666666666666,5.0,18.0327868852459,0.6654545454545455
9,1.75,16.88,1900-01-01 12:45:20,12:45:53,3,4,33,0,35,765,2,12.0,24.18,9.333333333333334,-3.0,18.857142857142858,0.47727272727272724
10,1.58,23.85,1900-01-01 12:45:29,12:46:02,4,4,33,0,35,765,2,9.0,16.88,10.333333333333334,1.0,20.886075949367086,0.4787878787878788
8,1.6,14.21,1900-01-01 12:46:32,12:47:05,1,4,33,0,35,766,2,10.0,23.85,9.0,-2.0,20.625,0.3878787878787879
8,3.06,12.95,1900-01-01 12:46:43,12:47:16,5,4,33,0,35,766,2,8.0,14.21,8.666666666666666,0.0,10.784313725490195,0.7418181818181819
9,1.32,16.19,1900-01-01 12:47:41,12:48:14,2,4,33,0,35,767,2,8.0,12.95,8.333333333333334,1.0,25.0,0.36
12,1.2,27.93,1900-01-01 12:47:52,12:48:25,3,4,33,0,35,767,2,9.0,16.19,9.666666666666666,3.0,27.5,0.43636363636363634
13,1.97,25.31,1900-01-01 12:48:01,12:48:34,4,4,33,0,35,768,2,12.0,27.93,11.333333333333334,1.0,16.751269035532996,0.776060606060606
12,1.34,27.12,1900-01-01 12:49:04,12:49:37,1,4,33,0,35,769,2,13.0,25.31,12.333333333333334,-1.0,24.626865671641788,0.48727272727272736
11,1.6,15.2,1900-01-01 12:49:15,12:49:48,5,4,33,0,35,769,2,12.0,27.12,12.0,-1.0,20.625,0.5333333333333333
10,1.9,18.34,1900-01-01 12:50:13,12:50:46,2,4,33,0,35,770,2,11.0,15.2,11.0,-1.0,17.36842105263158,0.5757575757575758
15,1.71,20.25,1900-01-01 12:50:24,12:50:57,3,4,33,0,35,770,2,10.0,18.34,12.0,5.0,19.29824561403509,0.7772727272727272
12,2.42,27.19,1900-01-01 12:50:33,12:51:06,4,4,33,0,35,770,2,15.0,20.25,12.333333333333334,-3.0,13.636363636363637,0.88
10,1.43,32.34,1900-01-01 12:51:36,12:52:09,1,4,33,0,35,771,2,12.0,27.19,12.333333333333334,-2.0,23.076923076923077,0.43333333333333335
4,1.47,4.77,1900-01-01 12:51:47,12:52:20,5,4,33,1,20,771,2,10.0,32.34,8.666666666666666,-6.0,22.448979591836736,0.17818181818181816
6,2.17,12.62,1900-01-01 12:52:45,12:53:18,2,4,33,1,20,772,2,4.0,4.77,6.666666666666667,2.0,15.207373271889402,0.39454545454545453
14,1.44,22.13,1900-01-01 12:52:56,12:53:29,3,4,33,0,35,772,2,6.0,12.62,8.0,8.0,22.916666666666668,0.6109090909090908
11,1.49,24.49,1900-01-01 12:53:05,12:53:38,4,4,33,0,35,773,2,14.0,22.13,10.333333333333334,-3.0,22.14765100671141,0.49666666666666665
6,1.82,14.09,1900-01-01 12:54:08,12:54:41,1,4,33,0,35,774,2,11.0,24.49,10.333333333333334,-5.0,18.13186813186813,0.33090909090909093
6,2.17,7.72,1900-01-01 12:54:19,12:54:52,5,4,33,1,20,774,2,6.0,14.09,7.666666666666667,0.0,15.207373271889402,0.39454545454545453
4,1.53,9.61,1900-01-01 12:55:17,12:55:50,2,4,33,1,20,775,2,6.0,7.72,5.333333333333333,-2.0,21.56862745098039,0.18545454545454548
10,2.18,27.16,1900-01-01 12:55:28,12:56:01,3,4,33,0,35,775,2,4.0,9.61,6.666666666666667,6.0,15.137614678899082,0.6606060606060606
10,1.56,16.12,1900-01-01 12:55:37,12:56:10,4,4,33,0,35,775,2,10.0,27.16,8.0,0.0,21.153846153846153,0.4727272727272727
9,1.45,16.76,1900-01-01 12:56:40,12:57:13,1,4,33,0,35,776,2,10.0,16.12,9.666666666666666,-1.0,22.758620689655174,0.39545454545454545
11,2.27,11.63,1900-01-01 12:56:51,12:57:24,5,4,33,0,35,776,2,9.0,16.76,10.0,2.0,14.537444933920705,0.7566666666666667
7,1.81,17.23,1900-01-01 12:57:49,12:58:22,2,4,33,0,35,777,2,11.0,11.63,9.0,-4.0,18.23204419889503,0.3839393939393939
8,2.24,12.5,1900-01-01 12:58:00,12:58:33,3,4,33,0,35,778,2,7.0,17.23,8.666666666666666,1.0,14.732142857142856,0.5430303030303031
9,1.46,15.85,1900-01-01 12:58:09,12:58:42,4,4,33,0,35,778,2,8.0,12.5,8.0,1.0,22.602739726027398,0.3981818181818182
6,3.55,19.22,1900-01-01 12:59:12,12:59:45,1,4,33,0,35,779,2,9.0,15.85,7.666666666666667,-3.0,9.295774647887324,0.6454545454545455
4,7.72,5.22,1900-01-01 12:59:23,12:59:56,5,4,33,2,30,779,2,6.0,19.22,6.333333333333333,-2.0,4.274611398963731,0.9357575757575758
1,0.0,3.94,1900-01-01 13:00:21,13:00:54,2,4,33,1,20,780,2,4.0,5.22,3.6666666666666665,-3.0,33.0,0.030303030303030304
5,3.5,6.65,1900-01-01 13:00:32,13:01:05,3,4,33,1,27,780,2,1.0,3.94,3.3333333333333335,4.0,9.428571428571429,0.5303030303030303
10,1.57,17.11,1900-01-01 13:00:41,13:01:14,4,4,33,0,35,780,2,5.0,6.65,5.333333333333333,5.0,21.019108280254777,0.47575757575757577
9,3.07,21.51,1900-01-01 13:01:44,13:02:17,1,4,33,0,35,781,2,10.0,17.11,8.0,-1.0,10.749185667752444,0.8372727272727272
4,9.56,6.23,1900-01-01 13:01:55,13:02:28,5,4,33,2,37,781,2,9.0,21.51,7.666666666666667,-5.0,3.451882845188284,1.158787878787879
4,6.14,10.12,1900-01-01 13:02:53,13:03:26,2,4,33,1,20,782,2,4.0,6.23,5.666666666666667,0.0,5.374592833876222,0.7442424242424241
4,8.47,7.88,1900-01-01 13:03:04,13:03:37,3,4,33,2,32,783,2,4.0,10.12,4.0,0.0,3.8961038961038956,1.0266666666666668
0,0.0,14.13,1900-01-01 13:03:13,13:03:46,4,4,33,1,35,783,2,4.0,7.88,2.6666666666666665,-4.0,33.0,0.0
7,1.71,13.22,1900-01-01 13:04:16,13:04:49,1,4,33,0,35,784,2,0.0,14.13,3.6666666666666665,7.0,19.29824561403509,0.3627272727272727
7,3.03,6.78,1900-01-01 13:04:27,13:05:00,5,4,33,1,20,784,2,7.0,13.22,4.666666666666667,0.0,10.891089108910892,0.6427272727272727
5,4.0,9.07,1900-01-01 13:05:25,13:05:58,2,4,33,1,20,785,2,7.0,6.78,6.333333333333333,-2.0,8.25,0.6060606060606061
6,6.08,8.92,1900-01-01 13:05:36,13:06:09,3,4,33,1,27,785,2,5.0,9.07,6.0,1.0,5.427631578947368,1.1054545454545455
0,0.0,10.09,1900-01-01 13:05:45,13:06:18,4,4,33,1,35,785,2,6.0,8.92,3.6666666666666665,-6.0,33.0,0.0
1,0.0,3.04,1900-01-01 13:06:48,13:07:21,1,4,33,1,20,786,2,0.0,10.09,2.3333333333333335,1.0,33.0,0.030303030303030304
5,7.15,5.29,1900-01-01 13:06:59,13:07:32,5,4,33,2,37,786,2,1.0,3.04,2.0,4.0,4.615384615384615,1.0833333333333335
3,6.54,13.35,1900-01-01 13:07:57,13:08:30,2,4,33,1,20,787,2,5.0,5.29,3.0,-2.0,5.045871559633028,0.5945454545454545
5,5.65,18.79,1900-01-01 13:08:08,13:08:41,3,4,33,0,35,788,2,3.0,13.35,4.333333333333333,2.0,5.840707964601769,0.8560606060606062
1,0.0,5.62,1900-01-01 13:08:17,13:08:50,4,4,33,1,35,788,2,5.0,18.79,3.0,-4.0,33.0,0.030303030303030304
4,2.0,10.53,1900-01-01 13:09:20,13:09:53,1,4,33,1,20,789,2,1.0,5.62,3.3333333333333335,3.0,16.5,0.24242424242424243
2,2.75,3.93,1900-01-01 13:09:31,13:10:04,5,4,33,1,20,789,2,4.0,10.53,2.3333333333333335,-2.0,12.0,0.16666666666666666
4,1.72,7.35,1900-01-01 13:10:29,13:11:02,2,4,33,1,20,790,2,2.0,3.93,3.3333333333333335,2.0,19.186046511627907,0.2084848484848485
4,7.72,4.37,1900-01-01 13:10:40,13:11:13,3,4,33,2,32,790,2,4.0,7.35,3.3333333333333335,0.0,4.274611398963731,0.9357575757575758
6,2.22,13.02,1900-01-01 13:10:49,13:11:22,4,4,33,1,35,790,2,4.0,4.37,4.666666666666667,2.0,14.864864864864863,0.4036363636363637
3,2.58,8.07,1900-01-01 13:11:52,13:12:25,1,4,33,1,20,791,2,6.0,13.02,4.333333333333333,-3.0,12.790697674418604,0.23454545454545456
8,2.33,14.67,1900-01-01 13:12:03,13:12:36,5,4,33,0,35,792,2,3.0,8.07,5.666666666666667,5.0,14.163090128755364,0.5648484848484848
4,4.53,5.06,1900-01-01 13:13:01,13:13:34,2,4,33,1,20,793,2,8.0,14.67,5.0,-4.0,7.28476821192053,0.5490909090909091
7,2.94,10.99,1900-01-01 13:13:12,13:13:45,3,4,33,1,27,793,2,4.0,5.06,6.333333333333333,3.0,11.224489795918368,0.6236363636363637
8,1.9,17.42,1900-01-01 13:13:21,13:13:54,4,4,33,0,35,793,2,7.0,10.99,6.333333333333333,1.0,17.36842105263158,0.46060606060606063
4,2.22,9.72,1900-01-01 13:14:24,13:14:57,1,4,33,1,20,794,2,8.0,17.42,6.333333333333333,-4.0,14.864864864864863,0.2690909090909091
10,1.52,11.09,1900-01-01 13:14:35,13:15:08,5,4,33,0,35,794,2,4.0,9.72,7.333333333333333,6.0,21.710526315789473,0.46060606060606063
3,2.67,6.02,1900-01-01 13:15:33,13:16:06,2,4,33,1,20,795,2,10.0,11.09,5.666666666666667,-7.0,12.359550561797754,0.2427272727272727
2,2.75,2.78,1900-01-01 13:15:44,13:16:17,3,4,33,1,20,795,2,3.0,6.02,5.0,-1.0,12.0,0.16666666666666666
3,1.46,6.2,1900-01-01 13:15:53,13:16:26,4,4,33,1,20,795,2,2.0,2.78,2.6666666666666665,1.0,22.602739726027398,0.13272727272727272
7,1.83,12.31,1900-01-01 13:16:56,13:17:29,1,4,33,0,35,796,2,3.0,6.2,4.0,4.0,18.0327868852459,0.3881818181818182
5,2.58,7.66,1900-01-01 13:17:07,13:17:40,5,4,33,1,20,797,2,7.0,12.31,5.0,-2.0,12.790697674418604,0.39090909090909093
9,1.83,22.5,1900-01-01 13:18:05,13:18:38,2,4,33,0,35,798,2,5.0,7.66,7.0,4.0,18.0327868852459,0.4990909090909091
9,1.65,13.58,1900-01-01 13:18:16,13:18:49,3,4,33,0,35,798,2,9.0,22.5,7.666666666666667,0.0,20.0,0.45
5,2.02,12.2,1900-01-01 13:18:25,13:18:58,4,4,33,1,20,798,2,9.0,13.58,7.666666666666667,-4.0,16.336633663366335,0.3060606060606061
6,1.62,10.87,1900-01-01 13:19:28,13:20:01,1,4,33,1,20,799,2,5.0,12.2,6.666666666666667,1.0,20.37037037037037,0.29454545454545455
7,1.49,11.09,1900-01-01 13:19:39,13:20:12,5,4,33,0,35,799,2,6.0,10.87,6.0,1.0,22.14765100671141,0.31606060606060604
4,2.58,7.32,1900-01-01 13:20:37,13:21:10,2,4,33,1,20,800,2,7.0,11.09,5.666666666666667,-3.0,12.790697674418604,0.31272727272727274
12,2.07,23.21,1900-01-01 13:20:48,13:21:21,3,4,33,0,35,800,2,4.0,7.32,7.666666666666667,8.0,15.942028985507248,0.7527272727272727
9,2.07,11.57,1900-01-01 13:20:57,13:21:30,4,4,33,0,35,800,2,12.0,23.21,8.333333333333334,-3.0,15.942028985507248,0.5645454545454545
3,2.25,9.03,1900-01-01 13:22:00,13:22:33,1,4,33,1,20,802,2,9.0,11.57,8.0,-6.0,14.666666666666666,0.20454545454545456
7,2.1,11.87,1900-01-01 13:22:11,13:22:44,5,4,33,0,35,802,2,3.0,9.03,6.333333333333333,4.0,15.714285714285714,0.4454545454545455
8,1.99,17.44,1900-01-01 13:23:09,13:23:42,2,4,33,0,35,803,2,7.0,11.87,6.0,1.0,16.582914572864322,0.4824242424242424
13,1.63,33.71,1900-01-01 13:23:20,13:23:53,3,4,33,0,35,803,2,8.0,17.44,9.333333333333334,5.0,20.245398773006137,0.6421212121212121
4,4.75,5.97,1900-01-01 13:23:29,13:24:02,4,4,33,1,20,803,2,13.0,33.71,8.333333333333334,-9.0,6.947368421052632,0.5757575757575757
13,1.33,24.33,1900-01-01 13:24:32,13:25:05,1,4,33,0,35,804,2,4.0,5.97,10.0,9.0,24.81203007518797,0.5239393939393939
7,1.49,11.67,1900-01-01 13:24:43,13:25:16,5,4,33,0,35,804,2,13.0,24.33,8.0,-6.0,22.14765100671141,0.31606060606060604
3,1.29,9.37,1900-01-01 13:25:41,13:26:14,2,4,33,1,20,805,2,7.0,11.67,7.666666666666667,-4.0,25.58139534883721,0.11727272727272728
6,2.35,10.15,1900-01-01 13:25:52,13:26:25,3,4,33,1,20,805,2,3.0,9.37,5.333333333333333,3.0,14.042553191489361,0.4272727272727273
6,1.95,10.86,1900-01-01 13:26:01,13:26:34,4,4,33,1,20,806,2,6.0,10.15,5.0,0.0,16.923076923076923,0.35454545454545455
6,1.82,12.98,1900-01-01 13:27:04,13:27:37,1,4,33,1,20,807,2,6.0,10.86,6.0,0.0,18.13186813186813,0.33090909090909093
5,3.04,9.77,1900-01-01 13:27:15,13:27:48,5,4,33,1,20,807,2,6.0,12.98,5.666666666666667,-1.0,10.855263157894736,0.46060606060606063
9,1.89,17.74,1900-01-01 13:28:13,13:28:46,2,4,33,0,35,808,2,5.0,9.77,6.666666666666667,4.0,17.460317460317462,0.5154545454545454
8,1.94,13.29,1900-01-01 13:28:24,13:28:57,3,4,33,0,35,808,2,9.0,17.74,7.333333333333333,-1.0,17.010309278350515,0.4703030303030303
4,3.39,9.87,1900-01-01 13:28:33,13:29:06,4,4,33,1,20,808,2,8.0,13.29,7.0,-4.0,9.734513274336283,0.4109090909090909
11,1.85,25.66,1900-01-01 13:29:36,13:30:09,1,4,33,0,35,809,2,4.0,9.87,7.666666666666667,7.0,17.83783783783784,0.6166666666666666
8,1.67,6.35,1900-01-01 13:29:47,13:30:20,5,4,33,1,20,809,2,11.0,25.66,7.666666666666667,-3.0,19.76047904191617,0.4048484848484848
5,2.31,17.49,1900-01-01 13:30:45,13:31:18,2,4,33,0,35,810,2,8.0,6.35,8.0,-3.0,14.285714285714285,0.35000000000000003
5,2.46,8.46,1900-01-01 13:30:56,13:31:29,3,4,33,1,20,810,2,5.0,17.49,6.0,0.0,13.414634146341463,0.37272727272727274
3,1.21,4.02,1900-01-01 13:31:05,13:31:38,4,4,33,1,20,811,2,5.0,8.46,4.333333333333333,-2.0,27.272727272727273,0.11
13,1.33,26.45,1900-01-01 13:32:08,13:32:41,1,4,33,0,35,812,2,3.0,4.02,7.0,10.0,24.81203007518797,0.5239393939393939
6,3.4,8.6,1900-01-01 13:32:19,13:32:52,5,4,33,1,20,812,2,13.0,26.45,7.333333333333333,-7.0,9.705882352941178,0.6181818181818182
4,2.97,10.53,1900-01-01 13:33:17,13:33:50,2,4,33,1,20,813,2,6.0,8.6,7.666666666666667,-2.0,11.11111111111111,0.36
10,1.69,14.2,1900-01-01 13:33:28,13:34:01,3,4,33,0,35,813,2,4.0,10.53,6.666666666666667,6.0,19.526627218934912,0.5121212121212121
5,5.33,9.93,1900-01-01 13:33:37,13:34:10,4,4,33,1,20,813,2,10.0,14.2,6.333333333333333,-5.0,6.191369606003752,0.8075757575757576
4,3.86,8.98,1900-01-01 13:34:40,13:35:13,1,4,33,1,20,814,2,5.0,9.93,6.333333333333333,-1.0,8.549222797927461,0.4678787878787879
1,0.0,6.49,1900-01-01 13:34:51,13:35:24,5,4,33,1,20,814,2,4.0,8.98,3.3333333333333335,-3.0,33.0,0.030303030303030304
1,0.0,10.18,1900-01-01 13:35:49,13:36:22,2,4,33,1,20,815,2,1.0,6.49,2.0,0.0,33.0,0.030303030303030304
3,8.33,5.86,1900-01-01 13:36:00,13:36:33,3,4,33,2,32,816,2,1.0,10.18,1.6666666666666667,2.0,3.9615846338535414,0.7572727272727273
6,5.27,6.12,1900-01-01 13:36:09,13:36:42,4,4,33,1,20,816,2,3.0,5.86,3.3333333333333335,3.0,6.261859582542695,0.958181818181818
1,0.0,8.04,1900-01-01 13:37:12,13:37:45,1,4,33,1,20,817,2,6.0,6.12,3.3333333333333335,-5.0,33.0,0.030303030303030304
1,0.0,6.45,1900-01-01 13:37:23,13:37:56,5,4,33,1,20,817,2,1.0,8.04,2.6666666666666665,0.0,33.0,0.030303030303030304
2,3.58,4.55,1900-01-01 13:38:21,13:38:54,2,4,33,1,20,818,2,1.0,6.45,1.3333333333333333,1.0,9.217877094972067,0.21696969696969698
3,13.04,4.32,1900-01-01 13:38:32,13:39:05,3,4,33,2,32,818,2,2.0,4.55,2.0,1.0,2.530674846625767,1.1854545454545453
2,9.08,5.01,1900-01-01 13:38:41,13:39:14,4,4,33,2,19,818,2,3.0,4.32,2.3333333333333335,-1.0,3.6343612334801763,0.5503030303030303
5,2.0,10.92,1900-01-01 13:39:44,13:40:17,1,4,33,1,20,819,2,2.0,5.01,3.3333333333333335,3.0,16.5,0.30303030303030304
1,0.0,2.55,1900-01-01 13:39:55,13:40:28,5,4,33,1,20,819,2,5.0,10.92,2.6666666666666665,-4.0,33.0,0.030303030303030304
3,10.04,5.4,1900-01-01 13:40:53,13:41:26,2,4,33,2,30,820,2,1.0,2.55,3.0,2.0,3.2868525896414345,0.9127272727272727
12,1.5,21.37,1900-01-01 13:41:04,13:41:37,3,4,33,0,35,821,2,3.0,5.4,5.333333333333333,9.0,22.0,0.5454545454545454
3,4.12,8.59,1900-01-01 13:41:13,13:41:46,4,4,33,1,20,821,2,12.0,21.37,6.0,-9.0,8.009708737864077,0.37454545454545457
5,4.08,10.99,1900-01-01 13:42:16,13:42:49,1,4,33,1,20,822,2,3.0,8.59,6.666666666666667,2.0,8.088235294117647,0.6181818181818182
1,0.0,1.5,1900-01-01 13:42:27,13:43:00,5,4,33,1,20,822,2,5.0,10.99,3.0,-4.0,33.0,0.030303030303030304
7,1.32,11.39,1900-01-01 13:43:25,13:43:58,2,4,33,0,35,823,2,1.0,1.5,4.333333333333333,6.0,25.0,0.28
9,2.7,12.01,1900-01-01 13:43:36,13:44:09,3,4,33,0,35,823,2,7.0,11.39,5.666666666666667,2.0,12.222222222222221,0.7363636363636364
1,0.0,4.42,1900-01-01 13:43:45,13:44:18,4,4,33,1,20,823,2,9.0,12.01,5.666666666666667,-8.0,33.0,0.030303030303030304
7,1.12,16.9,1900-01-01 13:44:48,13:45:21,1,4,33,0,35,824,2,1.0,4.42,5.666666666666667,6.0,29.46428571428571,0.2375757575757576
7,1.51,8.19,1900-01-01 13:44:59,13:45:32,5,4,33,1,20,824,2,7.0,16.9,5.0,0.0,21.85430463576159,0.3203030303030303
7,2.89,17.31,1900-01-01 13:45:57,13:46:30,2,4,33,0,35,825,2,7.0,8.19,7.0,0.0,11.418685121107266,0.613030303030303
6,1.53,9.7,1900-01-01 13:46:08,13:46:41,3,4,33,1,20,826,2,7.0,17.31,6.666666666666667,-1.0,21.56862745098039,0.2781818181818182
3,1.83,4.24,1900-01-01 13:46:17,13:46:50,4,4,33,1,20,826,2,6.0,9.7,5.333333333333333,-3.0,18.0327868852459,0.16636363636363638
6,2.55,14.26,1900-01-01 13:47:20,13:47:53,1,4,33,0,35,827,2,3.0,4.24,5.0,3.0,12.941176470588236,0.4636363636363636
11,2.54,13.78,1900-01-01 13:47:31,13:48:04,5,4,33,0,35,827,2,6.0,14.26,6.666666666666667,5.0,12.992125984251969,0.8466666666666667
15,1.51,26.62,1900-01-01 13:48:29,13:49:02,2,4,33,0,35,828,2,11.0,13.78,10.666666666666666,4.0,21.85430463576159,0.6863636363636364
6,1.52,10.5,1900-01-01 13:48:40,13:49:13,3,4,33,1,20,828,2,15.0,26.62,10.666666666666666,-9.0,21.710526315789473,0.27636363636363637
6,4.87,10.07,1900-01-01 13:48:49,13:49:22,4,4,33,1,20,828,2,6.0,10.5,9.0,0.0,6.776180698151951,0.8854545454545455
5,1.25,13.73,1900-01-01 13:49:52,13:50:25,1,4,33,1,20,829,2,6.0,10.07,5.666666666666667,-1.0,26.4,0.1893939393939394
9,1.53,12.14,1900-01-01 13:50:03,13:50:36,5,4,33,0,35,830,2,5.0,13.73,6.666666666666667,4.0,21.56862745098039,0.4172727272727273
7,1.61,10.78,1900-01-01 13:51:01,13:51:34,2,4,33,1,20,831,2,9.0,12.14,7.0,-2.0,20.496894409937887,0.34151515151515155
10,1.47,16.44,1900-01-01 13:51:12,13:51:45,3,4,33,0,35,831,2,7.0,10.78,8.666666666666666,3.0,22.448979591836736,0.44545454545454544
10,1.84,18.52,1900-01-01 13:51:21,13:51:54,4,4,33,0,35,831,2,10.0,16.44,9.0,0.0,17.934782608695652,0.5575757575757576
11,1.88,20.03,1900-01-01 13:52:24,13:52:57,1,4,33,0,35,832,2,10.0,18.52,10.333333333333334,1.0,17.5531914893617,0.6266666666666667
7,1.57,8.83,1900-01-01 13:52:35,13:53:08,5,4,33,1,20,832,2,11.0,20.03,9.333333333333334,-4.0,21.019108280254777,0.333030303030303
11,1.3,19.45,1900-01-01 13:53:33,13:54:06,2,4,33,0,35,833,2,7.0,8.83,9.666666666666666,4.0,25.384615384615383,0.43333333333333335
10,1.36,11.5,1900-01-01 13:53:44,13:54:17,3,4,33,0,35,833,2,11.0,19.45,9.333333333333334,-1.0,24.26470588235294,0.41212121212121217
7,1.82,12.52,1900-01-01 13:53:53,13:54:26,4,4,33,0,35,833,2,10.0,11.5,9.333333333333334,-3.0,18.13186813186813,0.38606060606060605
9,1.47,23.95,1900-01-01 13:54:56,13:55:29,1,4,33,0,35,834,2,7.0,12.52,8.666666666666666,2.0,22.448979591836736,0.4009090909090909
12,1.75,18.02,1900-01-01 13:55:07,13:55:40,5,4,33,0,35,835,2,9.0,23.95,9.333333333333334,3.0,18.857142857142858,0.6363636363636364
7,1.88,14.46,1900-01-01 13:56:05,13:56:38,2,4,33,0,35,836,2,12.0,18.02,9.333333333333334,-5.0,17.5531914893617,0.3987878787878788
10,2.68,16.77,1900-01-01 13:56:16,13:56:49,3,4,33,0,35,836,2,7.0,14.46,9.666666666666666,3.0,12.313432835820894,0.8121212121212122
4,4.28,9.81,1900-01-01 13:56:25,13:56:58,4,4,33,1,20,836,2,10.0,16.77,7.0,-6.0,7.710280373831775,0.5187878787878788
10,1.66,21.52,1900-01-01 13:57:28,13:58:01,1,4,33,0,35,837,2,4.0,9.81,8.0,6.0,19.87951807228916,0.5030303030303029
10,1.56,14.74,1900-01-01 13:57:39,13:58:12,5,4,33,0,35,837,2,10.0,21.52,8.0,0.0,21.153846153846153,0.4727272727272727
6,2.73,17.21,1900-01-01 13:58:37,13:59:10,2,4,33,0,35,838,2,10.0,14.74,8.666666666666666,-4.0,12.087912087912088,0.4963636363636364
11,1.86,17.67,1900-01-01 13:58:48,13:59:21,3,4,33,0,35,838,2,6.0,17.21,9.0,5.0,17.741935483870968,0.62
4,2.03,8.49,1900-01-01 13:58:57,13:59:30,4,4,33,1,20,838,2,11.0,17.67,7.0,-7.0,16.256157635467982,0.24606060606060604
7,1.86,13.38,1900-01-01 14:00:00,14:00:33,1,4,33,0,35,840,2,4.0,8.49,7.333333333333333,3.0,17.741935483870968,0.39454545454545453
4,2.03,7.18,1900-01-01 14:00:11,14:00:44,5,4,33,1,21,840,2,7.0,13.38,5.0,-3.0,16.256157635467982,0.24606060606060604
6,1.47,10.36,1900-01-01 14:01:09,14:01:42,2,4,33,1,20,841,2,4.0,7.18,5.666666666666667,2.0,22.448979591836736,0.2672727272727273
10,1.5,15.23,1900-01-01 14:01:20,14:01:53,3,4,33,0,35,841,2,6.0,10.36,6.666666666666667,4.0,22.0,0.45454545454545453
9,1.83,11.18,1900-01-01 14:01:29,14:02:02,4,4,33,0,35,841,2,10.0,15.23,8.333333333333334,-1.0,18.0327868852459,0.4990909090909091
6,2.03,11.12,1900-01-01 14:02:32,14:03:05,1,4,33,1,20,842,2,9.0,11.18,8.333333333333334,-3.0,16.256157635467982,0.369090909090909
8,1.3,12.55,1900-01-01 14:02:43,14:03:16,5,4,33,0,35,842,2,6.0,11.12,7.666666666666667,2.0,25.384615384615383,0.3151515151515152
8,2.01,11.82,1900-01-01 14:03:41,14:04:14,2,4,33,0,35,843,2,8.0,12.55,7.333333333333333,0.0,16.417910447761194,0.48727272727272725
9,1.53,14.39,1900-01-01 14:03:52,14:04:25,3,4,33,0,35,843,2,8.0,11.82,8.333333333333334,1.0,21.56862745098039,0.4172727272727273
7,1.28,9.87,1900-01-01 14:04:01,14:04:34,4,4,33,1,20,844,2,9.0,14.39,8.0,-2.0,25.78125,0.27151515151515154
8,1.81,17.08,1900-01-01 14:05:04,14:05:37,1,4,33,0,35,845,2,7.0,9.87,8.0,1.0,18.23204419889503,0.4387878787878788
10,1.65,10.91,1900-01-01 14:05:15,14:05:48,5,4,33,0,35,845,2,8.0,17.08,8.333333333333334,2.0,20.0,0.5
10,1.28,21.04,1900-01-01 14:06:13,14:06:46,2,4,33,0,35,846,2,10.0,10.91,9.333333333333334,0.0,25.78125,0.3878787878787879
11,1.83,11.85,1900-01-01 14:06:24,14:06:57,3,4,33,0,35,846,2,10.0,21.04,10.333333333333334,1.0,18.0327868852459,0.61
8,2.82,10.28,1900-01-01 14:06:33,14:07:06,4,4,33,0,35,846,2,11.0,11.85,9.666666666666666,-3.0,11.702127659574469,0.6836363636363636
12,1.75,20.69,1900-01-01 14:07:36,14:08:09,1,4,33,0,35,847,2,8.0,10.28,10.333333333333334,4.0,18.857142857142858,0.6363636363636364
8,3.94,7.55,1900-01-01 14:07:47,14:08:20,5,4,33,1,21,847,2,12.0,20.69,9.333333333333334,-4.0,8.375634517766498,0.9551515151515151
1,0.0,7.05,1900-01-01 14:08:45,14:09:18,2,4,33,1,20,848,2,8.0,7.55,7.0,-7.0,33.0,0.030303030303030304
9,2.77,11.23,1900-01-01 14:08:56,14:09:29,3,4,33,0,35,848,2,1.0,7.05,6.0,8.0,11.913357400722022,0.7554545454545454
7,3.99,16.44,1900-01-01 14:09:05,14:09:38,4,4,33,0,35,849,2,9.0,11.23,5.666666666666667,-2.0,8.270676691729323,0.8463636363636364
4,2.06,11.79,1900-01-01 14:10:08,14:10:41,1,4,33,1,20,850,2,7.0,16.44,6.666666666666667,-3.0,16.019417475728154,0.24969696969696972
7,3.62,7.16,1900-01-01 14:10:19,14:10:52,5,4,33,1,21,850,2,4.0,11.79,6.0,3.0,9.116022099447514,0.7678787878787878
3,4.21,9.86,1900-01-01 14:11:17,14:11:50,2,4,33,1,20,851,2,7.0,7.16,4.666666666666667,-4.0,7.838479809976247,0.3827272727272727
3,12.75,7.97,1900-01-01 14:11:28,14:12:01,3,4,33,2,38,851,2,3.0,9.86,4.333333333333333,0.0,2.588235294117647,1.159090909090909
9,3.56,19.77,1900-01-01 14:11:37,14:12:10,4,4,33,0,35,851,2,3.0,7.97,5.0,6.0,9.269662921348315,0.9709090909090908
2,16.5,4.31,1900-01-01 14:12:40,14:13:13,1,4,33,2,33,852,2,9.0,19.77,4.666666666666667,-7.0,2.0,1.0
3,7.5,4.61,1900-01-01 14:12:51,14:13:24,5,4,33,2,22,852,2,2.0,4.31,4.666666666666667,1.0,4.4,0.6818181818181818
9,1.76,19.64,1900-01-01 14:13:49,14:14:22,2,4,33,0,35,853,2,3.0,4.61,4.666666666666667,6.0,18.75,0.48
10,1.64,18.9,1900-01-01 14:14:00,14:14:33,3,4,33,0,35,854,2,9.0,19.64,7.333333333333333,1.0,20.121951219512198,0.4969696969696969
2,4.17,3.43,1900-01-01 14:14:09,14:14:42,4,4,33,1,20,854,2,10.0,18.9,7.0,-8.0,7.913669064748202,0.2527272727272727
0,0.0,1.26,1900-01-01 14:15:12,14:15:45,1,4,33,1,56,855,2,2.0,3.43,4.0,-2.0,33.0,0.0
4,1.92,5.65,1900-01-01 14:15:23,14:15:56,5,4,33,1,20,855,2,0.0,1.26,2.0,4.0,17.1875,0.23272727272727273
4,3.0,12.96,1900-01-01 14:16:21,14:16:54,2,4,33,1,20,856,2,4.0,5.65,2.6666666666666665,0.0,11.0,0.36363636363636365
5,2.5,16.58,1900-01-01 14:16:32,14:17:05,3,4,33,0,35,856,2,4.0,12.96,4.333333333333333,1.0,13.2,0.3787878787878788
1,0.0,4.14,1900-01-01 14:16:41,14:17:14,4,4,33,1,20,856,2,5.0,16.58,3.3333333333333335,-4.0,33.0,0.030303030303030304
0,0.0,3.49,1900-01-01 14:17:44,14:18:17,1,4,33,1,56,857,2,1.0,4.14,2.0,-1.0,33.0,0.0
2,23.67,2.83,1900-01-01 14:17:55,14:18:28,5,4,33,2,40,857,2,0.0,3.49,1.0,2.0,1.394169835234474,1.4345454545454546
0,0.0,1.27,1900-01-01 14:18:53,14:19:26,2,4,33,1,20,858,2,2.0,2.83,0.6666666666666666,-2.0,33.0,0.0
3,3.33,6.03,1900-01-01 14:19:04,14:19:37,3,4,33,1,20,859,2,0.0,1.27,1.6666666666666667,3.0,9.90990990990991,0.30272727272727273
5,2.29,8.54,1900-01-01 14:19:13,14:19:46,4,4,33,1,20,859,2,3.0,6.03,2.6666666666666665,2.0,14.410480349344978,0.346969696969697
6,2.85,23.44,1900-01-01 14:20:16,14:20:49,1,4,33,0,35,860,2,5.0,8.54,4.666666666666667,1.0,11.578947368421053,0.5181818181818182
10,1.94,14.82,1900-01-01 14:20:27,14:21:00,5,4,33,0,35,860,2,6.0,23.44,7.0,4.0,17.010309278350515,0.5878787878787879
10,1.55,24.12,1900-01-01 14:21:25,14:21:58,2,4,33,0,35,861,2,10.0,14.82,8.666666666666666,0.0,21.29032258064516,0.4696969696969697
2,4.67,6.02,1900-01-01 14:21:36,14:22:09,3,4,33,1,20,861,2,10.0,24.12,7.333333333333333,-8.0,7.0663811563169165,0.283030303030303
7,1.51,14.09,1900-01-01 14:21:45,14:22:18,4,4,33,0,35,861,2,2.0,6.02,6.333333333333333,5.0,21.85430463576159,0.3203030303030303
8,1.87,37.75,1900-01-01 14:22:48,14:23:21,1,4,33,0,35,862,2,7.0,14.09,5.666666666666667,1.0,17.64705882352941,0.45333333333333337
6,1.3,8.18,1900-01-01 14:22:59,14:23:32,5,4,33,1,20,862,2,8.0,37.75,7.0,-2.0,25.384615384615383,0.2363636363636364
8,1.94,12.88,1900-01-01 14:23:57,14:24:30,2,4,33,0,35,863,2,6.0,8.18,7.333333333333333,2.0,17.010309278350515,0.4703030303030303
8,1.58,10.83,1900-01-01 14:24:08,14:24:41,3,4,33,0,35,864,2,8.0,12.88,7.333333333333333,0.0,20.886075949367086,0.38303030303030305
7,1.67,12.08,1900-01-01 14:24:17,14:24:50,4,4,33,0,35,864,2,8.0,10.83,7.666666666666667,-1.0,19.76047904191617,0.3542424242424242
8,1.49,16.27,1900-01-01 14:25:20,14:25:53,1,4,33,0,35,865,2,7.0,12.08,7.666666666666667,1.0,22.14765100671141,0.3612121212121212
4,4.67,6.44,1900-01-01 14:25:31,14:26:04,5,4,33,1,20,865,2,8.0,16.27,6.333333333333333,-4.0,7.0663811563169165,0.566060606060606
13,2.07,20.02,1900-01-01 14:26:29,14:27:02,2,4,33,0,35,866,2,4.0,6.44,8.333333333333334,9.0,15.942028985507248,0.8154545454545454
10,1.55,18.15,1900-01-01 14:26:40,14:27:13,3,4,33,0,35,866,2,13.0,20.02,9.0,-3.0,21.29032258064516,0.4696969696969697
8,1.9,16.85,1900-01-01 14:26:49,14:27:22,4,4,33,0,35,866,2,10.0,18.15,10.333333333333334,-2.0,17.36842105263158,0.46060606060606063
11,2.09,21.81,1900-01-01 14:27:52,14:28:25,1,4,33,0,35,867,2,8.0,16.85,9.666666666666666,3.0,15.789473684210527,0.6966666666666667
15,1.65,29.47,1900-01-01 14:28:03,14:28:36,5,4,33,0,35,868,2,11.0,21.81,11.333333333333334,4.0,20.0,0.75
10,1.6,14.64,1900-01-01 14:29:01,14:29:34,2,4,33,0,35,869,2,15.0,29.47,12.0,-5.0,20.625,0.48484848484848486
10,1.95,15.89,1900-01-01 14:29:12,14:29:45,3,4,33,0,35,869,2,10.0,14.64,11.666666666666666,0.0,16.923076923076923,0.5909090909090909
12,1.9,20.45,1900-01-01 14:29:21,14:29:54,4,4,33,0,35,869,2,10.0,15.89,10.666666666666666,2.0,17.36842105263158,0.6909090909090909
14,1.68,35.93,1900-01-01 14:30:24,14:30:57,1,4,33,0,35,870,2,12.0,20.45,12.0,2.0,19.642857142857142,0.7127272727272728
16,1.89,18.69,1900-01-01 14:30:35,14:31:08,5,4,33,0,35,870,2,14.0,35.93,14.0,2.0,17.460317460317462,0.9163636363636363
6,2.65,11.22,1900-01-01 14:31:33,14:32:06,2,4,33,1,20,871,2,16.0,18.69,12.0,-10.0,12.452830188679245,0.4818181818181818
12,2.52,16.72,1900-01-01 14:31:44,14:32:17,3,4,33,0,35,871,2,6.0,11.22,11.333333333333334,6.0,13.095238095238095,0.9163636363636364
5,1.48,6.4,1900-01-01 14:31:53,14:32:26,4,4,33,1,20,871,2,12.0,16.72,7.666666666666667,-7.0,22.2972972972973,0.22424242424242424
10,2.02,19.33,1900-01-01 14:32:56,14:33:29,1,4,33,0,35,872,2,5.0,6.4,9.0,5.0,16.336633663366335,0.6121212121212122
9,1.38,9.77,1900-01-01 14:33:07,14:33:40,5,4,33,0,35,873,2,10.0,19.33,8.0,-1.0,23.91304347826087,0.37636363636363634
6,1.73,13.12,1900-01-01 14:34:05,14:34:38,2,4,33,1,20,874,2,9.0,9.77,8.333333333333334,-3.0,19.07514450867052,0.3145454545454546
4,1.81,8.27,1900-01-01 14:34:16,14:34:49,3,4,33,1,20,874,2,6.0,13.12,6.333333333333333,-2.0,18.23204419889503,0.2193939393939394
6,2.03,13.1,1900-01-01 14:34:25,14:34:58,4,4,33,1,20,874,2,4.0,8.27,5.333333333333333,2.0,16.256157635467982,0.369090909090909
12,1.48,23.0,1900-01-01 14:35:28,14:36:01,1,4,33,0,35,875,2,6.0,13.1,7.333333333333333,6.0,22.2972972972973,0.5381818181818182
9,1.48,11.26,1900-01-01 14:35:39,14:36:12,5,4,33,0,35,875,2,12.0,23.0,9.0,-3.0,22.2972972972973,0.4036363636363636
10,2.11,21.89,1900-01-01 14:36:37,14:37:10,2,4,33,0,35,876,2,9.0,11.26,10.333333333333334,1.0,15.639810426540285,0.6393939393939394
5,2.52,10.39,1900-01-01 14:36:48,14:37:21,3,4,33,1,20,876,2,10.0,21.89,8.0,-5.0,13.095238095238095,0.38181818181818183
9,1.98,19.13,1900-01-01 14:36:57,14:37:30,4,4,33,0,35,876,2,5.0,10.39,8.0,4.0,16.666666666666668,0.5399999999999999
7,1.4,15.14,1900-01-01 14:38:00,14:38:33,1,4,33,0,35,878,2,9.0,19.13,7.0,-2.0,23.571428571428573,0.29696969696969694
9,1.98,19.1,1900-01-01 14:38:11,14:38:44,5,4,33,0,35,878,2,7.0,15.14,8.333333333333334,2.0,16.666666666666668,0.5399999999999999
9,1.81,12.57,1900-01-01 14:39:09,14:39:42,2,4,33,0,35,879,2,9.0,19.1,8.333333333333334,0.0,18.23204419889503,0.4936363636363636
9,1.73,12.6,1900-01-01 14:39:20,14:39:53,3,4,33,0,35,879,2,9.0,12.57,9.0,0.0,19.07514450867052,0.47181818181818186
14,1.78,35.32,1900-01-01 14:39:29,14:40:02,4,4,33,0,35,879,2,9.0,12.6,10.666666666666666,5.0,18.53932584269663,0.7551515151515151
9,2.2,24.37,1900-01-01 14:40:32,14:41:05,1,4,33,0,35,880,2,14.0,35.32,10.666666666666666,-5.0,14.999999999999998,0.6000000000000001
8,2.99,9.87,1900-01-01 14:40:43,14:41:16,5,4,33,0,35,880,2,9.0,24.37,10.333333333333334,-1.0,11.036789297658862,0.724848484848485
10,2.26,17.78,1900-01-01 14:41:41,14:42:14,2,4,33,0,35,881,2,8.0,9.87,9.0,2.0,14.601769911504427,0.6848484848484848
10,1.52,24.26,1900-01-01 14:41:52,14:42:25,3,4,33,0,35,881,2,10.0,17.78,9.333333333333334,0.0,21.710526315789473,0.46060606060606063
6,2.02,10.83,1900-01-01 14:42:01,14:42:34,4,4,33,1,20,882,2,10.0,24.26,8.666666666666666,-4.0,16.336633663366335,0.3672727272727273
12,1.69,19.71,1900-01-01 14:43:04,14:43:37,1,4,33,0,35,883,2,6.0,10.83,9.333333333333334,6.0,19.526627218934912,0.6145454545454545
5,5.69,5.54,1900-01-01 14:43:15,14:43:48,5,4,33,1,31,883,2,12.0,19.71,7.666666666666667,-7.0,5.799648506151142,0.8621212121212122
9,3.28,12.42,1900-01-01 14:44:13,14:44:46,2,4,33,0,35,884,2,5.0,5.54,8.666666666666666,4.0,10.060975609756099,0.8945454545454544
6,4.87,9.77,1900-01-01 14:44:24,14:44:57,3,4,33,1,20,884,2,9.0,12.42,6.666666666666667,-3.0,6.776180698151951,0.8854545454545455
2,2.33,4.82,1900-01-01 14:44:33,14:45:06,4,4,33,1,20,884,2,6.0,9.77,5.666666666666667,-4.0,14.163090128755364,0.1412121212121212
6,2.08,17.55,1900-01-01 14:45:36,14:46:09,1,4,33,0,35,885,2,2.0,4.82,4.666666666666667,4.0,15.865384615384615,0.3781818181818182
1,0.0,3.26,1900-01-01 14:45:47,14:46:20,5,4,33,1,20,885,2,6.0,17.55,3.0,-5.0,33.0,0.030303030303030304
4,3.39,7.6,1900-01-01 14:46:45,14:47:18,2,4,33,1,20,886,2,1.0,3.26,3.6666666666666665,3.0,9.734513274336283,0.4109090909090909
6,4.53,10.68,1900-01-01 14:46:56,14:47:29,3,4,33,1,31,886,2,4.0,7.6,3.6666666666666665,2.0,7.28476821192053,0.8236363636363636
3,11.71,9.03,1900-01-01 14:47:05,14:47:38,4,4,33,2,35,887,2,6.0,10.68,4.333333333333333,-3.0,2.818104184457728,1.0645454545454547
1,0.0,7.47,1900-01-01 14:48:08,14:48:41,1,4,33,1,20,888,2,3.0,9.03,3.3333333333333335,-2.0,33.0,0.030303030303030304
9,2.24,8.69,1900-01-01 14:48:19,14:48:52,5,4,33,0,35,888,2,1.0,7.47,4.333333333333333,8.0,14.732142857142856,0.610909090909091
5,2.62,11.61,1900-01-01 14:49:17,14:49:50,2,4,33,1,20,889,2,9.0,8.69,5.0,-4.0,12.595419847328245,0.396969696969697
8,2.81,12.24,1900-01-01 14:49:28,14:50:01,3,4,33,0,35,889,2,5.0,11.61,7.333333333333333,3.0,11.743772241992882,0.6812121212121213
13,1.73,28.15,1900-01-01 14:49:37,14:50:10,4,4,33,0,35,889,2,8.0,12.24,8.666666666666666,5.0,19.07514450867052,0.6815151515151515
5,3.67,12.94,1900-01-01 14:50:40,14:51:13,1,4,33,1,20,890,2,13.0,28.15,8.666666666666666,-8.0,8.991825613079019,0.556060606060606
4,2.75,7.6,1900-01-01 14:50:51,14:51:24,5,4,33,1,20,890,2,5.0,12.94,7.333333333333333,-1.0,12.0,0.3333333333333333
4,2.97,10.98,1900-01-01 14:51:49,14:52:22,2,4,33,1,20,891,2,4.0,7.6,4.333333333333333,0.0,11.11111111111111,0.36
11,2.88,18.54,1900-01-01 14:52:00,14:52:33,3,4,33,0,35,892,2,4.0,10.98,6.333333333333333,7.0,11.458333333333334,0.96
9,3.22,27.79,1900-01-01 14:52:09,14:52:42,4,4,33,0,35,892,2,11.0,18.54,8.0,-2.0,10.248447204968944,0.8781818181818182
7,2.33,19.63,1900-01-01 14:53:12,14:53:45,1,4,33,0,35,893,2,9.0,27.79,9.0,-2.0,14.163090128755364,0.49424242424242426
8,2.23,9.93,1900-01-01 14:53:23,14:53:56,5,4,33,0,35,893,2,7.0,19.63,8.0,1.0,14.798206278026907,0.5406060606060605
4,1.64,4.81,1900-01-01 14:54:21,14:54:54,2,4,33,1,20,894,2,8.0,9.93,6.333333333333333,-4.0,20.121951219512198,0.19878787878787876
8,1.54,12.5,1900-01-01 14:54:32,14:55:05,3,4,33,0,35,894,2,4.0,4.81,6.666666666666667,4.0,21.428571428571427,0.37333333333333335
7,4.22,26.73,1900-01-01 14:54:41,14:55:14,4,4,33,0,35,894,2,8.0,12.5,6.333333333333333,-1.0,7.819905213270142,0.8951515151515151
3,2.42,6.49,1900-01-01 14:55:44,14:56:17,1,4,33,1,20,895,2,7.0,26.73,6.0,-4.0,13.636363636363637,0.22
10,1.96,11.94,1900-01-01 14:55:55,14:56:28,5,4,33,0,35,895,2,3.0,6.49,6.666666666666667,7.0,16.836734693877553,0.5939393939393939
5,3.69,12.29,1900-01-01 14:56:53,14:57:26,2,4,33,1,20,896,2,10.0,11.94,6.0,-5.0,8.94308943089431,0.5590909090909091
7,1.88,13.73,1900-01-01 14:57:04,14:57:37,3,4,33,0,35,897,2,5.0,12.29,7.333333333333333,2.0,17.5531914893617,0.3987878787878788
10,1.94,14.95,1900-01-01 14:57:13,14:57:46,4,4,33,0,35,897,2,7.0,13.73,7.333333333333333,3.0,17.010309278350515,0.5878787878787879
1,0.0,4.31,1900-01-01 14:58:16,14:58:49,1,4,33,1,20,898,2,10.0,14.95,6.0,-9.0,33.0,0.030303030303030304
11,2.04,16.64,1900-01-01 14:58:27,14:59:00,5,4,33,0,35,898,2,1.0,4.31,7.333333333333333,10.0,16.176470588235293,0.68
6,2.0,9.02,1900-01-01 14:59:25,14:59:58,2,4,33,1,20,899,2,11.0,16.64,6.0,-5.0,16.5,0.36363636363636365
5,5.88,10.31,1900-01-01 14:59:36,15:00:09,3,4,33,1,31,899,2,6.0,9.02,7.333333333333333,-1.0,5.612244897959184,0.8909090909090909
11,1.79,20.56,1900-01-01 14:59:45,15:00:18,4,4,33,0,35,899,2,5.0,10.31,7.333333333333333,6.0,18.435754189944134,0.5966666666666667
10,2.63,17.3,1900-01-01 15:00:48,15:01:21,1,4,33,0,35,900,2,11.0,20.56,8.666666666666666,-1.0,12.547528517110267,0.7969696969696969
9,2.36,17.59,1900-01-01 15:00:59,15:01:32,5,4,33,0,35,900,2,10.0,17.3,10.0,-1.0,13.983050847457628,0.6436363636363636
11,2.17,15.0,1900-01-01 15:01:57,15:02:30,2,4,33,0,35,901,2,9.0,17.59,10.0,2.0,15.207373271889402,0.7233333333333333
7,1.86,12.72,1900-01-01 15:02:08,15:02:41,3,4,33,0,35,902,2,11.0,15.0,9.0,-4.0,17.741935483870968,0.39454545454545453
4,4.22,11.73,1900-01-01 15:02:17,15:02:50,4,4,33,1,20,902,2,7.0,12.72,7.333333333333333,-3.0,7.819905213270142,0.5115151515151515
5,1.56,8.42,1900-01-01 15:03:20,15:03:53,1,4,33,1,20,903,2,4.0,11.73,5.333333333333333,1.0,21.153846153846153,0.23636363636363636
7,1.94,8.08,1900-01-01 15:03:31,15:04:04,5,4,33,1,20,903,2,5.0,8.42,5.333333333333333,2.0,17.010309278350515,0.4115151515151515
7,2.25,10.79,1900-01-01 15:04:29,15:05:02,2,4,33,1,20,904,2,7.0,8.08,6.333333333333333,0.0,14.666666666666666,0.4772727272727273
9,1.82,18.73,1900-01-01 15:04:40,15:05:13,3,4,33,0,35,904,2,7.0,10.79,7.666666666666667,2.0,18.13186813186813,0.4963636363636364
12,1.85,25.48,1900-01-01 15:04:49,15:05:22,4,4,33,0,35,904,2,9.0,18.73,9.333333333333334,3.0,17.83783783783784,0.6727272727272727
10,2.0,23.67,1900-01-01 15:05:52,15:06:25,1,4,33,0,35,905,2,12.0,25.48,10.333333333333334,-2.0,16.5,0.6060606060606061
6,1.8,7.74,1900-01-01 15:06:03,15:06:36,5,4,33,1,20,906,2,10.0,23.67,9.333333333333334,-4.0,18.333333333333332,0.32727272727272727
18,1.49,24.36,1900-01-01 15:07:01,15:07:34,2,4,33,0,35,907,2,6.0,7.74,11.333333333333334,12.0,22.14765100671141,0.8127272727272727
4,2.64,13.04,1900-01-01 15:07:12,15:07:45,3,4,33,1,20,907,2,18.0,24.36,9.333333333333334,-14.0,12.5,0.32
12,1.58,21.99,1900-01-01 15:07:21,15:07:54,4,4,33,0,35,907,2,4.0,13.04,11.333333333333334,8.0,20.886075949367086,0.5745454545454546
12,1.44,27.26,1900-01-01 15:08:24,15:08:57,1,4,33,0,35,908,2,12.0,21.99,9.333333333333334,0.0,22.916666666666668,0.5236363636363636
14,1.4,19.29,1900-01-01 15:08:35,15:09:08,5,4,33,0,35,908,2,12.0,27.26,12.666666666666666,2.0,23.571428571428573,0.5939393939393939
9,1.86,14.74,1900-01-01 15:09:33,15:10:06,2,4,33,0,35,909,2,14.0,19.29,11.666666666666666,-5.0,17.741935483870968,0.5072727272727273
10,1.66,17.34,1900-01-01 15:09:44,15:10:17,3,4,33,0,35,909,2,9.0,14.74,11.0,1.0,19.87951807228916,0.5030303030303029
10,1.73,14.91,1900-01-01 15:09:53,15:10:26,4,4,33,0,35,909,2,10.0,17.34,9.666666666666666,0.0,19.07514450867052,0.5242424242424243
10,2.48,21.08,1900-01-01 15:10:56,15:11:29,1,4,33,0,35,910,2,10.0,14.91,10.0,0.0,13.306451612903226,0.7515151515151515
12,2.55,19.97,1900-01-01 15:11:07,15:11:40,5,4,33,0,35,911,2,10.0,21.08,10.666666666666666,2.0,12.941176470588236,0.9272727272727272
11,1.84,25.23,1900-01-01 15:12:05,15:12:38,2,4,33,0,35,912,2,12.0,19.97,11.0,-1.0,17.934782608695652,0.6133333333333333
11,1.46,19.76,1900-01-01 15:12:16,15:12:49,3,4,33,0,35,912,2,11.0,25.23,11.333333333333334,0.0,22.602739726027398,0.48666666666666664
9,1.34,14.21,1900-01-01 15:12:25,15:12:58,4,4,33,0,35,912,2,11.0,19.76,10.333333333333334,-2.0,24.626865671641788,0.3654545454545455
10,1.19,22.23,1900-01-01 15:13:28,15:14:01,1,4,33,0,35,913,2,9.0,14.21,10.0,1.0,27.73109243697479,0.3606060606060606
8,1.81,9.68,1900-01-01 15:13:39,15:14:12,5,4,33,0,35,913,2,10.0,22.23,9.0,-2.0,18.23204419889503,0.4387878787878788
13,1.94,22.07,1900-01-01 15:14:37,15:15:10,2,4,33,0,35,914,2,8.0,9.68,10.333333333333334,5.0,17.010309278350515,0.7642424242424243
14,1.58,20.95,1900-01-01 15:14:48,15:15:21,3,4,33,0,35,914,2,13.0,22.07,11.666666666666666,1.0,20.886075949367086,0.6703030303030304
8,2.4,12.56,1900-01-01 15:14:57,15:15:30,4,4,33,0,35,914,2,14.0,20.95,11.666666666666666,-6.0,13.75,0.5818181818181818
8,1.38,14.26,1900-01-01 15:16:00,15:16:33,1,4,33,0,35,916,2,8.0,12.56,10.0,0.0,23.91304347826087,0.33454545454545453
8,2.19,11.81,1900-01-01 15:16:11,15:16:44,5,4,33,0,35,916,2,8.0,14.26,8.0,0.0,15.068493150684931,0.5309090909090909
1,0.0,5.88,1900-01-01 15:17:09,15:17:42,2,4,33,1,20,917,2,8.0,11.81,5.666666666666667,-7.0,33.0,0.030303030303030304
7,2.31,13.03,1900-01-01 15:17:20,15:17:53,3,4,33,0,35,917,2,1.0,5.88,5.333333333333333,6.0,14.285714285714285,0.49000000000000005
9,2.31,17.52,1900-01-01 15:17:29,15:18:02,4,4,33,0,35,917,2,7.0,13.03,5.666666666666667,2.0,14.285714285714285,0.63
8,2.6,17.04,1900-01-01 15:18:32,15:19:05,1,4,33,0,35,918,2,9.0,17.52,8.0,-1.0,12.692307692307692,0.6303030303030304
3,7.92,4.12,1900-01-01 15:18:43,15:19:16,5,4,33,2,24,918,2,8.0,17.04,6.666666666666667,-5.0,4.166666666666667,0.72
4,8.25,5.84,1900-01-01 15:19:41,15:20:14,2,4,33,2,33,919,2,3.0,4.12,5.0,1.0,4.0,1.0
3,13.79,6.48,1900-01-01 15:19:52,15:20:25,3,4,33,2,40,919,2,4.0,5.84,3.3333333333333335,-1.0,2.393038433647571,1.2536363636363634
2,6.75,6.55,1900-01-01 15:20:01,15:20:34,4,4,33,2,14,920,2,3.0,6.48,3.0,-1.0,4.888888888888889,0.40909090909090906
2,2.75,9.41,1900-01-01 15:21:04,15:21:37,1,4,33,1,20,921,2,2.0,6.55,2.3333333333333335,0.0,12.0,0.16666666666666666
6,2.32,6.07,1900-01-01 15:21:15,15:21:48,5,4,33,1,20,921,2,2.0,9.41,3.3333333333333335,4.0,14.224137931034484,0.42181818181818176
7,2.28,22.54,1900-01-01 15:22:13,15:22:46,2,4,33,0,35,922,2,6.0,6.07,5.0,1.0,14.473684210526317,0.4836363636363636
7,2.21,12.32,1900-01-01 15:22:24,15:22:57,3,4,33,0,35,922,2,7.0,22.54,6.666666666666667,0.0,14.93212669683258,0.46878787878787875
6,3.83,11.16,1900-01-01 15:22:33,15:23:06,4,4,33,1,25,922,2,7.0,12.32,6.666666666666667,-1.0,8.616187989556135,0.6963636363636364
7,3.51,14.25,1900-01-01 15:23:36,15:24:09,1,4,33,0,35,923,2,6.0,11.16,6.666666666666667,1.0,9.401709401709402,0.7445454545454545
3,2.33,7.03,1900-01-01 15:23:47,15:24:20,5,4,33,1,20,923,2,7.0,14.25,5.333333333333333,-4.0,14.163090128755364,0.21181818181818182
5,2.48,11.34,1900-01-01 15:24:45,15:25:18,2,4,33,1,20,924,2,3.0,7.03,5.0,2.0,13.306451612903226,0.37575757575757573
6,2.78,14.1,1900-01-01 15:24:56,15:25:29,3,4,33,0,35,924,2,5.0,11.34,4.666666666666667,1.0,11.870503597122303,0.5054545454545454
11,2.81,26.97,1900-01-01 15:25:05,15:25:38,4,4,33,0,35,925,2,6.0,14.1,7.333333333333333,5.0,11.743772241992882,0.9366666666666666
2,22.75,6.78,1900-01-01 15:26:08,15:26:41,1,4,33,2,40,926,2,11.0,26.97,6.333333333333333,-9.0,1.4505494505494505,1.378787878787879
5,2.1,10.33,1900-01-01 15:26:19,15:26:52,5,4,33,1,20,926,2,2.0,6.78,6.0,3.0,15.714285714285714,0.3181818181818182
5,3.75,9.28,1900-01-01 15:27:17,15:27:50,2,4,33,1,20,927,2,5.0,10.33,4.0,0.0,8.8,0.5681818181818181
7,1.61,13.16,1900-01-01 15:27:28,15:28:01,3,4,33,0,35,927,2,5.0,9.28,5.666666666666667,2.0,20.496894409937887,0.34151515151515155
8,1.8,17.21,1900-01-01 15:27:37,15:28:10,4,4,33,0,35,927,2,7.0,13.16,6.666666666666667,1.0,18.333333333333332,0.4363636363636364
5,1.71,21.74,1900-01-01 15:28:40,15:29:13,1,4,33,0,35,928,2,8.0,17.21,6.666666666666667,-3.0,19.29824561403509,0.2590909090909091
7,2.08,11.4,1900-01-01 15:28:51,15:29:24,5,4,33,0,35,928,2,5.0,21.74,6.666666666666667,2.0,15.865384615384615,0.4412121212121212
7,2.08,17.05,1900-01-01 15:29:49,15:30:22,2,4,33,0,35,929,2,7.0,11.4,6.333333333333333,0.0,15.865384615384615,0.4412121212121212
5,2.65,12.79,1900-01-01 15:30:00,15:30:33,3,4,33,1,20,930,2,7.0,17.05,6.333333333333333,-2.0,12.452830188679245,0.4015151515151515
5,2.6,9.97,1900-01-01 15:30:09,15:30:42,4,4,33,1,20,930,2,5.0,12.79,5.666666666666667,0.0,12.692307692307692,0.393939393939394
7,2.01,12.91,1900-01-01 15:31:12,15:31:45,1,4,33,0,35,931,2,5.0,9.97,5.666666666666667,2.0,16.417910447761194,0.42636363636363633
5,5.65,4.65,1900-01-01 15:31:23,15:31:56,5,4,33,1,20,931,2,7.0,12.91,5.666666666666667,-2.0,5.840707964601769,0.8560606060606062
6,2.0,16.0,1900-01-01 15:32:21,15:32:54,2,4,33,0,35,932,2,5.0,4.65,6.0,1.0,16.5,0.36363636363636365
2,5.14,5.89,1900-01-01 15:32:32,15:33:05,3,4,33,1,20,932,2,6.0,16.0,4.333333333333333,-4.0,6.42023346303502,0.3115151515151515
8,1.81,15.1,1900-01-01 15:32:41,15:33:14,4,4,33,0,35,932,2,2.0,5.89,5.333333333333333,6.0,18.23204419889503,0.4387878787878788
6,1.37,8.99,1900-01-01 15:33:44,15:34:17,1,4,33,1,20,933,2,8.0,15.1,5.333333333333333,-2.0,24.08759124087591,0.2490909090909091
7,1.58,7.65,1900-01-01 15:33:55,15:34:28,5,4,33,1,20,933,2,6.0,8.99,7.0,1.0,20.886075949367086,0.3351515151515152
7,0.97,13.92,1900-01-01 15:34:53,15:35:26,2,4,33,0,35,934,2,7.0,7.65,6.666666666666667,0.0,34.02061855670103,0.20575757575757575
6,3.0,14.58,1900-01-01 15:35:04,15:35:37,3,4,33,0,35,935,2,7.0,13.92,6.666666666666667,-1.0,11.0,0.5454545454545454
10,1.47,15.18,1900-01-01 15:35:13,15:35:46,4,4,33,0,35,935,2,6.0,14.58,7.666666666666667,4.0,22.448979591836736,0.44545454545454544
6,1.63,12.21,1900-01-01 15:36:16,15:36:49,1,4,33,1,20,936,2,10.0,15.18,7.333333333333333,-4.0,20.245398773006137,0.29636363636363633
8,2.18,9.85,1900-01-01 15:36:27,15:37:00,5,4,33,0,35,936,2,6.0,12.21,8.0,2.0,15.137614678899082,0.5284848484848486
4,2.89,6.69,1900-01-01 15:37:25,15:37:58,2,4,33,1,20,937,2,8.0,9.85,6.0,-4.0,11.418685121107266,0.3503030303030303
2,3.55,6.1,1900-01-01 15:37:36,15:38:09,3,4,33,1,20,937,2,4.0,6.69,4.666666666666667,-2.0,9.295774647887324,0.21515151515151515
11,2.42,19.06,1900-01-01 15:37:45,15:38:18,4,4,33,0,35,937,2,2.0,6.1,5.666666666666667,9.0,13.636363636363637,0.8066666666666666
1,0.0,2.63,1900-01-01 15:38:48,15:39:21,1,4,33,1,20,938,2,11.0,19.06,4.666666666666667,-10.0,33.0,0.030303030303030304
7,1.62,9.63,1900-01-01 15:38:59,15:39:32,5,4,33,1,20,938,2,1.0,2.63,6.333333333333333,6.0,20.37037037037037,0.34363636363636363
4,4.44,14.07,1900-01-01 15:39:57,15:40:30,2,4,33,1,20,939,2,7.0,9.63,4.0,-3.0,7.432432432432432,0.5381818181818182
3,4.53,8.45,1900-01-01 15:40:08,15:40:41,3,4,33,1,20,940,2,4.0,14.07,4.666666666666667,-1.0,7.28476821192053,0.4118181818181818
9,1.72,17.06,1900-01-01 15:40:17,15:40:50,4,4,33,0,35,940,2,3.0,8.45,5.333333333333333,6.0,19.186046511627907,0.46909090909090906
7,1.79,14.54,1900-01-01 15:41:20,15:41:53,1,4,33,0,35,941,2,9.0,17.06,6.333333333333333,-2.0,18.435754189944134,0.3796969696969697
5,3.16,13.52,1900-01-01 15:41:31,15:42:04,5,4,33,1,20,941,2,7.0,14.54,7.0,-2.0,10.443037974683543,0.4787878787878788
5,2.04,10.23,1900-01-01 15:42:29,15:43:02,2,4,33,1,20,942,2,5.0,13.52,5.666666666666667,0.0,16.176470588235293,0.3090909090909091
4,4.52,9.27,1900-01-01 15:42:40,15:43:13,3,4,33,1,20,942,2,5.0,10.23,4.666666666666667,-1.0,7.300884955752213,0.5478787878787879
6,1.65,20.27,1900-01-01 15:42:49,15:43:22,4,4,33,0,35,942,2,4.0,9.27,5.0,2.0,20.0,0.3
12,1.73,28.93,1900-01-01 15:43:52,15:44:25,1,4,33,0,35,943,2,6.0,20.27,7.333333333333333,6.0,19.07514450867052,0.6290909090909091
6,2.47,15.92,1900-01-01 15:44:03,15:44:36,5,4,33,0,35,944,2,12.0,28.93,8.0,-6.0,13.360323886639675,0.44909090909090915
10,1.42,16.7,1900-01-01 15:45:01,15:45:34,2,4,33,0,35,945,2,6.0,15.92,9.333333333333334,4.0,23.23943661971831,0.43030303030303024
2,3.74,4.08,1900-01-01 15:45:12,15:45:45,3,4,33,1,20,945,2,10.0,16.7,6.0,-8.0,8.823529411764705,0.22666666666666668
11,1.4,18.35,1900-01-01 15:45:21,15:45:54,4,4,33,0,35,945,2,2.0,4.08,7.666666666666667,9.0,23.571428571428573,0.4666666666666666
9,1.74,16.29,1900-01-01 15:46:24,15:46:57,1,4,33,0,35,946,2,11.0,18.35,7.333333333333333,-2.0,18.96551724137931,0.47454545454545455
2,4.32,5.35,1900-01-01 15:46:35,15:47:08,5,4,33,1,20,946,2,9.0,16.29,7.333333333333333,-7.0,7.638888888888888,0.26181818181818184
9,3.07,21.39,1900-01-01 15:47:33,15:48:06,2,4,33,0,35,947,2,2.0,5.35,6.666666666666667,7.0,10.749185667752444,0.8372727272727272
5,3.39,12.45,1900-01-01 15:47:44,15:48:17,3,4,33,1,20,947,2,9.0,21.39,5.333333333333333,-4.0,9.734513274336283,0.5136363636363637
10,1.5,15.6,1900-01-01 15:47:53,15:48:26,4,4,33,0,35,947,2,5.0,12.45,8.0,5.0,22.0,0.45454545454545453
12,1.61,20.93,1900-01-01 15:48:56,15:49:29,1,4,33,0,35,948,2,10.0,15.6,9.0,2.0,20.496894409937887,0.5854545454545454
2,3.8,6.17,1900-01-01 15:49:07,15:49:40,5,4,33,1,20,949,2,12.0,20.93,8.0,-10.0,8.68421052631579,0.23030303030303031
7,2.1,11.93,1900-01-01 15:50:05,15:50:38,2,4,33,0,35,950,2,2.0,6.17,7.0,5.0,15.714285714285714,0.4454545454545455
3,3.82,9.03,1900-01-01 15:50:16,15:50:49,3,4,33,1,20,950,2,7.0,11.93,4.0,-4.0,8.638743455497382,0.3472727272727273
5,3.98,5.18,1900-01-01 15:50:25,15:50:58,4,4,33,1,20,950,2,3.0,9.03,5.0,2.0,8.291457286432161,0.603030303030303
10,1.18,12.82,1900-01-01 15:51:28,15:52:01,1,4,33,0,35,951,2,5.0,5.18,6.0,5.0,27.966101694915256,0.35757575757575755
4,5.02,12.06,1900-01-01 15:51:39,15:52:12,5,4,33,1,20,951,2,10.0,12.82,6.333333333333333,-6.0,6.573705179282869,0.6084848484848484
7,4.4,8.87,1900-01-01 15:52:37,15:53:10,2,4,33,1,20,952,2,4.0,12.06,7.0,3.0,7.499999999999999,0.9333333333333335
2,4.68,6.12,1900-01-01 15:52:48,15:53:21,3,4,33,1,20,952,2,7.0,8.87,4.333333333333333,-5.0,7.051282051282052,0.28363636363636363
3,5.15,7.92,1900-01-01 15:52:57,15:53:30,4,4,33,1,20,952,2,2.0,6.12,4.0,1.0,6.407766990291262,0.4681818181818182
11,2.63,26.5,1900-01-01 15:54:00,15:54:33,1,4,33,0,35,954,2,3.0,7.92,5.333333333333333,8.0,12.547528517110267,0.8766666666666666
4,4.11,11.27,1900-01-01 15:54:11,15:54:44,5,4,33,1,20,954,2,11.0,26.5,6.0,-7.0,8.02919708029197,0.4981818181818182
2,2.83,8.53,1900-01-01 15:55:09,15:55:42,2,4,33,1,20,955,2,4.0,11.27,5.666666666666667,-2.0,11.66077738515901,0.17151515151515154
3,4.79,8.67,1900-01-01 15:55:20,15:55:53,3,4,33,1,20,955,2,2.0,8.53,3.0,1.0,6.8893528183716075,0.4354545454545454
3,5.08,8.19,1900-01-01 15:55:29,15:56:02,4,4,33,1,20,955,2,3.0,8.67,2.6666666666666665,0.0,6.496062992125984,0.4618181818181818
2,5.1,5.36,1900-01-01 15:56:32,15:57:05,1,4,33,1,20,956,2,3.0,8.19,2.6666666666666665,-1.0,6.470588235294118,0.3090909090909091
2,5.39,5.01,1900-01-01 15:56:43,15:57:16,5,4,33,1,20,956,2,2.0,5.36,2.3333333333333335,0.0,6.122448979591837,0.32666666666666666
3,3.7,7.66,1900-01-01 15:57:41,15:58:14,2,4,33,1,20,957,2,2.0,5.01,2.3333333333333335,1.0,8.91891891891892,0.33636363636363636
6,2.75,16.25,1900-01-01 15:57:52,15:58:25,3,4,33,0,35,957,2,3.0,7.66,3.6666666666666665,3.0,12.0,0.5
2,3.85,4.78,1900-01-01 15:58:01,15:58:34,4,4,33,1,20,958,2,6.0,16.25,3.6666666666666665,-4.0,8.571428571428571,0.23333333333333334
4,4.1,11.13,1900-01-01 15:59:04,15:59:37,1,4,33,1,20,959,2,2.0,4.78,4.0,2.0,8.048780487804878,0.49696969696969695
3,4.76,8.21,1900-01-01 15:59:15,15:59:48,5,4,33,1,20,959,2,4.0,11.13,3.0,-1.0,6.932773109243698,0.43272727272727274
