Total_Vehiculos,Tiempo_Medio_s,Ocupacion_Espacial_%,Hora_Inicio,Hora_Fin,Dia_Semana,Direccion,move_time_s,cluster,tiempo_optimo_s
9,3.74,20.96,07:58:35,07:59:08,4,3,33,0,40
7,4.02,17.87,07:59:13,07:59:46,4,4,33,0,35
3,1.9,7.46,07:59:51,08:00:24,4,2,33,1,20
7,4.23,19.05,08:00:29,08:01:02,4,1,33,0,35
8,1.8,20.82,08:01:07,08:01:40,4,3,33,0,35
9,3.81,23.21,08:01:45,08:02:18,4,4,33,0,35
10,2.57,19.54,08:02:23,08:02:56,4,2,33,0,35
6,1.33,14.41,08:03:01,08:03:34,4,1,33,0,35
9,2.16,24.48,08:03:39,08:04:12,4,3,33,0,35
7,2.1,16.15,08:04:17,08:04:50,4,4,33,0,35
1,0.0,6.3,08:04:55,08:05:28,4,2,33,1,33
8,2.17,20.97,08:05:33,08:06:06,4,1,33,0,35
3,3.55,7.44,08:06:11,08:06:44,4,3,33,1,20
9,2.93,22.61,08:06:49,08:07:22,4,4,33,0,35
8,1.64,19.71,08:07:27,08:08:00,4,2,33,0,35
3,3.4,6.94,08:08:05,08:08:38,4,1,33,1,20
4,4.19,9.98,08:08:43,08:09:16,4,3,33,1,20
4,3.26,9.84,08:09:21,08:09:54,4,4,33,1,20
1,0.0,3.16,08:09:59,08:10:32,4,2,33,1,33
8,3.89,20.02,08:10:37,08:11:10,4,1,33,0,35
2,3.27,5.3,08:11:15,08:11:48,4,3,33,1,20
4,1.17,11.02,08:11:53,08:12:26,4,4,33,1,20
3,7.33,6.16,08:12:31,08:13:04,4,2,33,2,22
6,4.21,16.97,08:13:09,08:13:42,4,1,33,0,35
9,1.39,24.89,08:13:47,08:14:20,4,3,33,0,35
12,1.15,18.63,08:14:25,08:14:58,4,4,33,0,35
2,2.67,3.51,08:15:03,08:15:36,4,2,33,1,20
8,2.36,22.2,08:15:41,08:16:14,4,1,33,0,35
4,3.35,10.58,08:16:19,08:16:52,4,3,33,1,20
4,2.86,9.42,08:16:57,08:17:30,4,4,33,1,20
7,1.99,13.22,08:17:35,08:18:08,4,2,33,0,35
9,2.94,20.96,08:18:13,08:18:46,4,1,33,0,35
7,3.39,17.61,08:18:51,08:19:24,4,3,33,0,35
8,3.07,17.08,08:19:29,08:20:02,4,4,33,0,35
4,2.58,6.45,08:20:07,08:20:40,4,2,33,1,20
4,2.66,9.95,08:20:45,08:21:18,4,1,33,1,20
7,3.47,16.3,08:21:23,08:21:56,4,3,33,0,35
4,2.94,9.21,08:22:01,08:22:34,4,4,33,1,20
6,1.82,12.91,08:22:39,08:23:12,4,2,33,1,20
6,1.57,14.83,08:23:17,08:23:50,4,1,33,0,35
6,2.28,12.17,08:23:55,08:24:28,4,3,33,1,20
3,4.88,2.38,08:24:33,08:25:06,4,4,33,1,20
7,1.56,12.0,08:25:11,08:25:44,4,2,33,0,35
2,1.9,5.4,08:25:49,08:26:22,4,1,33,1,20
9,3.05,20.18,08:26:27,08:27:00,4,3,33,0,35
4,6.64,5.46,08:27:05,08:27:38,4,4,33,1,20
5,2.67,13.94,08:27:43,08:28:16,4,2,33,1,20
6,1.66,14.43,08:28:21,08:28:54,4,1,33,0,35
8,3.11,22.65,08:28:59,08:29:32,4,3,33,0,35
4,2.94,9.22,08:29:37,08:30:10,4,4,33,1,20
8,2.08,14.12,08:30:15,08:30:48,4,2,33,0,35
5,1.29,5.66,08:30:53,08:31:26,4,1,33,1,20
10,3.44,15.55,08:31:31,08:32:04,4,3,33,0,35
1,0.0,2.94,08:32:09,08:32:42,4,4,33,1,20
4,2.97,11.51,08:32:47,08:33:20,4,2,33,1,20
7,2.78,7.01,08:33:25,08:33:58,4,1,33,1,20
3,2.88,4.8,08:34:03,08:34:36,4,3,33,1,20
5,2.92,16.33,08:34:41,08:35:14,4,4,33,0,35
4,3.42,6.83,08:35:19,08:35:52,4,2,33,1,20
0,0.0,2.81,08:35:57,08:36:30,4,1,33,1,20
6,3.0,9.88,08:36:35,08:37:08,4,3,33,1,20
4,3.36,6.3,08:37:13,08:37:46,4,4,33,1,20
3,1.21,6.21,08:37:51,08:38:24,4,2,33,1,20
5,2.44,6.07,08:38:29,08:39:02,4,1,33,1,20
11,2.83,20.97,08:39:07,08:39:40,4,3,33,0,35
1,0.0,2.25,08:39:45,08:40:18,4,4,33,1,20
3,1.62,7.95,08:40:23,08:40:56,4,2,33,1,20
9,1.93,9.61,08:41:01,08:41:34,4,1,33,0,35
9,2.11,16.4,08:41:39,08:42:12,4,3,33,0,35
5,2.85,9.71,08:42:17,08:42:50,4,4,33,1,20
4,5.42,6.08,08:42:55,08:43:28,4,2,33,1,20
8,3.73,7.83,08:43:33,08:44:06,4,1,33,1,20
5,2.62,8.45,08:44:11,08:44:44,4,3,33,1,20
2,0.83,2.01,08:44:49,08:45:22,4,4,33,1,20
10,2.7,28.04,08:45:27,08:46:00,4,2,33,0,35
8,3.2,7.0,08:46:05,08:46:38,4,1,33,1,20
9,3.11,10.16,08:46:43,08:47:16,4,3,33,0,35
9,1.93,14.53,08:47:21,08:47:54,4,4,33,0,35
8,1.99,17.37,08:47:59,08:48:32,4,2,33,0,35
3,12.46,8.62,08:48:37,08:49:10,4,1,33,2,37
7,2.19,15.0,08:49:15,08:49:48,4,3,33,0,35
9,1.95,20.63,08:49:53,08:50:26,4,4,33,0,35
5,1.73,16.86,08:50:31,08:51:04,4,2,33,0,35
6,1.42,5.5,08:51:09,08:51:42,4,1,33,1,20
2,4.92,3.52,08:51:47,08:52:20,4,3,33,1,23
2,2.75,2.19,08:52:25,08:52:58,4,4,33,1,20
10,2.35,13.57,08:53:03,08:53:36,4,2,33,0,35
1,0.0,0.73,08:53:41,08:54:14,4,1,33,1,20
9,2.21,19.52,08:54:19,08:54:52,4,3,33,0,35
4,5.22,11.97,08:54:57,08:55:30,4,4,33,1,20
3,3.0,8.85,08:55:35,08:56:08,4,2,33,1,20
9,2.58,10.24,08:56:13,08:56:46,4,1,33,0,35
6,2.3,16.36,08:56:51,08:57:24,4,3,33,0,35
7,1.76,11.73,08:57:29,08:58:02,4,4,33,0,35
12,1.77,30.63,08:58:07,08:58:40,4,2,33,0,35
14,1.17,14.34,08:58:45,08:59:18,4,1,33,0,35
6,5.92,6.71,08:59:23,08:59:56,4,3,33,1,23
2,10.33,2.64,09:00:01,09:00:34,4,4,33,2,23
6,1.78,17.65,09:00:39,09:01:12,4,2,33,0,35
2,0.08,1.33,09:01:17,09:01:50,4,1,33,1,20
3,2.08,3.14,09:01:55,09:02:28,4,3,33,1,20
5,1.6,7.58,09:02:33,09:03:06,4,4,33,1,20
1,0.0,2.79,09:03:11,09:03:44,4,2,33,1,20
8,1.46,11.86,09:03:49,09:04:22,4,1,33,0,35
5,2.23,10.38,09:04:27,09:05:00,4,3,33,1,20
3,8.62,5.02,09:05:05,09:05:38,4,4,33,2,23
2,4.25,5.63,09:05:43,09:06:16,4,2,33,1,20
3,2.67,2.73,09:06:21,09:06:54,4,1,33,1,20
13,1.97,24.65,09:06:59,09:07:32,4,3,33,0,35
7,2.62,27.37,09:07:37,09:08:10,4,4,33,0,35
8,2.42,15.05,09:08:15,09:08:48,4,2,33,0,35
3,10.88,1.86,09:08:53,09:09:26,4,1,33,2,32
8,3.75,10.36,09:09:31,09:10:04,4,3,33,0,35
4,2.36,10.82,09:10:09,09:10:42,4,4,33,1,20
5,5.4,14.8,09:10:47,09:11:20,4,2,33,1,20
6,1.25,7.05,09:11:25,09:11:58,4,1,33,1,20
3,1.42,3.23,09:12:03,09:12:36,4,3,33,1,20
4,2.56,6.86,09:12:41,09:13:14,4,4,33,1,20
3,11.33,6.19,09:13:19,09:13:52,4,2,33,2,33
7,1.9,10.84,09:13:57,09:14:30,4,1,33,1,20
5,4.6,4.96,09:14:35,09:15:08,4,3,33,1,20
3,1.46,4.21,09:15:13,09:15:46,4,4,33,1,20
4,3.08,10.05,09:15:51,09:16:24,4,2,33,1,20
2,0.67,2.59,09:16:29,09:17:02,4,1,33,1,20
10,2.46,25.41,09:17:07,09:17:40,4,3,33,0,35
3,1.92,5.74,09:17:45,09:18:18,4,4,33,1,20
8,1.96,16.94,09:18:23,09:18:56,4,2,33,0,35
2,0.17,2.35,09:19:01,09:19:34,4,1,33,1,20
14,2.06,19.66,09:19:39,09:20:12,4,3,33,0,35
8,3.96,13.72,09:20:17,09:20:50,4,4,33,0,35
1,0.0,5.13,09:20:55,09:21:28,4,2,33,1,20
3,3.83,2.88,09:21:33,09:22:06,4,1,33,1,20
6,2.12,9.08,09:22:11,09:22:44,4,3,33,1,24
6,1.67,11.06,09:22:49,09:23:22,4,4,33,1,20
4,3.11,13.86,09:23:27,09:24:00,4,2,33,1,20
4,2.03,4.04,09:24:05,09:24:38,4,1,33,1,20
8,1.54,14.6,09:24:43,09:25:16,4,3,33,0,35
5,1.75,9.22,09:25:21,09:25:54,4,4,33,1,20
4,5.06,9.58,09:25:59,09:26:32,4,2,33,1,20
5,0.75,6.06,09:26:37,09:27:10,4,1,33,1,20
6,5.3,7.46,09:27:15,09:27:48,4,3,33,1,24
9,2.19,21.06,09:27:53,09:28:26,4,4,33,0,35
3,5.75,12.14,09:28:31,09:29:04,4,2,33,1,20
7,3.97,5.95,09:29:09,09:29:42,4,1,33,1,20
7,3.24,9.34,09:29:47,09:30:20,4,3,33,1,24
6,3.5,13.66,09:30:25,09:30:58,4,4,33,0,35
10,2.31,20.66,09:31:03,09:31:36,4,2,33,0,35
8,3.73,12.09,09:31:41,09:32:14,4,1,33,0,35
3,2.29,5.37,09:32:19,09:32:52,4,3,33,1,20
2,14.58,2.27,09:32:57,09:33:30,4,4,33,2,27
4,5.47,6.25,09:33:35,09:34:08,4,2,33,1,28
3,3.33,2.1,09:34:13,09:34:46,4,1,33,1,20
6,4.83,18.4,09:34:51,09:35:24,4,3,33,0,35
3,7.17,6.22,09:35:29,09:36:02,4,4,33,2,27
8,2.56,15.66,09:36:07,09:36:40,4,2,33,0,35
9,1.86,10.5,09:36:45,09:37:18,4,1,33,0,35
6,1.97,11.84,09:37:23,09:37:56,4,3,33,1,20
6,5.63,8.25,09:38:01,09:38:34,4,4,33,1,27
6,4.9,8.92,09:38:39,09:39:12,4,2,33,1,28
4,8.36,3.27,09:39:17,09:39:50,4,1,33,2,33
8,3.57,12.69,09:39:55,09:40:28,4,3,33,0,35
4,2.89,9.08,09:40:33,09:41:06,4,4,33,1,27
10,1.54,15.56,09:41:11,09:41:44,4,2,33,0,35
10,1.8,9.89,09:41:49,09:42:22,4,1,33,0,35
4,3.19,14.52,09:42:27,09:43:00,4,3,33,1,20
6,5.43,11.36,09:43:05,09:43:38,4,4,33,1,27
8,2.33,23.3,09:43:43,09:44:16,4,2,33,0,35
11,1.57,12.29,09:44:21,09:44:54,4,1,33,0,35
8,2.6,15.2,09:44:59,09:45:32,4,3,33,0,35
8,1.75,15.1,09:45:37,09:46:10,4,4,33,0,35
6,2.33,15.1,09:46:15,09:46:48,4,2,33,0,35
9,3.29,8.28,09:46:53,09:47:26,4,1,33,0,35
3,1.42,4.88,09:47:31,09:48:04,4,3,33,1,20
9,2.02,21.1,09:48:09,09:48:42,4,4,33,0,35
12,1.92,20.02,09:48:47,09:49:20,4,2,33,0,35
6,4.53,5.9,09:49:25,09:49:58,4,1,33,1,20
6,1.77,12.11,09:50:03,09:50:36,4,3,33,1,20
7,1.67,14.15,09:50:41,09:51:14,4,4,33,0,35
5,4.9,12.13,09:51:19,09:51:52,4,2,33,1,20
6,1.57,5.75,09:51:57,09:52:30,4,1,33,1,20
10,3.48,14.96,09:52:35,09:53:08,4,3,33,0,35
11,1.65,21.83,09:53:13,09:53:46,4,4,33,0,35
7,4.62,11.27,09:53:51,09:54:24,4,2,33,1,20
5,1.12,3.82,09:54:29,09:55:02,4,1,33,1,20
7,1.61,12.35,09:55:07,09:55:40,4,3,33,0,35
6,3.15,10.9,09:55:45,09:56:18,4,4,33,1,20
4,2.92,13.37,09:56:23,09:56:56,4,2,33,1,20
1,0.0,2.37,09:57:01,09:57:34,4,1,33,1,20
6,4.57,15.39,09:57:39,09:58:12,4,3,33,0,35
11,1.7,24.22,09:58:17,09:58:50,4,4,33,0,35
2,0.08,4.69,09:58:55,09:59:28,4,2,33,1,20
1,0.0,1.05,09:59:33,10:00:06,4,1,33,1,20
6,2.65,10.94,10:00:11,10:00:44,4,3,33,1,20
6,3.52,23.69,10:00:49,10:01:22,4,4,33,0,35
2,2.42,6.65,10:01:27,10:02:00,4,2,33,1,20
3,7.29,4.13,10:02:05,10:02:38,4,1,33,2,22
4,3.25,7.91,10:02:43,10:03:16,4,3,33,1,20
12,1.61,18.83,10:03:21,10:03:54,4,4,33,0,35
5,5.02,8.47,10:03:59,10:04:32,4,2,33,1,20
6,4.55,4.83,10:04:37,10:05:10,4,1,33,1,20
5,4.25,8.24,10:05:15,10:05:48,4,3,33,1,20
6,2.22,11.05,10:05:53,10:06:26,4,4,33,1,20
4,2.69,6.39,10:06:31,10:07:04,4,2,33,1,20
9,1.81,8.6,10:07:09,10:07:42,4,1,33,0,35
9,2.95,13.48,10:07:47,10:08:20,4,3,33,0,35
10,2.81,18.24,10:08:25,10:08:58,4,4,33,0,35
3,6.54,9.06,10:09:03,10:09:36,4,2,33,1,20
8,2.24,10.85,10:09:41,10:10:14,4,1,33,0,35
10,2.7,12.9,10:10:19,10:10:52,4,3,33,0,35
7,3.67,12.5,10:10:57,10:11:30,4,4,33,0,35
5,4.88,9.63,10:11:35,10:12:08,4,2,33,1,20
5,1.81,7.0,10:12:13,10:12:46,4,1,33,1,20
5,3.06,6.09,10:12:51,10:13:24,4,3,33,1,20
4,1.92,12.68,10:13:29,10:14:02,4,4,33,1,20
7,3.76,15.0,10:14:07,10:14:40,4,2,33,0,35
12,1.73,14.19,10:14:45,10:15:18,4,1,33,0,35
4,5.64,8.81,10:15:23,10:15:56,4,3,33,1,24
5,3.44,8.7,10:16:01,10:16:34,4,4,33,1,20
9,1.69,15.21,10:16:39,10:17:12,4,2,33,0,35
7,2.04,6.47,10:17:17,10:17:50,4,1,33,1,20
11,2.92,14.58,10:17:55,10:18:28,4,3,33,0,35
6,3.15,9.52,10:18:33,10:19:06,4,4,33,1,20
6,2.22,12.63,10:19:11,10:19:44,4,2,33,1,20
2,5.33,2.94,10:19:49,10:20:22,4,1,33,1,20
10,2.43,18.92,10:20:27,10:21:00,4,3,33,0,35
5,2.29,12.34,10:21:05,10:21:38,4,4,33,1,20
6,2.82,14.27,10:21:43,10:22:16,4,2,33,0,35
3,2.04,2.27,10:22:21,10:22:54,4,1,33,1,20
7,3.53,11.44,10:22:59,10:23:32,4,3,33,1,24
8,2.08,29.01,10:23:37,10:24:10,4,4,33,0,35
9,1.59,14.26,10:24:15,10:24:48,4,2,33,0,35
3,13.83,6.35,10:24:53,10:25:26,4,1,33,2,40
6,3.43,8.01,10:25:31,10:26:04,4,3,33,1,24
6,1.93,7.5,10:26:09,10:26:42,4,4,33,1,20
9,3.3,19.59,10:26:47,10:27:20,4,2,33,0,35
4,3.75,4.08,10:27:25,10:27:58,4,1,33,1,20
6,3.07,9.83,10:28:03,10:28:36,4,3,33,1,24
4,1.5,4.87,10:28:41,10:29:14,4,4,33,1,20
2,2.5,8.15,10:29:19,10:29:52,4,2,33,1,20
3,13.04,2.21,10:29:57,10:30:30,4,1,33,2,40
7,4.58,12.22,10:30:35,10:31:08,4,3,33,0,37
6,2.1,11.91,10:31:13,10:31:46,4,4,33,1,20
5,1.67,9.98,10:31:51,10:32:24,4,2,33,1,20
6,3.7,4.37,10:32:29,10:33:02,4,1,33,1,20
4,3.64,7.81,10:33:07,10:33:40,4,3,33,1,20
4,3.53,11.49,10:33:45,10:34:18,4,4,33,1,20
6,2.13,11.74,10:34:23,10:34:56,4,2,33,1,20
5,1.35,4.53,10:35:01,10:35:34,4,1,33,1,20
5,2.25,7.06,10:35:39,10:36:12,4,3,33,1,20
4,2.44,9.92,10:36:17,10:36:50,4,4,33,1,20
5,4.21,8.39,10:36:55,10:37:28,4,2,33,1,20
7,1.5,7.41,10:37:33,10:38:06,4,1,33,1,20
12,2.47,18.08,10:38:11,10:38:44,4,3,33,0,37
8,1.74,10.17,10:38:49,10:39:22,4,4,33,0,35
10,1.68,16.12,10:39:27,10:40:00,4,2,33,0,35
8,4.31,5.9,10:40:05,10:40:38,4,1,33,1,20
11,2.43,19.68,10:40:43,10:41:16,4,3,33,0,37
9,1.93,20.77,10:41:21,10:41:54,4,4,33,0,35
8,3.32,14.02,10:41:59,10:42:32,4,2,33,0,35
6,3.48,5.69,10:42:37,10:43:10,4,1,33,1,20
11,2.77,20.42,10:43:15,10:43:48,4,3,33,0,37
10,3.15,11.87,10:43:53,10:44:26,4,4,33,0,35
16,1.53,28.73,10:44:31,10:45:04,4,2,33,0,35
1,0.0,1.81,10:45:09,10:45:42,4,1,33,1,20
12,2.18,17.92,10:45:47,10:46:20,4,3,33,0,35
5,6.19,8.36,10:46:25,10:46:58,4,4,33,1,20
5,2.73,12.3,10:47:03,10:47:36,4,2,33,1,20
3,4.42,6.32,10:47:41,10:48:14,4,1,33,1,20
5,5.77,5.94,10:48:19,10:48:52,4,3,33,1,32
1,0.0,3.13,10:48:57,10:49:30,4,4,33,1,20
9,1.6,20.99,10:49:35,10:50:08,4,2,33,0,35
6,1.67,8.09,10:50:13,10:50:46,4,1,33,1,20
10,2.85,23.12,10:50:51,10:51:24,4,3,33,0,35
2,1.08,3.59,10:51:29,10:52:02,4,4,33,1,20
7,2.26,15.19,10:52:07,10:52:40,4,2,33,0,35
4,7.64,3.04,10:52:45,10:53:18,4,1,33,2,30
5,7.0,8.3,10:53:23,10:53:56,4,3,33,1,32
4,2.31,7.34,10:54:01,10:54:34,4,4,33,1,20
5,2.23,7.76,10:54:39,10:55:12,4,2,33,1,20
7,1.81,7.28,10:55:17,10:55:50,4,1,33,1,20
8,2.06,11.23,10:55:55,10:56:28,4,3,33,0,35
13,1.61,24.34,10:56:33,10:57:06,4,4,33,0,35
7,2.53,13.4,10:57:11,10:57:44,4,2,33,0,35
12,1.88,14.04,10:57:49,10:58:22,4,1,33,0,35
7,2.64,11.18,10:58:27,10:59:00,4,3,33,1,32
8,2.13,14.97,10:59:05,10:59:38,4,4,33,0,35
3,3.58,8.21,10:59:43,11:00:16,4,2,33,1,20
2,4.25,2.89,11:00:21,11:00:54,4,1,33,1,21
4,2.61,2.58,11:00:59,11:01:32,4,3,33,1,20
5,1.85,10.38,11:01:37,11:02:10,4,4,33,1,20
6,5.03,11.28,11:02:15,11:02:48,4,2,33,1,30
13,2.37,13.48,11:02:53,11:03:26,4,1,33,0,35
4,3.06,16.75,11:03:31,11:04:04,4,3,33,1,20
7,2.67,15.15,11:04:09,11:04:42,4,4,33,0,35
4,8.17,9.77,11:04:47,11:05:20,4,2,33,2,32
6,5.87,7.56,11:05:25,11:05:58,4,1,33,1,21
11,2.01,19.77,11:06:03,11:06:36,4,3,33,0,35
12,2.39,21.44,11:06:41,11:07:14,4,4,33,0,35
5,4.92,10.12,11:07:19,11:07:52,4,2,33,1,30
4,9.5,4.93,11:07:57,11:08:30,4,1,33,2,37
15,1.92,22.35,11:08:35,11:09:08,4,3,33,0,35
12,2.3,18.27,11:09:13,11:09:46,4,4,33,0,35
10,2.01,18.6,11:09:51,11:10:24,4,2,33,0,35
7,1.83,8.26,11:10:29,11:11:02,4,1,33,1,21
8,3.24,11.68,11:11:07,11:11:40,4,3,33,0,35
11,1.96,18.69,11:11:45,11:12:18,4,4,33,0,35
9,2.97,16.68,11:12:23,11:12:56,4,2,33,0,35
13,1.4,16.86,11:13:01,11:13:34,4,1,33,0,35
9,2.3,24.09,11:13:39,11:14:12,4,3,33,0,35
8,1.96,15.0,11:14:17,11:14:50,4,4,33,0,35
7,1.9,18.86,11:14:55,11:15:28,4,2,33,0,35
1,0.0,1.87,11:15:33,11:16:06,4,1,33,1,20
7,2.97,14.31,11:16:11,11:16:44,4,3,33,0,35
9,2.9,12.97,11:16:49,11:17:22,4,4,33,0,35
7,2.44,10.82,11:17:27,11:18:00,4,2,33,1,25
9,1.74,10.9,11:18:05,11:18:38,4,1,33,0,55
5,5.4,14.48,11:18:43,11:19:16,4,3,33,1,29
7,4.14,9.75,11:19:21,11:19:54,4,4,33,1,20
5,5.21,11.85,11:19:59,11:20:32,4,2,33,1,25
6,1.48,8.17,11:20:37,11:21:10,4,1,33,1,20
7,1.28,11.82,11:21:15,11:21:48,4,3,33,0,35
9,2.55,22.65,11:21:53,11:22:26,4,4,33,0,35
4,3.69,7.73,11:22:31,11:23:04,4,2,33,1,25
5,1.31,32.09,11:23:09,11:23:42,4,1,33,0,55
10,2.83,15.34,11:23:47,11:24:20,4,3,33,0,35
3,9.54,6.41,11:24:25,11:24:58,4,4,33,2,28
9,1.78,12.48,11:25:03,11:25:36,4,2,33,0,35
0,0.0,27.14,11:25:41,11:26:14,4,1,33,0,55
14,2.18,28.84,11:26:19,11:26:52,4,3,33,0,35
1,0.0,4.35,11:26:57,11:27:30,4,4,33,1,20
7,4.78,11.4,11:27:35,11:28:08,4,2,33,1,25
7,1.46,29.26,11:28:13,11:28:46,4,1,33,0,55
12,2.29,18.67,11:28:51,11:29:24,4,3,33,0,35
1,0.0,3.35,11:29:29,11:30:02,4,4,33,1,20
3,5.96,6.51,11:30:07,11:30:40,4,2,33,1,22
7,4.15,9.14,11:30:45,11:31:18,4,1,33,1,20
9,1.45,11.29,11:31:23,11:31:56,4,3,33,0,35
7,2.36,28.16,11:32:01,11:32:34,4,4,33,0,35
3,14.12,6.06,11:32:39,11:33:12,4,2,33,2,36
4,1.53,5.2,11:33:17,11:33:50,4,1,33,1,20
7,4.07,11.64,11:33:55,11:34:28,4,3,33,1,20
9,1.73,26.63,11:34:33,11:35:06,4,4,33,0,35
6,3.4,10.68,11:35:11,11:35:44,4,2,33,1,22
9,1.55,10.27,11:35:49,11:36:22,4,1,33,0,35
9,1.82,14.11,11:36:27,11:37:00,4,3,33,0,35
10,3.22,45.27,11:37:05,11:37:38,4,4,33,0,35
8,3.5,11.92,11:37:43,11:38:16,4,2,33,0,35
10,1.68,9.36,11:38:21,11:38:54,4,1,33,0,35
2,1.25,2.26,11:38:59,11:39:32,4,3,33,1,20
11,1.86,22.93,11:39:37,11:40:10,4,4,33,0,35
3,10.29,7.01,11:40:15,11:40:48,4,2,33,2,36
9,1.62,10.91,11:40:53,11:41:26,4,1,33,0,35
8,3.75,21.45,11:41:31,11:42:04,4,3,33,0,35
10,1.94,19.72,11:42:09,11:42:42,4,4,33,0,35
7,1.69,12.82,11:42:47,11:43:20,4,2,33,0,35
3,2.12,2.69,11:43:25,11:43:58,4,1,33,1,20
3,6.04,2.26,11:44:03,11:44:36,4,3,33,1,20
7,2.58,14.63,11:44:41,11:45:14,4,4,33,0,35
2,0.0,4.45,11:45:19,11:45:52,4,2,33,1,20
4,8.14,7.36,11:45:57,11:46:30,4,1,33,2,32
9,2.15,14.06,11:46:35,11:47:08,4,3,33,0,35
13,1.36,26.37,11:47:13,11:47:46,4,4,33,0,35
1,0.0,3.34,11:47:51,11:48:24,4,2,33,1,20
8,1.87,9.37,11:48:29,11:49:02,4,1,33,0,35
6,0.95,5.86,11:49:07,11:49:40,4,3,33,1,20
11,1.77,14.88,11:49:45,11:50:18,4,4,33,0,35
4,5.83,7.05,11:50:23,11:50:56,4,2,33,1,20
6,4.9,9.14,11:51:01,11:51:34,4,1,33,1,23
4,2.69,7.19,11:51:39,11:52:12,4,3,33,1,20
5,5.94,10.34,11:52:17,11:52:50,4,4,33,1,28
6,1.88,12.6,11:52:55,11:53:28,4,2,33,1,20
8,1.8,9.8,11:53:33,11:54:06,4,1,33,0,35
7,3.57,7.49,11:54:11,11:54:44,4,3,33,1,20
5,4.44,8.59,11:54:49,11:55:22,4,4,33,1,28
11,2.64,16.77,11:55:27,11:56:00,4,2,33,0,35
5,2.83,4.09,11:56:05,11:56:38,4,1,33,1,23
7,2.01,10.74,11:56:43,11:57:16,4,3,33,1,20
9,2.8,12.73,11:57:21,11:57:54,4,4,33,0,35
5,4.02,11.21,11:57:59,11:58:32,4,2,33,1,20
14,1.93,14.06,11:58:37,11:59:10,4,1,33,0,35
11,2.58,18.84,11:59:15,11:59:48,4,3,33,0,35
6,1.87,13.45,11:59:53,12:00:26,4,4,33,0,35
6,4.4,9.52,12:00:31,12:01:04,4,2,33,1,23
6,2.82,5.87,12:01:09,12:01:42,4,1,33,1,20
11,2.04,16.61,12:01:47,12:02:20,4,3,33,0,35
9,3.4,21.68,12:02:25,12:02:58,4,4,33,0,35
6,2.9,12.87,12:03:03,12:03:36,4,2,33,1,23
2,21.08,2.95,12:03:41,12:04:14,4,1,33,2,40
8,2.63,17.37,12:04:19,12:04:52,4,3,33,0,35
8,4.08,16.58,12:04:57,12:05:30,4,4,33,0,35
13,2.41,16.68,12:05:35,12:06:08,4,2,33,0,35
12,1.2,11.1,12:06:13,12:06:46,4,1,33,0,35
14,2.01,22.07,12:06:51,12:07:24,4,3,33,0,35
7,1.42,12.09,12:07:29,12:08:02,4,4,33,0,35
9,1.84,16.05,12:08:07,12:08:40,4,2,33,0,35
11,1.52,13.09,12:08:45,12:09:18,4,1,33,0,35
4,2.72,7.75,12:09:23,12:09:56,4,3,33,1,20
4,2.64,8.42,12:10:01,12:10:34,4,4,33,1,20
5,1.63,22.42,12:10:39,12:11:12,4,2,33,0,35
9,2.12,15.01,12:11:17,12:11:50,4,1,33,0,35
9,3.16,11.4,12:11:55,12:12:28,4,3,33,0,35
12,2.87,21.89,12:12:33,12:13:06,4,4,33,0,35
8,2.58,12.29,12:13:11,12:13:44,4,2,33,0,35
5,1.85,4.13,12:13:49,12:14:22,4,1,33,1,20
10,1.91,17.88,12:14:27,12:15:00,4,3,33,0,35
15,1.75,32.31,12:15:05,12:15:38,4,4,33,0,35
8,1.67,13.52,12:15:43,12:16:16,4,2,33,0,35
3,8.88,1.73,12:16:21,12:16:54,4,1,33,2,26
9,2.34,15.15,12:16:59,12:17:32,4,3,33,0,35
7,1.83,15.46,12:17:37,12:18:10,4,4,33,0,35
11,1.93,21.21,12:18:15,12:18:48,4,2,33,0,35
8,1.69,11.83,12:18:53,12:19:26,4,1,33,0,35
3,2.29,4.03,12:19:31,12:20:04,4,3,33,1,20
5,2.71,9.72,12:20:09,12:20:42,4,4,33,1,20
3,2.62,8.35,12:20:47,12:21:20,4,2,33,1,20
10,1.6,10.67,12:21:25,12:21:58,4,1,33,0,35
4,2.47,6.29,12:22:03,12:22:36,4,3,33,1,20
1,0.0,1.2,12:22:41,12:23:14,4,4,33,1,20
7,2.81,11.94,12:23:19,12:23:52,4,2,33,0,35
9,2.7,12.3,12:23:57,12:24:30,4,1,33,0,35
12,1.64,16.57,12:24:35,12:25:08,4,3,33,0,35
6,2.52,5.35,12:25:13,12:25:46,4,4,33,1,20
1,0.0,8.92,12:25:51,12:26:24,4,2,33,1,20
5,1.73,9.0,12:26:29,12:27:02,4,1,33,1,20
5,2.6,10.74,12:27:07,12:27:40,4,3,33,1,20
6,4.88,12.54,12:27:45,12:28:18,4,4,33,1,20
8,1.68,14.99,12:28:23,12:28:56,4,2,33,0,35
9,1.53,7.96,12:29:01,12:29:34,4,1,33,0,35
3,1.67,3.57,12:29:39,12:30:12,4,3,33,1,20
10,2.76,15.2,12:30:17,12:30:50,4,4,33,0,35
1,0.0,4.09,12:30:55,12:31:28,4,2,33,1,20
5,1.83,3.93,12:31:33,12:32:06,4,1,33,1,20
6,3.73,8.1,12:32:11,12:32:44,4,3,33,1,20
0,0.0,1.67,12:32:49,12:33:22,4,4,33,1,35
8,4.2,14.98,12:33:27,12:34:00,4,2,33,0,35
7,3.6,6.58,12:34:05,12:34:38,4,1,33,1,20
2,2.0,4.32,12:34:43,12:35:16,4,3,33,1,20
2,2.42,8.58,12:35:21,12:35:54,4,4,33,1,35
4,7.86,9.14,12:35:59,12:36:32,4,2,33,2,34
6,1.52,4.67,12:36:37,12:37:10,4,1,33,1,20
9,2.25,12.6,12:37:15,12:37:48,4,3,33,0,35
7,2.29,11.73,12:37:53,12:38:26,4,4,33,0,35
3,11.88,8.96,12:38:31,12:39:04,4,2,33,2,34
10,3.31,14.32,12:39:09,12:39:42,4,1,33,0,35
13,1.92,23.23,12:39:47,12:40:20,4,3,33,0,35
15,1.46,26.87,12:40:25,12:40:58,4,4,33,0,35
7,2.89,12.42,12:41:03,12:41:36,4,2,33,0,35
10,1.72,8.15,12:41:41,12:42:14,4,1,33,0,35
12,2.27,16.46,12:42:19,12:42:52,4,3,33,0,35
10,2.16,16.22,12:42:57,12:43:30,4,4,33,0,35
4,5.08,10.41,12:43:35,12:44:08,4,2,33,1,20
4,1.56,3.74,12:44:13,12:44:46,4,1,33,1,20
7,2.88,12.94,12:44:51,12:45:24,4,3,33,0,35
10,1.58,23.85,12:45:29,12:46:02,4,4,33,0,35
4,1.75,7.13,12:46:07,12:46:40,4,2,33,1,20
4,2.67,4.85,12:46:45,12:47:18,4,1,33,1,20
8,2.32,14.64,12:47:23,12:47:56,4,3,33,0,35
13,1.97,25.31,12:48:01,12:48:34,4,4,33,0,35
5,3.69,9.9,12:48:39,12:49:12,4,2,33,1,20
10,1.94,13.28,12:49:17,12:49:50,4,1,33,0,35
3,11.46,5.99,12:49:55,12:50:28,4,3,33,2,34
12,2.42,27.19,12:50:33,12:51:06,4,4,33,0,35
3,1.96,5.77,12:51:11,12:51:44,4,2,33,1,20
9,3.44,7.69,12:51:49,12:52:22,4,1,33,0,35
5,2.29,9.58,12:52:27,12:53:00,4,3,33,1,20
11,1.49,24.49,12:53:05,12:53:38,4,4,33,0,35
7,3.0,11.24,12:53:43,12:54:16,4,2,33,1,20
8,2.93,7.84,12:54:21,12:54:54,4,1,33,1,20
10,1.87,14.87,12:54:59,12:55:32,4,3,33,0,35
10,1.56,16.12,12:55:37,12:56:10,4,4,33,0,35
10,2.74,22.23,12:56:15,12:56:48,4,2,33,0,35
4,8.22,4.34,12:56:53,12:57:26,4,1,33,2,32
7,3.26,15.31,12:57:31,12:58:04,4,3,33,0,35
9,1.46,15.85,12:58:09,12:58:42,4,4,33,0,35
4,4.69,8.47,12:58:47,12:59:20,4,2,33,1,20
8,2.44,9.16,12:59:25,12:59:58,4,1,33,1,20
3,2.58,5.33,13:00:03,13:00:36,4,3,33,1,20
10,1.57,17.11,13:00:41,13:01:14,4,4,33,0,35
11,2.39,25.63,13:01:19,13:01:52,4,2,33,0,35
9,2.08,8.55,13:01:57,13:02:30,4,1,33,0,35
10,2.32,14.7,13:02:35,13:03:08,4,3,33,0,35
0,0.0,14.13,13:03:13,13:03:46,4,4,33,1,35
5,4.81,7.13,13:03:51,13:04:24,4,2,33,1,20
6,2.0,4.13,13:04:29,13:05:02,4,1,33,1,20
6,1.55,11.68,13:05:07,13:05:40,4,3,33,1,20
0,0.0,10.09,13:05:45,13:06:18,4,4,33,1,35
1,0.0,5.21,13:06:23,13:06:56,4,2,33,1,20
1,0.0,1.07,13:07:01,13:07:34,4,1,33,1,20
7,3.88,12.06,13:07:39,13:08:12,4,3,33,0,35
1,0.0,5.62,13:08:17,13:08:50,4,4,33,1,35
6,2.35,10.93,13:08:55,13:09:28,4,2,33,1,20
4,1.58,5.18,13:09:33,13:10:06,4,1,33,1,20
3,3.17,7.43,13:10:11,13:10:44,4,3,33,1,20
6,2.22,13.02,13:10:49,13:11:22,4,4,33,1,35
8,1.32,12.44,13:11:27,13:12:00,4,2,33,0,35
4,2.53,3.33,13:12:05,13:12:38,4,1,33,1,20
9,2.5,18.14,13:12:43,13:13:16,4,3,33,0,35
8,1.9,17.42,13:13:21,13:13:54,4,4,33,0,35
1,0.0,5.41,13:13:59,13:14:32,4,2,33,1,20
4,6.5,6.11,13:14:37,13:15:10,4,1,33,1,20
4,2.17,5.48,13:15:15,13:15:48,4,3,33,1,20
3,1.46,6.2,13:15:53,13:16:26,4,4,33,1,20
3,2.38,8.87,13:16:31,13:17:04,4,2,33,1,20
6,2.08,5.85,13:17:09,13:17:42,4,1,33,1,20
8,3.31,14.56,13:17:47,13:18:20,4,3,33,0,35
5,2.02,12.2,13:18:25,13:18:58,4,4,33,1,20
7,1.9,15.66,13:19:03,13:19:36,4,2,33,0,35
5,2.29,3.27,13:19:41,13:20:14,4,1,33,1,20
8,2.52,15.3,13:20:19,13:20:52,4,3,33,0,35
9,2.07,11.57,13:20:57,13:21:30,4,4,33,0,35
0,0.0,7.05,13:21:35,13:22:08,4,2,33,1,20
3,3.62,3.08,13:22:13,13:22:46,4,1,33,1,20
4,1.42,8.86,13:22:51,13:23:24,4,3,33,1,20
4,4.75,5.97,13:23:29,13:24:02,4,4,33,1,20
6,2.97,16.43,13:24:07,13:24:40,4,2,33,0,35
0,0.0,0.18,13:24:45,13:25:18,4,1,33,1,20
10,1.8,26.43,13:25:23,13:25:56,4,3,33,0,35
6,1.95,10.86,13:26:01,13:26:34,4,4,33,1,20
9,3.39,15.86,13:26:39,13:27:12,4,2,33,0,35
7,3.78,8.58,13:27:17,13:27:50,4,1,33,1,20
8,3.01,10.64,13:27:55,13:28:28,4,3,33,0,35
4,3.39,9.87,13:28:33,13:29:06,4,4,33,1,20
4,1.44,9.6,13:29:11,13:29:44,4,2,33,1,20
2,4.67,2.16,13:29:49,13:30:22,4,1,33,1,20
12,2.0,19.84,13:30:27,13:31:00,4,3,33,0,35
3,1.21,4.02,13:31:05,13:31:38,4,4,33,1,20
8,2.79,13.14,13:31:43,13:32:16,4,2,33,0,35
6,2.9,8.43,13:32:21,13:32:54,4,1,33,1,20
12,2.17,21.58,13:32:59,13:33:32,4,3,33,0,35
5,5.33,9.93,13:33:37,13:34:10,4,4,33,1,20
6,2.07,21.83,13:34:15,13:34:48,4,2,33,0,35
5,1.27,5.08,13:34:53,13:35:26,4,1,33,1,20
8,3.3,16.14,13:35:31,13:36:04,4,3,33,0,35
6,5.27,6.12,13:36:09,13:36:42,4,4,33,1,20
8,4.25,13.27,13:36:47,13:37:20,4,2,33,0,35
1,0.0,0.76,13:37:25,13:37:58,4,1,33,1,20
16,1.75,31.7,13:38:03,13:38:36,4,3,33,0,35
2,9.08,5.01,13:38:41,13:39:14,4,4,33,2,19
8,2.2,13.64,13:39:19,13:39:52,4,2,33,0,35
3,8.92,2.17,13:39:57,13:40:30,4,1,33,2,26
8,3.38,25.44,13:40:35,13:41:08,4,3,33,0,35
3,4.12,8.59,13:41:13,13:41:46,4,4,33,1,20
6,2.2,13.62,13:41:51,13:42:24,4,2,33,0,35
4,1.61,4.99,13:42:29,13:43:02,4,1,33,1,20
7,3.28,16.06,13:43:07,13:43:40,4,3,33,0,35
1,0.0,4.42,13:43:45,13:44:18,4,4,33,1,20
3,1.38,9.53,13:44:23,13:44:56,4,2,33,1,20
5,2.65,4.55,13:45:01,13:45:34,4,1,33,1,20
2,3.25,4.45,13:45:39,13:46:12,4,3,33,1,20
3,1.83,4.24,13:46:17,13:46:50,4,4,33,1,20
7,3.97,14.03,13:46:55,13:47:28,4,2,33,0,35
10,1.7,9.64,13:47:33,13:48:06,4,1,33,0,35
7,3.22,22.22,13:48:11,13:48:44,4,3,33,0,35
6,4.87,10.07,13:48:49,13:49:22,4,4,33,1,20
2,4.42,5.32,13:49:27,13:50:00,4,2,33,1,20
4,8.94,3.25,13:50:05,13:50:38,4,1,33,2,35
9,2.6,13.0,13:50:43,13:51:16,4,3,33,0,35
10,1.84,18.52,13:51:21,13:51:54,4,4,33,0,35
5,2.65,6.99,13:51:59,13:52:32,4,2,33,1,20
10,2.92,16.66,13:52:37,13:53:10,4,1,33,0,35
10,2.69,23.72,13:53:15,13:53:48,4,3,33,0,35
7,1.82,12.52,13:53:53,13:54:26,4,4,33,0,35
9,1.98,15.01,13:54:31,13:55:04,4,2,33,0,35
8,1.13,9.07,13:55:09,13:55:42,4,1,33,0,35
14,2.33,28.95,13:55:47,13:56:20,4,3,33,0,35
4,4.28,9.81,13:56:25,13:56:58,4,4,33,1,20
3,3.88,6.68,13:57:03,13:57:36,4,2,33,1,20
5,2.35,6.51,13:57:41,13:58:14,4,1,33,1,20
9,2.97,16.02,13:58:19,13:58:52,4,3,33,0,35
4,2.03,8.49,13:58:57,13:59:30,4,4,33,1,20
9,1.31,15.62,13:59:35,14:00:08,4,2,33,0,35
3,11.08,2.83,14:00:13,14:00:46,4,1,33,2,30
9,2.15,17.75,14:00:51,14:01:24,4,3,33,0,35
9,1.83,11.18,14:01:29,14:02:02,4,4,33,0,35
5,6.27,13.15,14:02:07,14:02:40,4,2,33,1,20
3,6.79,2.03,14:02:45,14:03:18,4,1,33,2,30
7,5.12,19.65,14:03:23,14:03:56,4,3,33,0,35
7,1.28,9.87,14:04:01,14:04:34,4,4,33,1,20
5,2.02,11.07,14:04:39,14:05:12,4,2,33,1,20
6,1.88,5.34,14:05:17,14:05:50,4,1,33,1,20
13,1.96,27.61,14:05:55,14:06:28,4,3,33,0,35
8,2.82,10.28,14:06:33,14:07:06,4,4,33,0,35
2,2.83,4.05,14:07:11,14:07:44,4,2,33,1,20
5,7.27,4.16,14:07:49,14:08:22,4,1,33,2,30
7,2.65,17.27,14:08:27,14:09:00,4,3,33,0,35
7,3.99,16.44,14:09:05,14:09:38,4,4,33,0,35
6,3.9,14.06,14:09:43,14:10:16,4,2,33,0,35
6,2.27,5.3,14:10:21,14:10:54,4,1,33,1,20
8,3.26,9.74,14:10:59,14:11:32,4,3,33,0,35
9,3.56,19.77,14:11:37,14:12:10,4,4,33,0,35
6,1.73,10.72,14:12:15,14:12:48,4,2,33,1,20
4,2.69,3.26,14:12:53,14:13:26,4,1,33,1,20
8,3.39,19.85,14:13:31,14:14:04,4,3,33,0,35
2,4.17,3.43,14:14:09,14:14:42,4,4,33,1,20
2,3.58,5.04,14:14:47,14:15:20,4,2,33,1,20
3,4.46,3.42,14:15:25,14:15:58,4,1,33,1,20
4,1.83,4.04,14:16:03,14:16:36,4,3,33,1,20
1,0.0,4.14,14:16:41,14:17:14,4,4,33,1,20
5,1.33,12.45,14:17:19,14:17:52,4,2,33,1,20
0,0.0,0.6,14:17:57,14:18:30,4,1,33,1,20
5,2.75,8.47,14:18:35,14:19:08,4,3,33,1,20
5,2.29,8.54,14:19:13,14:19:46,4,4,33,1,20
6,1.73,10.85,14:19:51,14:20:24,4,2,33,1,20
8,2.71,11.1,14:20:29,14:21:02,4,1,33,0,35
6,4.82,9.51,14:21:07,14:21:40,4,3,33,1,20
7,1.51,14.09,14:21:45,14:22:18,4,4,33,0,35
7,2.89,10.23,14:22:23,14:22:56,4,2,33,1,20
7,1.43,7.93,14:23:01,14:23:34,4,1,33,1,20
3,2.92,7.55,14:23:39,14:24:12,4,3,33,1,20
7,1.67,12.08,14:24:17,14:24:50,4,4,33,0,35
5,1.79,10.12,14:24:55,14:25:28,4,2,33,1,20
4,5.53,2.57,14:25:33,14:26:06,4,1,33,1,20
8,2.4,15.27,14:26:11,14:26:44,4,3,33,0,35
8,1.9,16.85,14:26:49,14:27:22,4,4,33,0,35
5,2.98,11.1,14:27:27,14:28:00,4,2,33,1,20
5,3.75,6.72,14:28:05,14:28:38,4,1,33,1,20
5,3.65,7.39,14:28:43,14:29:16,4,3,33,1,20
12,1.9,20.45,14:29:21,14:29:54,4,4,33,0,35
8,1.49,15.1,14:29:59,14:30:32,4,2,33,0,35
8,3.69,7.41,14:30:37,14:31:10,4,1,33,1,20
6,3.58,22.77,14:31:15,14:31:48,4,3,33,0,35
5,1.48,6.4,14:31:53,14:32:26,4,4,33,1,20
5,1.56,10.46,14:32:31,14:33:04,4,2,33,1,20
4,2.33,4.72,14:33:09,14:33:42,4,1,33,1,20
10,2.91,13.34,14:33:47,14:34:20,4,3,33,0,35
6,2.03,13.1,14:34:25,14:34:58,4,4,33,1,20
3,2.08,8.07,14:35:03,14:35:36,4,2,33,1,20
8,3.44,7.01,14:35:41,14:36:14,4,1,33,1,20
6,4.6,17.35,14:36:19,14:36:52,4,3,33,0,35
9,1.98,19.13,14:36:57,14:37:30,4,4,33,0,35
7,3.68,15.63,14:37:35,14:38:08,4,2,33,0,35
4,2.56,4.76,14:38:13,14:38:46,4,1,33,1,20
5,3.17,16.42,14:38:51,14:39:24,4,3,33,0,35
14,1.78,35.32,14:39:29,14:40:02,4,4,33,0,35
2,5.17,6.48,14:40:07,14:40:40,4,2,33,1,20
4,2.69,3.88,14:40:45,14:41:18,4,1,33,1,20
10,1.87,17.7,14:41:23,14:41:56,4,3,33,0,35
6,2.02,10.83,14:42:01,14:42:34,4,4,33,1,20
3,10.38,6.75,14:42:39,14:43:12,4,2,33,2,31
8,2.25,7.98,14:43:17,14:43:50,4,1,33,1,20
10,1.77,16.37,14:43:55,14:44:28,4,3,33,0,35
2,2.33,4.82,14:44:33,14:45:06,4,4,33,1,20
2,8.08,4.7,14:45:11,14:45:44,4,2,33,2,17
4,6.0,5.02,14:45:49,14:46:22,4,1,33,1,20
7,2.32,16.24,14:46:27,14:47:00,4,3,33,0,35
3,11.71,9.03,14:47:05,14:47:38,4,4,33,2,35
6,2.6,11.34,14:47:43,14:48:16,4,2,33,1,20
8,3.23,8.26,14:48:21,14:48:54,4,1,33,1,20
4,7.44,5.44,14:48:59,14:49:32,4,3,33,2,29
13,1.73,28.15,14:49:37,14:50:10,4,4,33,0,35
1,0.0,2.35,14:50:15,14:50:48,4,2,33,1,20
5,1.15,5.96,14:50:53,14:51:26,4,1,33,1,20
5,3.52,4.79,14:51:31,14:52:04,4,3,33,1,24
9,3.22,27.79,14:52:09,14:52:42,4,4,33,0,35
12,2.3,19.43,14:52:47,14:53:20,4,2,33,0,35
5,2.04,5.84,14:53:25,14:53:58,4,1,33,1,20
6,2.48,9.31,14:54:03,14:54:36,4,3,33,1,24
7,4.22,26.73,14:54:41,14:55:14,4,4,33,0,35
3,1.25,5.35,14:55:19,14:55:52,4,2,33,1,20
3,6.88,4.24,14:55:57,14:56:30,4,1,33,2,20
6,4.78,13.03,14:56:35,14:57:08,4,3,33,1,24
10,1.94,14.95,14:57:13,14:57:46,4,4,33,0,35
6,5.85,6.38,14:57:51,14:58:24,4,2,33,1,20
3,1.12,4.71,14:58:29,14:59:02,4,1,33,1,20
5,5.85,10.2,14:59:07,14:59:40,4,3,33,1,24
11,1.79,20.56,14:59:45,15:00:18,4,4,33,0,35
0,0.0,5.37,15:00:23,15:00:56,4,2,33,1,45
3,2.0,6.4,15:01:01,15:01:34,4,1,33,1,20
8,2.8,21.51,15:01:39,15:02:12,4,3,33,0,35
4,4.22,11.73,15:02:17,15:02:50,4,4,33,1,20
10,2.09,20.46,15:02:55,15:03:28,4,2,33,0,35
4,7.19,4.92,15:03:33,15:04:06,4,1,33,2,27
4,6.5,12.07,15:04:11,15:04:44,4,3,33,1,28
12,1.85,25.48,15:04:49,15:05:22,4,4,33,0,35
2,17.67,4.74,15:05:27,15:06:00,4,2,33,2,35
4,2.47,5.86,15:06:05,15:06:38,4,1,33,1,20
13,1.74,28.66,15:06:43,15:07:16,4,3,33,0,35
12,1.58,21.99,15:07:21,15:07:54,4,4,33,0,35
7,1.58,12.18,15:07:59,15:08:32,4,2,33,0,35
3,8.62,4.49,15:08:37,15:09:10,4,1,33,2,27
4,6.28,4.98,15:09:15,15:09:48,4,3,33,1,28
10,1.73,14.91,15:09:53,15:10:26,4,4,33,0,35
0,0.0,1.91,15:10:31,15:11:04,4,2,33,1,45
4,6.94,5.2,15:11:09,15:11:42,4,1,33,2,27
8,3.31,17.21,15:11:47,15:12:20,4,3,33,0,35
9,1.34,14.21,15:12:25,15:12:58,4,4,33,0,35
7,2.56,11.43,15:13:03,15:13:36,4,2,33,0,35
3,3.33,6.8,15:13:41,15:14:14,4,1,33,1,20
8,2.01,9.99,15:14:19,15:14:52,4,3,33,0,35
8,2.4,12.56,15:14:57,15:15:30,4,4,33,0,35
8,3.42,13.06,15:15:35,15:16:08,4,2,33,0,35
3,2.5,5.06,15:16:13,15:16:46,4,1,33,1,20
11,2.77,24.02,15:16:51,15:17:24,4,3,33,0,35
9,2.31,17.52,15:17:29,15:18:02,4,4,33,0,35
4,3.03,7.83,15:18:07,15:18:40,4,2,33,1,20
3,1.67,4.22,15:18:45,15:19:18,4,1,33,1,20
7,2.92,15.68,15:19:23,15:19:56,4,3,33,0,35
2,6.75,6.55,15:20:01,15:20:34,4,4,33,2,14
5,5.31,10.24,15:20:39,15:21:12,4,2,33,1,20
7,1.86,6.87,15:21:17,15:21:50,4,1,33,1,20
13,2.2,32.63,15:21:55,15:22:28,4,3,33,0,35
6,3.83,11.16,15:22:33,15:23:06,4,4,33,1,25
5,3.23,14.77,15:23:11,15:23:44,4,2,33,1,20
1,0.0,2.23,15:23:49,15:24:22,4,1,33,1,20
10,2.32,22.22,15:24:27,15:25:00,4,3,33,0,35
11,2.81,26.97,15:25:05,15:25:38,4,4,33,0,35
4,2.03,6.81,15:25:43,15:26:16,4,2,33,1,20
3,2.62,4.63,15:26:21,15:26:54,4,1,33,1,20
10,2.11,30.37,15:26:59,15:27:32,4,3,33,0,35
8,1.8,17.21,15:27:37,15:28:10,4,4,33,0,35
1,0.0,6.82,15:28:15,15:28:48,4,2,33,1,20
2,0.75,2.88,15:28:53,15:29:26,4,1,33,1,20
8,1.52,16.4,15:29:31,15:30:04,4,3,33,0,35
5,2.6,9.97,15:30:09,15:30:42,4,4,33,1,20
5,6.42,5.75,15:30:47,15:31:20,4,2,33,1,20
6,4.83,8.32,15:31:25,15:31:58,4,1,33,1,20
6,2.43,15.31,15:32:03,15:32:36,4,3,33,0,35
8,1.81,15.1,15:32:41,15:33:14,4,4,33,0,35
7,2.51,15.94,15:33:19,15:33:52,4,2,33,0,35
7,3.08,8.41,15:33:57,15:34:30,4,1,33,1,20
7,2.11,13.76,15:34:35,15:35:08,4,3,33,0,35
10,1.47,15.18,15:35:13,15:35:46,4,4,33,0,35
3,2.17,7.7,15:35:51,15:36:24,4,2,33,1,20
7,3.9,14.41,15:36:29,15:37:02,4,1,33,0,35
12,2.37,31.72,15:37:07,15:37:40,4,3,33,0,35
11,2.42,19.06,15:37:45,15:38:18,4,4,33,0,35
9,1.59,19.89,15:38:23,15:38:56,4,2,33,0,35
4,2.25,5.28,15:39:01,15:39:34,4,1,33,1,20
5,4.77,11.15,15:39:39,15:40:12,4,3,33,1,26
9,1.72,17.06,15:40:17,15:40:50,4,4,33,0,35
5,2.23,7.99,15:40:55,15:41:28,4,2,33,1,20
5,2.4,6.36,15:41:33,15:42:06,4,1,33,1,20
11,2.72,29.52,15:42:11,15:42:44,4,3,33,0,35
6,1.65,20.27,15:42:49,15:43:22,4,4,33,0,35
4,3.58,6.1,15:43:27,15:44:00,4,2,33,1,20
8,2.88,11.36,15:44:05,15:44:38,4,1,33,0,35
9,1.7,16.18,15:44:43,15:45:16,4,3,33,0,35
11,1.4,18.35,15:45:21,15:45:54,4,4,33,0,35
10,1.67,17.59,15:45:59,15:46:32,4,2,33,0,35
6,1.83,7.15,15:46:37,15:47:10,4,1,33,1,20
7,2.35,9.65,15:47:15,15:47:48,4,3,33,1,20
10,1.5,15.6,15:47:53,15:48:26,4,4,33,0,35
4,1.19,10.33,15:48:31,15:49:04,4,2,33,1,20
3,3.33,3.24,15:49:09,15:49:42,4,1,33,1,20
4,2.94,8.09,15:49:47,15:50:20,4,3,33,1,20
5,3.98,5.18,15:50:25,15:50:58,4,4,33,1,20
3,9.54,6.65,15:51:03,15:51:36,4,2,33,2,28
7,1.71,8.12,15:51:41,15:52:14,4,1,33,1,20
3,4.7,8.73,15:52:19,15:52:52,4,3,33,1,20
3,5.15,7.92,15:52:57,15:53:30,4,4,33,1,20
6,2.13,12.71,15:53:35,15:54:08,4,2,33,1,20
3,5.23,8.57,15:54:13,15:54:46,4,1,33,1,20
5,3.41,12.06,15:54:51,15:55:24,4,3,33,1,20
3,5.08,8.19,15:55:29,15:56:02,4,4,33,1,20
5,2.45,12.64,15:56:07,15:56:40,4,2,33,1,20
4,4.11,10.03,15:56:45,15:57:18,4,1,33,1,20
4,3.94,9.59,15:57:23,15:57:56,4,3,33,1,20
2,3.85,4.78,15:58:01,15:58:34,4,4,33,1,20
4,4.0,9.86,15:58:39,15:59:12,4,2,33,1,20
6,2.55,14.52,15:59:17,15:59:50,4,1,33,0,35
2,4.76,5.83,15:59:55,16:00:28,4,3,33,1,20
8,3.24,21.68,07:59:38,08:00:11,1,3,33,0,35
7,1.21,18.81,08:00:16,08:00:49,1,4,33,0,35
4,2.8,9.68,08:00:54,08:01:27,1,2,33,1,20
7,2.0,16.25,08:01:32,08:02:05,1,1,33,0,35
6,2.72,16.44,08:02:10,08:02:43,1,3,33,0,35
4,2.64,11.38,08:02:48,08:03:21,1,4,33,1,20
8,1.28,19.39,08:03:26,08:03:59,1,2,33,0,35
3,1.93,7.81,08:04:04,08:04:37,1,1,33,1,20
6,3.65,15.18,08:04:42,08:05:15,1,3,33,0,35
8,1.35,19.63,08:05:20,08:05:53,1,4,33,0,35
5,4.06,12.17,08:05:58,08:06:31,1,2,33,1,20
8,3.24,21.56,08:06:36,08:07:09,1,1,33,0,35
4,1.16,10.91,08:07:14,08:07:47,1,3,33,1,20
4,1.42,11.01,08:07:52,08:08:25,1,4,33,1,20
4,2.85,10.21,08:08:30,08:09:03,1,2,33,1,20
8,2.52,21.3,08:09:08,08:09:41,1,1,33,0,35
8,3.79,20.13,08:09:46,08:10:19,1,3,33,0,35
2,1.24,4.15,08:10:24,08:10:57,1,4,33,1,20
8,3.56,21.23,08:11:02,08:11:35,1,2,33,0,35
7,3.16,17.09,08:11:40,08:12:13,1,1,33,0,35
8,2.95,20.85,08:12:18,08:12:51,1,3,33,0,35
6,1.97,15.8,08:12:56,08:13:29,1,4,33,0,35
8,2.38,19.96,08:13:34,08:14:07,1,2,33,0,35
8,2.54,19.66,08:14:12,08:14:45,1,1,33,0,35
7,1.78,17.01,08:14:50,08:15:23,1,3,33,0,35
7,1.13,17.38,08:15:28,08:16:01,1,4,33,0,35
9,2.23,25.28,08:16:06,08:16:39,1,2,33,0,35
3,1.75,4.34,08:16:44,08:17:17,1,1,33,1,20
3,1.53,7.69,08:17:22,08:17:55,1,3,33,1,20
7,3.81,18.63,08:18:00,08:18:33,1,4,33,0,35
9,4.37,24.09,08:18:38,08:19:11,1,2,33,0,35
5,2.44,6.28,08:19:16,08:19:49,1,1,33,1,20
9,3.76,24.62,08:19:54,08:20:27,1,3,33,0,35
6,1.12,16.95,08:20:32,08:21:05,1,4,33,0,35
8,3.24,22.6,08:21:10,08:21:43,1,2,33,0,35
9,2.94,14.73,08:21:48,08:22:21,1,1,33,0,35
3,1.15,6.55,08:22:26,08:22:59,1,3,33,1,20
9,3.92,22.47,08:23:04,08:23:37,1,4,33,0,35
4,4.15,8.9,08:23:42,08:24:15,1,2,33,1,20
2,5.08,5.24,08:24:20,08:24:53,1,1,33,1,20
7,3.66,18.56,08:24:58,08:25:31,1,3,33,0,35
4,1.74,11.11,08:25:36,08:26:09,1,4,33,1,20
6,3.09,16.36,08:26:14,08:26:47,1,2,33,0,35
4,4.03,6.22,08:26:52,08:27:25,1,1,33,1,20
5,2.94,12.1,08:27:30,08:28:03,1,3,33,1,20
3,1.16,9.12,08:28:08,08:28:41,1,4,33,1,20
4,1.95,10.55,08:28:46,08:29:19,1,2,33,1,20
9,2.24,14.32,08:29:24,08:29:57,1,1,33,0,35
6,2.85,16.58,08:30:02,08:30:35,1,3,33,0,35
5,1.91,11.59,08:30:40,08:31:13,1,4,33,1,20
2,2.75,5.61,08:31:18,08:31:51,1,2,33,1,20
8,1.63,12.86,08:31:56,08:32:29,1,1,33,0,35
5,3.06,11.61,08:32:34,08:33:07,1,3,33,1,20
6,1.75,14.81,08:33:12,08:33:45,1,4,33,0,35
3,4.14,7.82,08:33:50,08:34:23,1,2,33,1,20
2,1.75,3.42,08:34:28,08:35:01,1,1,33,1,20
6,3.1,15.56,08:35:06,08:35:39,1,3,33,0,35
5,3.1,15.92,08:35:44,08:36:17,1,4,33,0,35
8,1.31,21.71,08:36:22,08:36:55,1,2,33,0,35
4,2.08,6.27,08:37:00,08:37:33,1,1,33,1,20
2,2.3,4.07,08:37:38,08:38:11,1,3,33,1,20
2,4.08,17.59,08:38:16,08:38:49,1,4,33,1,20
5,2.24,13.34,08:38:54,08:39:27,1,2,33,1,20
7,4.26,8.09,08:39:32,08:40:05,1,1,33,1,20
5,2.35,14.32,08:40:10,08:40:43,1,3,33,1,20
5,1.77,30.66,08:40:48,08:41:21,1,4,33,0,35
3,1.41,7.24,08:41:26,08:41:59,1,2,33,1,20
3,3.62,6.9,08:42:04,08:42:37,1,1,33,1,20
11,2.23,22.89,08:42:42,08:43:15,1,3,33,0,35
6,3.02,11.3,08:43:20,08:43:53,1,4,33,1,20
7,3.92,18.41,08:43:58,08:44:31,1,2,33,0,35
7,3.89,12.79,08:44:36,08:45:09,1,1,33,0,35
13,2.06,23.65,08:45:14,08:45:47,1,3,33,0,35
4,1.75,11.26,08:45:52,08:46:25,1,4,33,1,20
4,1.61,9.69,08:46:30,08:47:03,1,2,33,1,20
2,2.42,3.69,08:47:08,08:47:41,1,1,33,1,20
6,2.0,17.87,08:47:46,08:48:19,1,3,33,0,35
3,3.5,6.33,08:48:24,08:48:57,1,4,33,1,20
2,4.03,5.94,08:49:02,08:49:35,1,2,33,1,20
1,0.0,2.31,08:49:40,08:50:13,1,1,33,1,20
10,3.48,21.72,08:50:18,08:50:51,1,3,33,0,35
5,1.42,14.12,08:50:56,08:51:29,1,4,33,1,20
5,2.27,12.87,08:51:34,08:52:07,1,2,33,1,20
7,2.14,9.72,08:52:12,08:52:45,1,1,33,1,20
17,1.44,33.16,08:52:50,08:53:23,1,3,33,0,35
8,1.99,19.65,08:53:28,08:54:01,1,4,33,0,35
2,3.24,5.91,08:54:06,08:54:39,1,2,33,1,20
1,0.0,1.2,08:54:44,08:55:17,1,1,33,1,20
9,3.72,19.73,08:55:22,08:55:55,1,3,33,0,35
6,1.93,13.49,08:56:00,08:56:33,1,4,33,0,35
8,2.52,20.43,08:56:38,08:57:11,1,2,33,0,35
7,3.89,9.47,08:57:16,08:57:49,1,1,33,1,20
9,2.47,25.16,08:57:54,08:58:27,1,3,33,0,35
2,3.42,6.42,08:58:32,08:59:05,1,4,33,1,20
9,4.11,20.79,08:59:10,08:59:43,1,2,33,0,35
6,3.53,7.49,08:59:48,09:00:21,1,1,33,1,20
8,2.1,16.48,09:00:26,09:00:59,1,3,33,0,35
9,2.4,23.74,09:01:04,09:01:37,1,4,33,0,35
9,1.12,22.47,09:01:42,09:02:15,1,2,33,0,35
2,14.42,2.75,09:02:20,09:02:53,1,1,33,2,28
8,4.02,15.5,09:02:58,09:03:31,1,3,33,0,35
4,2.19,13.17,09:03:36,09:04:09,1,4,33,1,20
5,4.43,13.33,09:04:14,09:04:47,1,2,33,1,20
6,1.83,8.23,09:04:52,09:05:25,1,1,33,1,20
8,2.13,17.65,09:05:30,09:06:03,1,3,33,0,35
7,5.1,17.24,09:06:08,09:06:41,1,4,33,0,35
4,4.45,9.5,09:06:46,09:07:19,1,2,33,1,20
5,2.73,3.47,09:07:24,09:07:57,1,1,33,1,20
7,2.81,21.85,09:08:02,09:08:35,1,3,33,0,35
2,2.83,5.57,09:08:40,09:09:13,1,4,33,1,20
7,2.49,16.71,09:09:18,09:09:51,1,2,33,0,35
10,2.72,18.67,09:09:56,09:10:29,1,1,33,0,35
7,4.39,21.19,09:10:34,09:11:07,1,3,33,0,35
5,1.19,11.82,09:11:12,09:11:45,1,4,33,1,20
7,3.7,17.62,09:11:50,09:12:23,1,2,33,0,35
3,1.29,4.11,09:12:28,09:13:01,1,1,33,1,20
14,1.9,28.63,09:13:06,09:13:39,1,3,33,0,35
7,2.18,15.08,09:13:44,09:14:17,1,4,33,0,35
3,3.87,8.45,09:14:22,09:14:55,1,2,33,1,20
7,2.82,6.52,09:15:00,09:15:33,1,1,33,1,20
7,3.29,11.95,09:15:38,09:16:11,1,3,33,0,35
1,0.0,2.58,09:16:16,09:16:49,1,4,33,1,20
6,3.48,15.81,09:16:54,09:17:27,1,2,33,0,35
10,2.9,10.04,09:17:32,09:18:05,1,1,33,0,35
5,2.62,12.89,09:18:10,09:18:43,1,3,33,1,20
6,2.15,11.75,09:18:48,09:19:21,1,4,33,1,20
8,3.95,20.19,09:19:26,09:19:59,1,2,33,0,35
7,1.86,8.91,09:20:04,09:20:37,1,1,33,1,20
7,1.79,12.72,09:20:42,09:21:15,1,3,33,0,35
7,1.53,12.57,09:21:20,09:21:53,1,4,33,0,35
9,1.38,24.3,09:21:58,09:22:31,1,2,33,0,35
6,2.58,5.87,09:22:36,09:23:09,1,1,33,1,20
3,2.33,6.03,09:23:14,09:23:47,1,3,33,1,20
7,1.82,16.26,09:23:52,09:24:25,1,4,33,0,35
4,3.82,10.15,09:24:30,09:25:03,1,2,33,1,20
10,2.46,13.34,09:25:08,09:25:41,1,1,33,0,35
12,2.27,24.98,09:25:46,09:26:19,1,3,33,0,35
4,2.92,5.89,09:26:24,09:26:57,1,4,33,1,20
5,2.54,13.66,09:27:02,09:27:35,1,2,33,1,20
8,3.24,9.84,09:27:40,09:28:13,1,1,33,0,35
7,2.96,16.9,09:28:18,09:28:51,1,3,33,0,35
6,2.37,10.42,09:28:56,09:29:29,1,4,33,1,20
5,4.34,12.47,09:29:34,09:30:07,1,2,33,1,20
4,2.19,5.83,09:30:12,09:30:45,1,1,33,1,20
9,3.22,21.48,09:30:50,09:31:23,1,3,33,0,35
6,1.27,7.92,09:31:28,09:32:01,1,4,33,1,20
9,4.5,24.31,09:32:06,09:32:39,1,2,33,0,35
7,1.72,10.46,09:32:44,09:33:17,1,1,33,1,20
8,2.11,18.56,09:33:22,09:33:55,1,3,33,0,35
1,0.0,2.51,09:34:00,09:34:33,1,4,33,1,20
4,2.37,11.11,09:34:38,09:35:11,1,2,33,1,20
4,1.47,6.16,09:35:16,09:35:49,1,1,33,1,20
7,2.4,14.53,09:35:54,09:36:27,1,3,33,0,35
4,2.61,5.8,09:36:32,09:37:05,1,4,33,1,20
5,1.22,13.21,09:37:10,09:37:43,1,2,33,1,20
9,1.5,11.46,09:37:48,09:38:21,1,1,33,0,35
7,3.92,11.56,09:38:26,09:38:59,1,3,33,1,20
6,4.42,12.94,09:39:04,09:39:37,1,4,33,1,20
6,2.0,16.27,09:39:42,09:40:15,1,2,33,0,35
4,5.5,3.74,09:40:20,09:40:53,1,1,33,1,20
5,2.06,12.05,09:40:58,09:41:31,1,3,33,1,20
6,2.68,9.9,09:41:36,09:42:09,1,4,33,1,20
5,2.3,12.05,09:42:14,09:42:47,1,2,33,1,20
5,3.69,5.79,09:42:52,09:43:25,1,1,33,1,20
11,2.58,23.96,09:43:30,09:44:03,1,3,33,0,35
5,2.48,11.24,09:44:08,09:44:41,1,4,33,1,20
3,4.03,8.5,09:44:46,09:45:19,1,2,33,1,20
2,2.25,3.2,09:45:24,09:45:57,1,1,33,1,20
9,2.54,25.5,09:46:02,09:46:35,1,3,33,0,35
6,2.37,13.97,09:46:40,09:47:13,1,4,33,0,35
6,2.6,14.18,09:47:18,09:47:51,1,2,33,0,35
4,7.64,4.18,09:47:56,09:48:29,1,1,33,2,29
8,2.02,17.72,09:48:34,09:49:07,1,3,33,0,35
5,3.0,12.02,09:49:12,09:49:45,1,4,33,1,20
7,1.52,17.9,09:49:50,09:50:23,1,2,33,0,35
5,7.19,6.07,09:50:28,09:51:01,1,1,33,2,29
7,3.28,13.08,09:51:06,09:51:39,1,3,33,0,35
5,2.04,14.09,09:51:44,09:52:17,1,4,33,1,20
6,2.45,14.3,09:52:22,09:52:55,1,2,33,0,35
8,3.5,11.86,09:53:00,09:53:33,1,1,33,0,35
4,3.75,14.12,09:53:38,09:54:11,1,3,33,1,20
5,2.04,10.56,09:54:16,09:54:49,1,4,33,1,20
2,1.16,6.5,09:54:54,09:55:27,1,2,33,1,20
8,2.54,8.95,09:55:32,09:56:05,1,1,33,1,20
4,2.75,5.85,09:56:10,09:56:43,1,3,33,1,20
5,1.69,12.41,09:56:48,09:57:21,1,4,33,1,20
6,2.58,16.17,09:57:26,09:57:59,1,2,33,0,35
3,7.54,2.37,09:58:04,09:58:37,1,1,33,2,29
2,2.83,6.43,09:58:42,09:59:15,1,3,33,1,20
12,2.53,24.06,09:59:20,09:59:53,1,4,33,0,35
6,2.81,14.87,09:59:58,10:00:31,1,2,33,0,35
8,1.65,16.33,10:00:36,10:01:09,1,1,33,0,35
13,2.17,32.95,10:01:14,10:01:47,1,3,33,0,35
6,2.07,14.0,10:01:52,10:02:25,1,4,33,0,35
3,3.29,8.75,10:02:30,10:03:03,1,2,33,1,20
2,0.0,1.3,10:03:08,10:03:41,1,1,33,1,20
5,3.77,15.51,10:03:46,10:04:19,1,3,33,1,20
6,1.3,18.51,10:04:24,10:04:57,1,4,33,0,35
8,2.32,19.36,10:05:02,10:05:35,1,2,33,0,35
3,5.96,3.03,10:05:40,10:06:13,1,1,33,1,20
6,3.17,12.05,10:06:18,10:06:51,1,3,33,1,20
8,2.19,14.17,10:06:56,10:07:29,1,4,33,0,35
7,2.06,19.01,10:07:34,10:08:07,1,2,33,0,35
8,2.61,11.19,10:08:12,10:08:45,1,1,33,0,35
5,2.42,12.36,10:08:50,10:09:23,1,3,33,1,20
7,1.61,19.66,10:09:28,10:10:01,1,4,33,0,35
7,3.6,17.76,10:10:06,10:10:39,1,2,33,0,35
4,1.86,5.83,10:10:44,10:11:17,1,1,33,1,20
9,2.68,20.8,10:11:22,10:11:55,1,3,33,0,35
2,3.0,5.58,10:12:00,10:12:33,1,4,33,1,20
6,1.6,13.73,10:12:38,10:13:11,1,2,33,0,35
10,1.91,11.39,10:13:16,10:13:49,1,1,33,0,35
6,1.58,7.68,10:13:54,10:14:27,1,3,33,1,20
8,3.82,13.6,10:14:32,10:15:05,1,4,33,0,35
9,1.9,22.71,10:15:10,10:15:43,1,2,33,0,35
3,13.54,3.39,10:15:48,10:16:21,1,1,33,2,40
2,8.58,4.62,10:16:26,10:16:59,1,3,33,2,18
3,2.12,11.63,10:17:04,10:17:37,1,4,33,1,20
2,3.27,4.54,10:17:42,10:18:15,1,2,33,1,20
6,4.08,6.52,10:18:20,10:18:53,1,1,33,1,20
7,4.6,13.85,10:18:58,10:19:31,1,3,33,0,35
7,5.22,14.62,10:19:36,10:20:09,1,4,33,0,35
4,3.67,10.11,10:20:14,10:20:47,1,2,33,1,20
6,2.32,10.64,10:20:52,10:21:25,1,1,33,1,20
9,2.45,16.74,10:21:30,10:22:03,1,3,33,0,35
8,2.08,23.55,10:22:08,10:22:41,1,4,33,0,35
6,2.8,17.25,10:22:46,10:23:19,1,2,33,0,35
7,4.53,10.07,10:23:24,10:23:57,1,1,33,1,20
6,1.77,11.1,10:24:02,10:24:35,1,3,33,1,20
11,1.28,23.51,10:24:40,10:25:13,1,4,33,0,35
4,2.33,4.7,10:25:18,10:25:51,1,2,33,1,20
0,0.0,0.16,10:25:56,10:26:29,1,1,33,1,20
6,1.65,10.95,10:26:34,10:27:07,1,3,33,1,20
6,2.97,17.85,10:27:12,10:27:45,1,4,33,0,35
4,5.56,5.68,10:27:50,10:28:23,1,2,33,1,20
0,0.0,0.44,10:28:28,10:29:01,1,1,33,1,20
9,2.84,21.6,10:29:06,10:29:39,1,3,33,0,35
9,1.7,23.06,10:29:44,10:30:17,1,4,33,0,35
4,4.5,6.3,10:30:22,10:30:55,1,2,33,1,20
1,0.0,2.22,10:31:00,10:31:33,1,1,33,1,20
9,2.58,18.03,10:31:38,10:32:11,1,3,33,0,35
5,1.46,10.69,10:32:16,10:32:49,1,4,33,1,20
5,2.08,8.96,10:32:54,10:33:27,1,2,33,1,20
2,4.17,1.8,10:33:32,10:34:05,1,1,33,1,20
5,3.69,12.55,10:34:10,10:34:43,1,3,33,1,20
9,1.54,19.15,10:34:48,10:35:21,1,4,33,0,35
4,1.89,7.97,10:35:26,10:35:59,1,2,33,1,20
2,11.92,2.84,10:36:04,10:36:37,1,1,33,2,27
6,2.52,11.59,10:36:42,10:37:15,1,3,33,1,20
5,2.44,7.37,10:37:20,10:37:53,1,4,33,1,20
7,2.99,10.05,10:37:58,10:38:31,1,2,33,1,20
7,2.47,8.9,10:38:36,10:39:09,1,1,33,1,20
4,3.33,3.75,10:39:14,10:39:47,1,3,33,1,20
11,1.59,20.07,10:39:52,10:40:25,1,4,33,0,35
1,0.0,2.68,10:40:30,10:41:03,1,2,33,1,20
6,2.23,7.49,10:41:08,10:41:41,1,1,33,1,20
5,2.77,15.1,10:41:46,10:42:19,1,3,33,1,20
1,0.0,1.44,10:42:24,10:42:57,1,4,33,1,20
4,2.22,4.21,10:43:02,10:43:35,1,2,33,1,20
3,9.96,2.68,10:43:40,10:44:13,1,1,33,2,27
6,3.8,15.04,10:44:18,10:44:51,1,3,33,0,35
6,3.47,13.73,10:44:56,10:45:29,1,4,33,0,35
4,5.56,6.21,10:45:34,10:46:07,1,2,33,1,20
7,1.82,9.17,10:46:12,10:46:45,1,1,33,1,21
4,4.06,4.3,10:46:50,10:47:23,1,3,33,1,20
0,0.0,45.83,10:47:28,10:48:01,1,4,33,0,35
3,5.08,5.47,10:48:06,10:48:39,1,2,33,1,20
9,3.44,15.06,10:48:44,10:49:17,1,1,33,0,36
4,3.14,10.61,10:49:22,10:49:55,1,3,33,1,20
0,0.0,54.99,10:50:00,10:50:33,1,4,33,0,35
3,7.96,2.67,10:50:38,10:51:11,1,2,33,2,35
4,4.64,6.35,10:51:16,10:51:49,1,1,33,1,21
4,2.61,6.75,10:51:54,10:52:27,1,3,33,1,20
8,2.38,19.23,10:52:32,10:53:05,1,4,33,0,35
2,20.33,3.42,10:53:10,10:53:43,1,2,33,2,35
5,5.65,6.34,10:53:48,10:54:21,1,1,33,1,21
3,8.42,7.86,10:54:26,10:54:59,1,3,33,2,25
11,1.72,23.96,10:55:04,10:55:37,1,4,33,0,35
3,3.25,5.7,10:55:42,10:56:15,1,2,33,1,20
3,9.04,3.5,10:56:20,10:56:53,1,1,33,2,27
4,2.94,9.42,10:56:58,10:57:31,1,3,33,1,20
8,2.24,16.69,10:57:36,10:58:09,1,4,33,0,35
4,7.0,4.17,10:58:14,10:58:47,1,2,33,2,35
6,2.4,10.46,10:58:52,10:59:25,1,1,33,1,21
6,4.0,13.23,10:59:30,11:00:03,1,3,33,1,20
11,1.27,17.59,11:00:08,11:00:41,1,4,33,0,35
2,2.42,3.94,11:00:46,11:01:19,1,2,33,1,20
6,3.6,9.83,11:01:24,11:01:57,1,1,33,1,20
6,2.03,13.34,11:02:02,11:02:35,1,3,33,0,35
9,2.57,17.09,11:02:40,11:03:13,1,4,33,0,35
3,12.33,4.33,11:03:18,11:03:51,1,2,33,2,36
9,2.57,10.78,11:03:56,11:04:29,1,1,33,0,35
12,1.93,24.75,11:04:34,11:05:07,1,3,33,0,35
11,1.98,20.03,11:05:12,11:05:45,1,4,33,0,35
4,3.56,3.49,11:05:50,11:06:23,1,2,33,1,20
4,1.58,5.52,11:06:28,11:07:01,1,1,33,1,20
6,1.6,10.23,11:07:06,11:07:39,1,3,33,1,20
8,2.21,15.47,11:07:44,11:08:17,1,4,33,0,35
5,5.25,7.21,11:08:22,11:08:55,1,2,33,1,20
6,3.93,10.15,11:09:00,11:09:33,1,1,33,1,20
11,1.97,25.69,11:09:38,11:10:11,1,3,33,0,35
13,1.81,26.98,11:10:16,11:10:49,1,4,33,0,35
2,2.92,4.53,11:10:54,11:11:27,1,2,33,1,20
4,2.83,4.5,11:11:32,11:12:05,1,1,33,1,20
8,3.86,12.45,11:12:10,11:12:43,1,3,33,0,35
7,1.89,14.37,11:12:48,11:13:21,1,4,33,0,35
4,5.61,6.53,11:13:26,11:13:59,1,2,33,1,20
7,2.65,9.57,11:14:04,11:14:37,1,1,33,1,20
9,2.94,23.95,11:14:42,11:15:15,1,3,33,0,35
6,4.7,12.1,11:15:20,11:15:53,1,4,33,1,20
1,0.0,3.9,11:15:58,11:16:31,1,2,33,1,20
9,1.94,9.71,11:16:36,11:17:09,1,1,33,0,35
11,2.26,21.86,11:17:14,11:17:47,1,3,33,0,35
4,1.94,12.19,11:17:52,11:18:25,1,4,33,1,20
11,2.14,10.0,11:18:30,11:19:03,1,2,33,0,35
6,4.75,5.49,11:19:08,11:19:41,1,1,33,1,25
5,4.06,9.09,11:19:46,11:20:19,1,3,33,1,20
1,0.0,5.8,11:20:24,11:20:57,1,4,33,1,20
7,1.9,8.3,11:21:02,11:21:35,1,2,33,1,20
7,2.32,8.78,11:21:40,11:22:13,1,1,33,1,25
3,6.33,6.94,11:22:18,11:22:51,1,3,33,1,20
7,1.75,15.99,11:22:56,11:23:29,1,4,33,0,35
4,1.53,6.1,11:23:34,11:24:07,1,2,33,1,20
6,4.5,5.76,11:24:12,11:24:45,1,1,33,1,25
3,3.33,6.55,11:24:50,11:25:23,1,3,33,1,20
2,3.25,6.21,11:25:28,11:26:01,1,4,33,1,20
5,3.19,5.5,11:26:06,11:26:39,1,2,33,1,20
5,3.35,5.91,11:26:44,11:27:17,1,1,33,1,25
2,17.58,8.79,11:27:22,11:27:55,1,3,33,2,35
10,1.51,28.53,11:28:00,11:28:33,1,4,33,0,35
3,1.25,5.97,11:28:38,11:29:11,1,2,33,1,20
6,4.43,8.08,11:29:16,11:29:49,1,1,33,1,25
8,1.88,12.94,11:29:54,11:30:27,1,3,33,0,35
7,2.06,15.97,11:30:32,11:31:05,1,4,33,0,35
5,1.65,5.72,11:31:10,11:31:43,1,2,33,1,20
8,2.9,7.84,11:31:48,11:32:21,1,1,33,1,24
6,2.25,12.64,11:32:26,11:32:59,1,3,33,1,20
7,1.38,14.36,11:33:04,11:33:37,1,4,33,0,35
4,2.56,10.21,11:33:42,11:34:15,1,2,33,1,20
8,4.1,8.16,11:34:20,11:34:53,1,1,33,1,24
8,4.1,17.71,11:34:58,11:35:31,1,3,33,0,35
13,1.26,26.1,11:35:36,11:36:09,1,4,33,0,35
11,1.88,13.78,11:36:14,11:36:47,1,2,33,0,35
2,2.83,2.06,11:36:52,11:37:25,1,1,33,1,24
9,2.49,17.36,11:37:30,11:38:03,1,3,33,0,35
8,2.0,20.08,11:38:08,11:38:41,1,4,33,0,35
12,1.79,13.07,11:38:46,11:39:19,1,2,33,0,35
7,4.94,9.22,11:39:24,11:39:57,1,1,33,1,24
7,2.54,14.95,11:40:02,11:40:35,1,3,33,0,35
7,2.29,16.47,11:40:40,11:41:13,1,4,33,0,35
4,4.44,5.73,11:41:18,11:41:51,1,2,33,1,20
6,5.28,7.58,11:41:56,11:42:29,1,1,33,1,24
10,2.19,18.44,11:42:34,11:43:07,1,3,33,0,35
8,1.71,16.55,11:43:12,11:43:45,1,4,33,0,35
4,2.0,8.39,11:43:50,11:44:23,1,2,33,1,20
6,1.42,6.3,11:44:28,11:45:01,1,1,33,1,24
10,2.47,17.58,11:45:06,11:45:39,1,3,33,0,35
5,1.38,16.47,11:45:44,11:46:17,1,4,33,0,35
6,5.35,6.0,11:46:22,11:46:55,1,2,33,1,20
8,2.27,8.46,11:47:00,11:47:33,1,1,33,1,20
6,3.03,15.25,11:47:38,11:48:11,1,3,33,0,35
4,3.0,9.62,11:48:16,11:48:49,1,4,33,1,20
4,2.33,4.44,11:48:54,11:49:27,1,2,33,1,20
2,6.17,1.14,11:49:32,11:50:05,1,1,33,1,20
10,2.34,15.99,11:50:10,11:50:43,1,3,33,0,35
5,3.52,11.4,11:50:48,11:51:21,1,4,33,1,20
3,1.62,2.75,11:51:26,11:51:59,1,2,33,1,20
0,0.0,0.65,11:52:04,11:52:37,1,1,33,1,20
8,1.79,13.86,11:52:42,11:53:15,1,3,33,0,35
1,0.0,6.23,11:53:20,11:53:53,1,4,33,1,20
5,3.58,5.46,11:53:58,11:54:31,1,2,33,1,20
3,15.17,3.83,11:54:36,11:55:09,1,1,33,2,40
8,2.58,15.82,11:55:14,11:55:47,1,3,33,0,35
1,0.0,6.69,11:55:52,11:56:25,1,4,33,1,20
2,1.75,3.59,11:56:30,11:57:03,1,2,33,1,20
14,1.8,15.23,11:57:08,11:57:41,1,1,33,0,35
7,2.07,13.61,11:57:46,11:58:19,1,3,33,0,35
8,2.8,18.77,11:58:24,11:58:57,1,4,33,0,35
5,3.19,4.82,11:59:02,11:59:35,1,2,33,1,20
7,1.86,9.15,11:59:40,12:00:13,1,1,33,1,20
9,3.14,15.66,12:00:18,12:00:51,1,3,33,0,35
6,3.63,26.8,12:00:56,12:01:29,1,4,33,0,35
11,1.72,11.68,12:01:34,12:02:07,1,2,33,0,35
6,4.97,8.81,12:02:12,12:02:45,1,1,33,1,22
8,3.98,14.44,12:02:50,12:03:23,1,3,33,0,35
3,0.58,7.72,12:03:28,12:04:01,1,4,33,1,35
2,5.0,3.58,12:04:06,12:04:39,1,2,33,1,20
6,2.68,11.63,12:04:44,12:05:17,1,1,33,1,22
2,0.0,3.75,12:05:22,12:05:55,1,3,33,1,20
12,1.56,31.27,12:06:00,12:06:33,1,4,33,0,35
8,3.04,11.11,12:06:38,12:07:11,1,2,33,0,35
4,4.22,2.97,12:07:16,12:07:49,1,1,33,1,22
7,1.96,15.14,12:07:54,12:08:27,1,3,33,0,35
13,1.59,23.81,12:08:32,12:09:05,1,4,33,0,35
3,1.67,3.23,12:09:10,12:09:43,1,2,33,1,20
9,1.77,8.28,12:09:48,12:10:21,1,1,33,0,35
15,1.74,31.05,12:10:26,12:10:59,1,3,33,0,35
16,1.53,29.3,12:11:04,12:11:37,1,4,33,0,35
3,3.29,4.59,12:11:42,12:12:15,1,2,33,1,20
13,1.57,14.04,12:12:20,12:12:53,1,1,33,0,35
4,2.08,6.99,12:12:58,12:13:31,1,3,33,1,20
9,1.98,20.35,12:13:36,12:14:09,1,4,33,0,35
4,4.25,9.34,12:14:14,12:14:47,1,2,33,1,20
16,1.42,13.63,12:14:52,12:15:25,1,1,33,0,35
12,2.55,26.3,12:15:30,12:16:03,1,3,33,0,35
11,1.68,22.52,12:16:08,12:16:41,1,4,33,0,35
6,2.17,8.7,12:16:46,12:17:19,1,2,33,1,20
8,2.88,7.03,12:17:24,12:17:57,1,1,33,1,24
7,1.86,11.19,12:18:02,12:18:35,1,3,33,0,35
9,1.68,16.67,12:18:40,12:19:13,1,4,33,0,35
3,1.04,5.37,12:19:18,12:19:51,1,2,33,1,20
9,2.11,9.3,12:19:56,12:20:29,1,1,33,0,35
4,2.92,10.32,12:20:34,12:21:07,1,3,33,1,20
10,1.38,20.44,12:21:12,12:21:45,1,4,33,0,35
4,7.0,6.23,12:21:50,12:22:23,1,2,33,2,28
10,1.5,8.09,12:22:28,12:23:01,1,1,33,0,35
0,0.0,0.28,12:23:06,12:23:39,1,3,33,1,20
3,6.0,10.14,12:23:44,12:24:17,1,4,33,1,20
9,1.8,13.88,12:24:22,12:24:55,1,2,33,0,35
7,3.01,9.66,12:25:00,12:25:33,1,1,33,1,24
7,2.72,9.91,12:25:38,12:26:11,1,3,33,1,20
7,3.22,14.35,12:26:16,12:26:49,1,4,33,0,35
14,1.67,14.55,12:26:54,12:27:27,1,2,33,0,35
7,3.47,7.75,12:27:32,12:28:05,1,1,33,1,24
11,2.27,20.91,12:28:10,12:28:43,1,3,33,0,35
2,1.58,9.61,12:28:48,12:29:21,1,4,33,1,20
4,2.06,5.93,12:29:26,12:29:59,1,2,33,1,20
3,2.46,6.35,12:30:04,12:30:37,1,1,33,1,20
6,4.37,9.33,12:30:42,12:31:15,1,3,33,1,20
1,0.0,2.68,12:31:20,12:31:53,1,4,33,1,20
7,2.21,9.18,12:31:58,12:32:31,1,2,33,1,20
8,1.62,10.86,12:32:36,12:33:09,1,1,33,0,35
10,2.04,17.5,12:33:14,12:33:47,1,3,33,0,35
4,2.56,14.74,12:33:52,12:34:25,1,4,33,1,20
5,3.31,7.09,12:34:30,12:35:03,1,2,33,1,20
3,6.08,2.37,12:35:08,12:35:41,1,1,33,1,20
3,1.75,3.07,12:35:46,12:36:19,1,3,33,1,20
10,1.42,20.95,12:36:24,12:36:57,1,4,33,0,35
8,3.69,9.45,12:37:02,12:37:35,1,2,33,1,20
3,8.29,2.99,12:37:40,12:38:13,1,1,33,2,25
6,2.6,12.91,12:38:18,12:38:51,1,3,33,1,20
7,1.53,18.77,12:38:56,12:39:29,1,4,33,0,35
1,0.0,2.1,12:39:34,12:40:07,1,2,33,1,20
5,5.54,4.46,12:40:12,12:40:45,1,1,33,1,20
5,1.94,7.33,12:40:50,12:41:23,1,3,33,1,20
8,2.19,20.93,12:41:28,12:42:01,1,4,33,0,35
7,1.33,9.36,12:42:06,12:42:39,1,2,33,1,20
7,1.54,10.5,12:42:44,12:43:17,1,1,33,1,20
5,4.08,9.45,12:43:22,12:43:55,1,3,33,1,20
10,1.58,14.81,12:44:00,12:44:33,1,4,33,0,35
6,1.95,6.17,12:44:38,12:45:11,1,2,33,1,20
5,6.62,8.08,12:45:16,12:45:49,1,1,33,1,35
7,3.38,16.77,12:45:54,12:46:27,1,3,33,0,35
8,1.6,14.21,12:46:32,12:47:05,1,4,33,0,35
3,1.71,5.28,12:47:10,12:47:43,1,2,33,1,20
3,10.33,4.97,12:47:48,12:48:21,1,1,33,2,31
3,4.79,9.31,12:48:26,12:48:59,1,3,33,1,20
12,1.34,27.12,12:49:04,12:49:37,1,4,33,0,35
5,1.65,6.66,12:49:42,12:50:15,1,2,33,1,20
7,4.67,10.31,12:50:20,12:50:53,1,1,33,1,35
1,0.0,1.31,12:50:58,12:51:31,1,3,33,1,20
10,1.43,32.34,12:51:36,12:52:09,1,4,33,0,35
7,0.96,8.44,12:52:14,12:52:47,1,2,33,1,20
11,2.83,10.75,12:52:52,12:53:25,1,1,33,0,35
9,2.7,19.27,12:53:30,12:54:03,1,3,33,0,35
6,1.82,14.09,12:54:08,12:54:41,1,4,33,0,35
4,2.36,5.57,12:54:46,12:55:19,1,2,33,1,20
11,1.79,12.87,12:55:24,12:55:57,1,1,33,0,35
9,2.31,19.98,12:56:02,12:56:35,1,3,33,0,35
9,1.45,16.76,12:56:40,12:57:13,1,4,33,0,35
2,8.5,4.13,12:57:18,12:57:51,1,2,33,2,18
6,5.67,5.76,12:57:56,12:58:29,1,1,33,1,35
4,7.56,5.55,12:58:34,12:59:07,1,3,33,2,30
6,3.55,19.22,12:59:12,12:59:45,1,4,33,0,35
4,1.94,5.6,12:59:50,13:00:23,1,2,33,1,20
5,5.79,9.9,13:00:28,13:01:01,1,1,33,1,23
9,3.2,20.8,13:01:06,13:01:39,1,3,33,0,35
9,3.07,21.51,13:01:44,13:02:17,1,4,33,0,35
5,2.44,6.65,13:02:22,13:02:55,1,2,33,1,20
9,3.0,12.23,13:03:00,13:03:33,1,1,33,0,35
11,2.0,20.54,13:03:38,13:04:11,1,3,33,0,35
7,1.71,13.22,13:04:16,13:04:49,1,4,33,0,35
4,1.25,5.29,13:04:54,13:05:27,1,2,33,1,20
9,2.03,10.01,13:05:32,13:06:05,1,1,33,0,35
3,12.92,6.78,13:06:10,13:06:43,1,3,33,2,38
1,0.0,3.04,13:06:48,13:07:21,1,4,33,1,20
4,3.86,6.96,13:07:26,13:07:59,1,2,33,1,20
3,8.29,3.56,13:08:04,13:08:37,1,1,33,2,25
12,2.12,23.6,13:08:42,13:09:15,1,3,33,0,35
4,2.0,10.53,13:09:20,13:09:53,1,4,33,1,20
5,1.92,6.82,13:09:58,13:10:31,1,2,33,1,20
3,3.67,2.31,13:10:36,13:11:09,1,1,33,1,23
13,2.22,26.25,13:11:14,13:11:47,1,3,33,0,35
3,2.58,8.07,13:11:52,13:12:25,1,4,33,1,20
5,1.44,7.48,13:12:30,13:13:03,1,2,33,1,20
7,3.51,10.24,13:13:08,13:13:41,1,1,33,1,23
11,2.43,23.54,13:13:46,13:14:19,1,3,33,0,35
4,2.22,9.72,13:14:24,13:14:57,1,4,33,1,20
4,3.58,5.82,13:15:02,13:15:35,1,2,33,1,20
2,2.08,2.38,13:15:40,13:16:13,1,1,33,1,20
6,2.35,7.77,13:16:18,13:16:51,1,3,33,1,20
7,1.83,12.31,13:16:56,13:17:29,1,4,33,0,35
6,2.48,6.04,13:17:34,13:18:07,1,2,33,1,20
1,0.0,2.36,13:18:12,13:18:45,1,1,33,1,20
9,2.59,15.18,13:18:50,13:19:23,1,3,33,0,35
6,1.62,10.87,13:19:28,13:20:01,1,4,33,1,20
4,2.53,6.59,13:20:06,13:20:39,1,2,33,1,20
5,2.25,5.5,13:20:44,13:21:17,1,1,33,1,20
6,2.15,15.13,13:21:22,13:21:55,1,3,33,0,35
3,2.25,9.03,13:22:00,13:22:33,1,4,33,1,20
5,6.94,4.83,13:22:38,13:23:11,1,2,33,2,34
4,0.72,4.18,13:23:16,13:23:49,1,1,33,1,20
7,2.17,12.14,13:23:54,13:24:27,1,3,33,0,35
13,1.33,24.33,13:24:32,13:25:05,1,4,33,0,35
5,5.71,6.31,13:25:10,13:25:43,1,2,33,1,20
3,2.88,4.48,13:25:48,13:26:21,1,1,33,1,20
9,3.38,15.91,13:26:26,13:26:59,1,3,33,0,35
6,1.82,12.98,13:27:04,13:27:37,1,4,33,1,20
4,1.94,5.74,13:27:42,13:28:15,1,2,33,1,20
3,2.5,3.3,13:28:20,13:28:53,1,1,33,1,20
6,2.38,14.16,13:28:58,13:29:31,1,3,33,0,35
11,1.85,25.66,13:29:36,13:30:09,1,4,33,0,35
2,5.17,3.56,13:30:14,13:30:47,1,2,33,1,20
2,4.5,2.78,13:30:52,13:31:25,1,1,33,1,20
8,3.32,22.52,13:31:30,13:32:03,1,3,33,0,35
13,1.33,26.45,13:32:08,13:32:41,1,4,33,0,35
4,2.56,5.91,13:32:46,13:33:19,1,2,33,1,20
4,2.78,7.35,13:33:24,13:33:57,1,1,33,1,20
8,3.07,15.62,13:34:02,13:34:35,1,3,33,0,35
4,3.86,8.98,13:34:40,13:35:13,1,4,33,1,20
4,7.08,7.7,13:35:18,13:35:51,1,2,33,2,28
3,2.17,6.23,13:35:56,13:36:29,1,1,33,1,20
1,0.0,2.93,13:36:34,13:37:07,1,3,33,1,20
1,0.0,8.04,13:37:12,13:37:45,1,4,33,1,20
2,0.25,3.92,13:37:50,13:38:23,1,2,33,1,20
4,1.92,5.95,13:38:28,13:39:01,1,1,33,1,20
2,18.33,7.61,13:39:06,13:39:39,1,3,33,2,36
5,2.0,10.92,13:39:44,13:40:17,1,4,33,1,20
3,4.0,5.05,13:40:22,13:40:55,1,2,33,1,20
5,3.96,4.94,13:41:00,13:41:33,1,1,33,1,20
6,2.57,13.2,13:41:38,13:42:11,1,3,33,1,20
5,4.08,10.99,13:42:16,13:42:49,1,4,33,1,20
8,1.31,8.57,13:42:54,13:43:27,1,2,33,1,20
7,2.57,8.06,13:43:32,13:44:05,1,1,33,1,20
7,3.0,13.38,13:44:10,13:44:43,1,3,33,0,35
7,1.12,16.9,13:44:48,13:45:21,1,4,33,0,35
4,7.58,11.78,13:45:26,13:45:59,1,2,33,2,30
6,2.13,6.98,13:46:04,13:46:37,1,1,33,1,20
8,2.79,10.71,13:46:42,13:47:15,1,3,33,0,35
6,2.55,14.26,13:47:20,13:47:53,1,4,33,0,35
10,3.35,11.39,13:47:58,13:48:31,1,2,33,0,40
3,2.25,5.8,13:48:36,13:49:09,1,1,33,1,20
8,2.76,16.74,13:49:14,13:49:47,1,3,33,0,35
5,1.25,13.73,13:49:52,13:50:25,1,4,33,1,20
4,3.0,6.75,13:50:30,13:51:03,1,2,33,1,20
2,2.92,1.79,13:51:08,13:51:41,1,1,33,1,20
8,3.46,14.69,13:51:46,13:52:19,1,3,33,0,35
11,1.88,20.03,13:52:24,13:52:57,1,4,33,0,35
6,1.25,10.9,13:53:02,13:53:35,1,2,33,1,20
6,3.97,6.7,13:53:40,13:54:13,1,1,33,1,20
7,4.49,12.7,13:54:18,13:54:51,1,3,33,0,35
9,1.47,23.95,13:54:56,13:55:29,1,4,33,0,35
5,5.69,16.68,13:55:34,13:56:07,1,2,33,0,40
9,0.97,12.43,13:56:12,13:56:45,1,1,33,0,35
8,3.68,18.25,13:56:50,13:57:23,1,3,33,0,35
10,1.66,21.52,13:57:28,13:58:01,1,4,33,0,35
0,0.0,0.45,13:58:06,13:58:39,1,2,33,1,20
4,3.17,5.56,13:58:44,13:59:17,1,1,33,1,20
6,2.88,10.63,13:59:22,13:59:55,1,3,33,1,20
7,1.86,13.38,14:00:00,14:00:33,1,4,33,0,35
3,3.79,5.54,14:00:38,14:01:11,1,2,33,1,20
9,3.35,18.68,14:01:16,14:01:49,1,1,33,0,35
6,2.8,15.63,14:01:54,14:02:27,1,3,33,0,35
6,2.03,11.12,14:02:32,14:03:05,1,4,33,1,20
1,0.0,3.82,14:03:10,14:03:43,1,2,33,1,20
5,2.17,6.61,14:03:48,14:04:21,1,1,33,1,20
6,2.23,13.68,14:04:26,14:04:59,1,3,33,0,35
8,1.81,17.08,14:05:04,14:05:37,1,4,33,0,35
4,1.36,4.87,14:05:42,14:06:15,1,2,33,1,20
7,3.46,14.45,14:06:20,14:06:53,1,1,33,0,35
5,2.56,7.77,14:06:58,14:07:31,1,3,33,1,20
12,1.75,20.69,14:07:36,14:08:09,1,4,33,0,35
9,1.6,11.42,14:08:14,14:08:47,1,2,33,0,35
3,9.83,4.67,14:08:52,14:09:25,1,1,33,2,30
11,2.32,18.17,14:09:30,14:10:03,1,3,33,0,35
4,2.06,11.79,14:10:08,14:10:41,1,4,33,1,20
5,2.15,6.78,14:10:46,14:11:19,1,2,33,1,20
3,2.17,4.18,14:11:24,14:11:57,1,1,33,1,20
5,2.42,15.98,14:12:02,14:12:35,1,3,33,0,35
2,16.5,4.31,14:12:40,14:13:13,1,4,33,2,33
8,2.07,12.04,14:13:18,14:13:51,1,2,33,0,35
4,7.44,4.5,14:13:56,14:14:29,1,1,33,2,30
14,2.01,25.19,14:14:34,14:15:07,1,3,33,0,35
0,0.0,1.26,14:15:12,14:15:45,1,4,33,1,56
4,2.22,5.57,14:15:50,14:16:23,1,2,33,1,20
6,2.35,6.41,14:16:28,14:17:01,1,1,33,1,20
9,2.55,16.81,14:17:06,14:17:39,1,3,33,0,35
0,0.0,3.49,14:17:44,14:18:17,1,4,33,1,56
3,6.67,3.65,14:18:22,14:18:55,1,2,33,2,20
3,2.62,2.65,14:19:00,14:19:33,1,1,33,1,20
12,2.26,20.45,14:19:38,14:20:11,1,3,33,0,35
6,2.85,23.44,14:20:16,14:20:49,1,4,33,0,35
10,3.25,9.94,14:20:54,14:21:27,1,2,33,0,38
7,3.96,7.2,14:21:32,14:22:05,1,1,33,1,20
3,10.62,7.43,14:22:10,14:22:43,1,3,33,2,31
8,1.87,37.75,14:22:48,14:23:21,1,4,33,0,35
4,3.67,6.86,14:23:26,14:23:59,1,2,33,1,20
5,5.0,3.29,14:24:04,14:24:37,1,1,33,1,20
11,1.85,20.51,14:24:42,14:25:15,1,3,33,0,35
8,1.49,16.27,14:25:20,14:25:53,1,4,33,0,35
3,2.62,6.33,14:25:58,14:26:31,1,2,33,1,20
3,7.71,2.51,14:26:36,14:27:09,1,1,33,2,26
6,4.58,10.18,14:27:14,14:27:47,1,3,33,1,30
11,2.09,21.81,14:27:52,14:28:25,1,4,33,0,35
3,1.5,4.74,14:28:30,14:29:03,1,2,33,1,20
3,9.79,2.61,14:29:08,14:29:41,1,1,33,2,26
9,2.55,18.41,14:29:46,14:30:19,1,3,33,0,35
14,1.68,35.93,14:30:24,14:30:57,1,4,33,0,35
4,2.28,4.97,14:31:02,14:31:35,1,2,33,1,20
3,2.58,3.1,14:31:40,14:32:13,1,1,33,1,20
8,2.56,22.0,14:32:18,14:32:51,1,3,33,0,35
10,2.02,19.33,14:32:56,14:33:29,1,4,33,0,35
3,6.75,3.77,14:33:34,14:34:07,1,2,33,2,21
3,2.75,2.64,14:34:12,14:34:45,1,1,33,1,20
14,1.8,17.03,14:34:50,14:35:23,1,3,33,0,35
12,1.48,23.0,14:35:28,14:36:01,1,4,33,0,35
5,3.12,6.56,14:36:06,14:36:39,1,2,33,1,20
0,0.0,0.16,14:36:44,14:37:17,1,1,33,1,20
6,3.12,24.35,14:37:22,14:37:55,1,3,33,0,35
7,1.4,15.14,14:38:00,14:38:33,1,4,33,0,35
2,7.08,9.39,14:38:38,14:39:11,1,2,33,2,21
3,4.5,2.93,14:39:16,14:39:49,1,1,33,1,20
10,2.08,21.53,14:39:54,14:40:27,1,3,33,0,35
9,2.2,24.37,14:40:32,14:41:05,1,4,33,0,35
3,4.71,4.56,14:41:10,14:41:43,1,2,33,1,20
8,1.83,17.06,14:41:48,14:42:21,1,1,33,0,35
4,3.63,10.97,14:42:26,14:42:59,1,3,33,1,20
12,1.69,19.71,14:43:04,14:43:37,1,4,33,0,35
3,10.33,3.9,14:43:42,14:44:15,1,2,33,2,21
4,2.14,6.89,14:44:20,14:44:53,1,1,33,1,20
3,2.62,8.71,14:44:58,14:45:31,1,3,33,1,20
6,2.08,17.55,14:45:36,14:46:09,1,4,33,0,35
4,2.75,5.54,14:46:14,14:46:47,1,2,33,1,20
2,4.67,2.5,14:46:52,14:47:25,1,1,33,1,23
8,2.51,20.0,14:47:30,14:48:03,1,3,33,0,35
1,0.0,7.47,14:48:08,14:48:41,1,4,33,1,20
5,1.83,8.1,14:48:46,14:49:19,1,2,33,1,20
7,4.19,7.04,14:49:24,14:49:57,1,1,33,1,23
4,3.4,10.1,14:50:02,14:50:35,1,3,33,1,20
5,3.67,12.94,14:50:40,14:51:13,1,4,33,1,20
2,3.42,4.92,14:51:18,14:51:51,1,2,33,1,20
3,14.54,1.63,14:51:56,14:52:29,1,1,33,2,32
4,2.33,9.81,14:52:34,14:53:07,1,3,33,1,20
7,2.33,19.63,14:53:12,14:53:45,1,4,33,0,35
3,2.38,4.48,14:53:50,14:54:23,1,2,33,1,20
6,2.65,7.14,14:54:28,14:55:01,1,1,33,1,23
3,3.19,8.04,14:55:06,14:55:39,1,3,33,1,20
3,2.42,6.49,14:55:44,14:56:17,1,4,33,1,20
5,1.94,6.64,14:56:22,14:56:55,1,2,33,1,20
7,4.39,7.76,14:57:00,14:57:33,1,1,33,1,23
4,3.23,10.48,14:57:38,14:58:11,1,3,33,1,20
1,0.0,4.31,14:58:16,14:58:49,1,4,33,1,20
4,1.42,3.84,14:58:54,14:59:27,1,2,33,1,20
3,7.04,2.33,14:59:32,15:00:05,1,1,33,2,32
5,4.47,13.41,15:00:10,15:00:43,1,3,33,1,20
10,2.63,17.3,15:00:48,15:01:21,1,4,33,0,35
1,0.0,4.05,15:01:26,15:01:59,1,2,33,1,20
5,2.48,7.41,15:02:04,15:02:37,1,1,33,1,20
3,3.78,8.07,15:02:42,15:03:15,1,3,33,1,20
5,1.56,8.42,15:03:20,15:03:53,1,4,33,1,20
5,1.67,7.04,15:03:58,15:04:31,1,2,33,1,20
5,3.42,4.84,15:04:36,15:05:09,1,1,33,1,20
8,2.9,18.2,15:05:14,15:05:47,1,3,33,0,35
10,2.0,23.67,15:05:52,15:06:25,1,4,33,0,35
2,3.83,2.84,15:06:30,15:07:03,1,2,33,1,20
3,6.0,2.19,15:07:08,15:07:41,1,1,33,1,20
4,1.71,10.97,15:07:46,15:08:19,1,3,33,1,20
12,1.44,27.26,15:08:24,15:08:57,1,4,33,0,35
6,1.22,7.66,15:09:02,15:09:35,1,2,33,1,20
2,3.17,1.85,15:09:40,15:10:13,1,1,33,1,20
4,2.37,10.75,15:10:18,15:10:51,1,3,33,1,20
10,2.48,21.08,15:10:56,15:11:29,1,4,33,0,35
5,5.77,4.77,15:11:34,15:12:07,1,2,33,1,20
6,1.75,4.04,15:12:12,15:12:45,1,1,33,1,20
6,2.33,14.19,15:12:50,15:13:23,1,3,33,0,35
10,1.19,22.23,15:13:28,15:14:01,1,4,33,0,35
6,1.68,7.24,15:14:06,15:14:39,1,2,33,1,20
7,2.26,6.78,15:14:44,15:15:17,1,1,33,1,20
5,4.17,13.47,15:15:22,15:15:55,1,3,33,1,20
8,1.38,14.26,15:16:00,15:16:33,1,4,33,0,35
3,2.33,4.57,15:16:38,15:17:11,1,2,33,1,20
9,1.49,12.21,15:17:16,15:17:49,1,1,33,0,35
3,2.29,7.04,15:17:54,15:18:27,1,3,33,1,20
8,2.6,17.04,15:18:32,15:19:05,1,4,33,0,35
6,3.17,9.28,15:19:10,15:19:43,1,2,33,1,20
8,2.61,9.56,15:19:48,15:20:21,1,1,33,0,35
9,1.26,22.61,15:20:26,15:20:59,1,3,33,0,35
2,2.75,9.41,15:21:04,15:21:37,1,4,33,1,20
3,2.29,3.66,15:21:42,15:22:15,1,2,33,1,20
3,15.0,3.55,15:22:20,15:22:53,1,1,33,2,40
3,2.23,7.51,15:22:58,15:23:31,1,3,33,1,20
7,3.51,14.25,15:23:36,15:24:09,1,4,33,0,35
6,1.78,7.97,15:24:14,15:24:47,1,2,33,1,20
5,3.83,7.69,15:24:52,15:25:25,1,1,33,1,23
9,1.76,25.51,15:25:30,15:26:03,1,3,33,0,35
2,22.75,6.78,15:26:08,15:26:41,1,4,33,2,40
3,2.29,6.39,15:26:46,15:27:19,1,2,33,1,20
5,4.88,5.68,15:27:24,15:27:57,1,1,33,1,23
5,3.08,13.33,15:28:02,15:28:35,1,3,33,1,20
5,1.71,21.74,15:28:40,15:29:13,1,4,33,0,35
3,1.33,5.72,15:29:18,15:29:51,1,2,33,1,20
9,3.85,14.38,15:29:56,15:30:29,1,1,33,0,35
6,3.69,14.59,15:30:34,15:31:07,1,3,33,0,35
7,2.01,12.91,15:31:12,15:31:45,1,4,33,0,35
7,1.86,9.01,15:31:50,15:32:23,1,2,33,1,20
1,0.0,0.52,15:32:28,15:33:01,1,1,33,1,20
8,3.55,20.8,15:33:06,15:33:39,1,3,33,0,35
6,1.37,8.99,15:33:44,15:34:17,1,4,33,1,20
5,2.33,5.01,15:34:22,15:34:55,1,2,33,1,20
4,4.42,3.13,15:35:00,15:35:33,1,1,33,1,20
4,2.14,11.72,15:35:38,15:36:11,1,3,33,1,20
6,1.63,12.21,15:36:16,15:36:49,1,4,33,1,20
1,0.0,2.69,15:36:54,15:37:27,1,2,33,1,20
3,4.0,2.5,15:37:32,15:38:05,1,1,33,1,20
5,3.35,12.25,15:38:10,15:38:43,1,3,33,1,20
1,0.0,2.63,15:38:48,15:39:21,1,4,33,1,20
4,4.06,3.4,15:39:26,15:39:59,1,2,33,1,20
1,0.0,0.69,15:40:04,15:40:37,1,1,33,1,20
5,2.12,13.21,15:40:42,15:41:15,1,3,33,1,20
7,1.79,14.54,15:41:20,15:41:53,1,4,33,0,35
2,9.08,2.52,15:41:58,15:42:31,1,2,33,2,19
2,3.25,1.08,15:42:36,15:43:09,1,1,33,1,20
6,3.16,14.27,15:43:14,15:43:47,1,3,33,0,35
12,1.73,28.93,15:43:52,15:44:25,1,4,33,0,35
2,3.75,3.6,15:44:30,15:45:03,1,2,33,1,20
3,2.83,4.69,15:45:08,15:45:41,1,1,33,1,20
2,3.82,5.19,15:45:46,15:46:19,1,3,33,1,20
9,1.74,16.29,15:46:24,15:46:57,1,4,33,0,35
2,2.75,3.55,15:47:02,15:47:35,1,2,33,1,20
1,0.0,0.65,15:47:40,15:48:13,1,1,33,1,20
4,3.65,11.22,15:48:18,15:48:51,1,3,33,1,20
12,1.61,20.93,15:48:56,15:49:29,1,4,33,0,35
3,1.5,4.03,15:49:34,15:50:07,1,2,33,1,20
8,3.9,9.1,15:50:12,15:50:45,1,1,33,1,20
5,3.3,12.31,15:50:50,15:51:23,1,3,33,1,20
10,1.18,12.82,15:51:28,15:52:01,1,4,33,0,35
7,3.89,5.75,15:52:06,15:52:39,1,2,33,1,20
2,1.58,3.5,15:52:44,15:53:17,1,1,33,1,20
9,2.33,24.71,15:53:22,15:53:55,1,3,33,0,35
11,2.63,26.5,15:54:00,15:54:33,1,4,33,0,35
5,2.08,4.33,15:54:38,15:55:11,1,2,33,1,20
2,3.17,1.55,15:55:16,15:55:49,1,1,33,1,20
3,3.53,8.55,15:55:54,15:56:27,1,3,33,1,20
2,5.1,5.36,15:56:32,15:57:05,1,4,33,1,20
4,5.39,9.11,15:57:10,15:57:43,1,2,33,1,20
2,3.95,5.32,15:57:48,15:58:21,1,1,33,1,20
2,4.11,6.03,15:58:26,15:58:59,1,3,33,1,20
4,4.1,11.13,15:59:04,15:59:37,1,4,33,1,20
4,4.04,10.34,15:59:42,16:00:15,1,2,33,1,20
2,2.2,3.97,07:58:15,07:58:48,2,3,33,1,20
6,2.89,14.57,07:58:53,07:59:26,2,4,33,0,35
3,4.18,6.96,07:59:31,08:00:04,2,2,33,1,20
7,1.67,17.71,08:00:09,08:00:42,2,1,33,0,35
7,1.35,16.82,08:00:47,08:01:20,2,3,33,0,35
4,3.49,9.89,08:01:25,08:01:58,2,4,33,1,20
3,1.87,6.9,08:02:03,08:02:36,2,2,33,1,20
6,2.98,16.44,08:02:41,08:03:14,2,1,33,0,35
6,3.74,16.53,08:03:19,08:03:52,2,3,33,0,35
4,3.74,10.49,08:03:57,08:04:30,2,4,33,1,20
2,2.61,4.26,08:04:35,08:05:08,2,2,33,1,20
4,3.86,10.38,08:05:13,08:05:46,2,1,33,1,20
5,2.59,13.7,08:05:51,08:06:24,2,3,33,1,20
6,3.17,16.35,08:06:29,08:07:02,2,4,33,0,35
7,3.37,17.45,08:07:07,08:07:40,2,2,33,0,35
9,1.24,22.13,08:07:45,08:08:18,2,1,33,0,35
8,2.33,22.81,08:08:23,08:08:56,2,3,33,0,35
3,3.36,8.33,08:09:01,08:09:34,2,4,33,1,20
9,1.44,22.06,08:09:39,08:10:12,2,2,33,0,35
4,3.42,10.96,08:10:17,08:10:50,2,1,33,1,20
4,3.85,11.1,08:10:55,08:11:28,2,3,33,1,20
3,1.83,6.23,08:11:33,08:12:06,2,4,33,1,20
7,4.46,18.88,08:12:11,08:12:44,2,2,33,0,35
5,3.01,12.18,08:12:49,08:13:22,2,1,33,1,20
2,1.84,4.69,08:13:27,08:14:00,2,3,33,1,20
10,1.85,17.53,08:14:05,08:14:38,2,4,33,0,35
6,3.02,14.65,08:14:43,08:15:16,2,2,33,0,35
4,2.76,10.05,08:15:21,08:15:54,2,1,33,1,20
2,1.99,5.98,08:15:59,08:16:32,2,3,33,1,20
7,2.39,11.11,08:16:37,08:17:10,2,4,33,1,22
4,2.42,9.8,08:17:15,08:17:48,2,2,33,1,20
9,2.48,21.26,08:17:53,08:18:26,2,1,33,0,35
7,1.93,16.99,08:18:31,08:19:04,2,3,33,0,35
5,2.4,9.68,08:19:09,08:19:42,2,4,33,1,22
6,1.58,15.52,08:19:47,08:20:20,2,2,33,0,35
2,1.84,5.21,08:20:25,08:20:58,2,1,33,1,20
6,2.91,14.35,08:21:03,08:21:36,2,3,33,0,35
8,1.94,13.4,08:21:41,08:22:14,2,4,33,0,35
2,3.73,6.1,08:22:19,08:22:52,2,2,33,1,20
7,1.97,16.98,08:22:57,08:23:30,2,1,33,0,35
8,4.24,18.3,08:23:35,08:24:08,2,3,33,0,35
5,2.1,9.94,08:24:13,08:24:46,2,4,33,1,22
5,1.5,12.31,08:24:51,08:25:24,2,2,33,1,20
8,3.27,19.83,08:25:29,08:26:02,2,1,33,0,35
6,1.25,16.07,08:26:07,08:26:40,2,3,33,0,35
6,5.35,8.0,08:26:45,08:27:18,2,4,33,1,22
2,2.83,4.9,08:27:23,08:27:56,2,2,33,1,20
4,2.78,3.46,08:28:01,08:28:34,2,1,33,1,20
7,1.99,19.31,08:28:39,08:29:12,2,3,33,0,35
6,5.65,11.94,08:29:17,08:29:50,2,4,33,1,22
4,2.17,9.08,08:29:55,08:30:28,2,2,33,1,20
7,4.5,4.92,08:30:33,08:31:06,2,1,33,1,20
6,1.15,14.72,08:31:11,08:31:44,2,3,33,0,35
4,5.08,6.79,08:31:49,08:32:22,2,4,33,1,20
7,3.69,17.41,08:32:27,08:33:00,2,2,33,0,35
2,4.33,2.88,08:33:05,08:33:38,2,1,33,1,20
8,1.16,21.08,08:33:43,08:34:16,2,3,33,0,35
11,1.68,16.43,08:34:21,08:34:54,2,4,33,0,35
7,2.25,18.31,08:34:59,08:35:32,2,2,33,0,35
11,1.81,9.32,08:35:37,08:36:10,2,1,33,0,35
2,2.67,3.11,08:36:15,08:36:48,2,3,33,1,20
2,3.42,3.93,08:36:53,08:37:26,2,4,33,1,20
5,4.38,14.33,08:37:31,08:38:04,2,2,33,1,21
5,4.85,3.88,08:38:09,08:38:42,2,1,33,1,20
9,3.59,13.44,08:38:47,08:39:20,2,3,33,0,35
4,2.58,14.83,08:39:25,08:39:58,2,4,33,1,20
6,1.12,15.67,08:40:03,08:40:36,2,2,33,0,35
1,0.0,0.86,08:40:41,08:41:14,2,1,33,1,20
10,2.52,17.75,08:41:19,08:41:52,2,3,33,0,35
5,1.88,7.12,08:41:57,08:42:30,2,4,33,1,20
5,3.64,13.76,08:42:35,08:43:08,2,2,33,1,21
7,1.28,5.84,08:43:13,08:43:46,2,1,33,1,20
10,1.35,17.35,08:43:51,08:44:24,2,3,33,0,35
6,1.48,11.07,08:44:29,08:45:02,2,4,33,1,20
4,0.86,8.01,08:45:07,08:45:40,2,2,33,1,20
3,1.29,2.18,08:45:45,08:46:18,2,1,33,1,20
12,2.76,22.28,08:46:23,08:46:56,2,3,33,0,35
7,3.32,22.28,08:47:01,08:47:34,2,4,33,0,35
1,0.0,4.29,08:47:39,08:48:12,2,2,33,1,20
3,1.08,1.78,08:48:17,08:48:50,2,1,33,1,20
5,1.56,9.26,08:48:55,08:49:28,2,3,33,1,20
3,2.08,5.51,08:49:33,08:50:06,2,4,33,1,20
4,1.97,10.77,08:50:11,08:50:44,2,2,33,1,20
2,2.75,3.83,08:50:49,08:51:22,2,1,33,1,20
20,1.35,37.83,08:51:27,08:52:00,2,3,33,0,35
12,1.62,20.41,08:52:05,08:52:38,2,4,33,0,35
4,2.03,7.91,08:52:43,08:53:16,2,2,33,1,20
4,2.28,2.06,08:53:21,08:53:54,2,1,33,1,20
12,1.93,25.33,08:53:59,08:54:32,2,3,33,0,35
3,4.0,6.73,08:54:37,08:55:10,2,4,33,1,20
6,2.82,10.21,08:55:15,08:55:48,2,2,33,1,20
2,3.92,1.3,08:55:53,08:56:26,2,1,33,1,20
8,2.52,16.61,08:56:31,08:57:04,2,3,33,0,35
10,1.02,10.16,08:57:09,08:57:42,2,4,33,0,35
7,1.96,14.65,08:57:47,08:58:20,2,2,33,0,35
8,1.67,5.54,08:58:25,08:58:58,2,1,33,1,20
7,3.57,13.74,08:59:03,08:59:36,2,3,33,0,35
7,4.26,8.83,08:59:41,09:00:14,2,4,33,1,20
3,1.42,5.96,09:00:19,09:00:52,2,2,33,1,20
5,2.69,7.36,09:00:57,09:01:30,2,1,33,1,20
7,2.88,12.18,09:01:35,09:02:08,2,3,33,0,35
5,6.42,10.39,09:02:13,09:02:46,2,4,33,1,24
2,2.92,5.86,09:02:51,09:03:24,2,2,33,1,20
3,1.04,3.4,09:03:29,09:04:02,2,1,33,1,20
3,2.21,8.56,09:04:07,09:04:40,2,3,33,1,20
6,4.55,14.22,09:04:45,09:05:18,2,4,33,0,35
6,1.4,11.65,09:05:23,09:05:56,2,2,33,1,20
3,4.62,6.3,09:06:01,09:06:34,2,1,33,1,20
17,1.77,39.79,09:06:39,09:07:12,2,3,33,0,35
8,4.08,19.82,09:07:17,09:07:50,2,4,33,0,35
4,2.89,9.12,09:07:55,09:08:28,2,2,33,1,20
11,2.48,8.67,09:08:33,09:09:06,2,1,33,0,35
7,2.29,12.97,09:09:11,09:09:44,2,3,33,0,35
3,3.21,6.36,09:09:49,09:10:22,2,4,33,1,24
8,1.45,12.63,09:10:27,09:11:00,2,2,33,0,35
3,3.17,2.12,09:11:05,09:11:38,2,1,33,1,20
9,2.93,21.45,09:11:43,09:12:16,2,3,33,0,35
7,2.6,11.21,09:12:21,09:12:54,2,4,33,1,24
6,1.58,12.37,09:12:59,09:13:32,2,2,33,1,20
8,1.26,4.44,09:13:37,09:14:10,2,1,33,1,20
14,2.03,26.01,09:14:15,09:14:48,2,3,33,0,35
6,4.92,11.98,09:14:53,09:15:26,2,4,33,1,24
2,3.42,4.84,09:15:31,09:16:04,2,2,33,1,20
9,1.58,7.13,09:16:09,09:16:42,2,1,33,0,35
7,2.56,14.73,09:16:47,09:17:20,2,3,33,0,35
6,2.28,15.29,09:17:25,09:17:58,2,4,33,0,35
3,3.46,5.12,09:18:03,09:18:36,2,2,33,1,20
6,2.33,6.41,09:18:41,09:19:14,2,1,33,1,20
12,1.86,23.77,09:19:19,09:19:52,2,3,33,0,35
11,1.52,19.65,09:19:57,09:20:30,2,4,33,0,35
8,1.8,13.23,09:20:35,09:21:08,2,2,33,0,35
2,20.0,1.0,09:21:13,09:21:46,2,1,33,2,39
8,3.48,20.57,09:21:51,09:22:24,2,3,33,0,35
4,2.36,10.51,09:22:29,09:23:02,2,4,33,1,20
5,1.85,10.15,09:23:07,09:23:40,2,2,33,1,20
2,5.5,1.11,09:23:45,09:24:18,2,1,33,1,20
6,4.02,9.66,09:24:23,09:24:56,2,3,33,1,26
5,2.02,7.49,09:25:01,09:25:34,2,4,33,1,20
6,4.3,9.65,09:25:39,09:26:12,2,2,33,1,20
4,3.03,1.8,09:26:17,09:26:50,2,1,33,1,20
10,2.17,22.89,09:26:55,09:27:28,2,3,33,0,35
8,2.24,21.94,09:27:33,09:28:06,2,4,33,0,35
3,9.08,5.32,09:28:11,09:28:44,2,2,33,2,27
6,1.8,4.01,09:28:49,09:29:22,2,1,33,1,20
9,2.9,20.06,09:29:27,09:30:00,2,3,33,0,35
10,1.55,15.08,09:30:05,09:30:38,2,4,33,0,35
6,5.08,12.95,09:30:43,09:31:16,2,2,33,1,20
9,2.56,6.2,09:31:21,09:31:54,2,1,33,1,20
6,3.57,18.18,09:31:59,09:32:32,2,3,33,0,35
5,1.88,6.33,09:32:37,09:33:10,2,4,33,1,20
4,1.42,5.25,09:33:15,09:33:48,2,2,33,1,20
7,2.01,5.15,09:33:53,09:34:26,2,1,33,1,20
16,1.63,34.22,09:34:31,09:35:04,2,3,33,0,35
13,1.58,25.3,09:35:09,09:35:42,2,4,33,0,35
10,2.16,18.82,09:35:47,09:36:20,2,2,33,0,35
6,1.62,4.05,09:36:25,09:36:58,2,1,33,1,20
13,1.85,24.72,09:37:03,09:37:36,2,3,33,0,35
8,3.05,12.34,09:37:41,09:38:14,2,4,33,0,35
2,0.75,6.4,09:38:19,09:38:52,2,2,33,1,20
8,1.67,6.41,09:38:57,09:39:30,2,1,33,1,20
5,3.04,12.2,09:39:35,09:40:08,2,3,33,1,24
5,6.29,10.2,09:40:13,09:40:46,2,4,33,1,20
3,1.21,5.71,09:40:51,09:41:24,2,2,33,1,20
2,3.0,1.22,09:41:29,09:42:02,2,1,33,1,20
5,5.81,12.94,09:42:07,09:42:40,2,3,33,1,24
4,1.69,4.04,09:42:45,09:43:18,2,4,33,1,20
8,3.55,14.79,09:43:23,09:43:56,2,2,33,0,35
7,3.85,3.71,09:44:01,09:44:34,2,1,33,1,20
13,2.25,33.66,09:44:39,09:45:12,2,3,33,0,35
3,1.38,7.0,09:45:17,09:45:50,2,4,33,1,20
13,1.64,20.33,09:45:55,09:46:28,2,2,33,0,35
4,2.94,4.22,09:46:33,09:47:06,2,1,33,1,23
7,2.42,18.5,09:47:11,09:47:44,2,3,33,0,35
12,1.92,20.9,09:47:49,09:48:22,2,4,33,0,35
8,2.99,13.25,09:48:27,09:49:00,2,2,33,0,35
10,2.42,7.56,09:49:05,09:49:38,2,1,33,0,35
12,2.33,22.71,09:49:43,09:50:16,2,3,33,0,35
5,2.08,9.14,09:50:21,09:50:54,2,4,33,1,20
5,2.58,9.06,09:50:59,09:51:32,2,2,33,1,20
9,3.35,4.15,09:51:37,09:52:10,2,1,33,1,23
11,2.39,23.88,09:52:15,09:52:48,2,3,33,0,35
7,2.17,10.74,09:52:53,09:53:26,2,4,33,1,20
1,0.0,2.87,09:53:31,09:54:04,2,2,33,1,20
6,3.37,5.5,09:54:09,09:54:42,2,1,33,1,23
9,2.76,17.19,09:54:47,09:55:20,2,3,33,0,35
10,3.07,16.43,09:55:25,09:55:58,2,4,33,0,35
7,1.25,12.63,09:56:03,09:56:36,2,2,33,0,35
3,13.38,1.66,09:56:41,09:57:14,2,1,33,2,39
10,1.98,21.82,09:57:19,09:57:52,2,3,33,0,35
9,1.83,22.97,09:57:57,09:58:30,2,4,33,0,35
6,2.55,11.8,09:58:35,09:59:08,2,2,33,1,20
8,3.12,6.26,09:59:13,09:59:46,2,1,33,1,23
9,3.75,14.68,09:59:51,10:00:24,2,3,33,0,35
6,2.45,11.68,10:00:29,10:01:02,2,4,33,1,20
6,5.2,13.15,10:01:07,10:01:40,2,2,33,1,20
4,1.53,2.15,10:01:45,10:02:18,2,1,33,1,20
9,2.05,14.32,10:02:23,10:02:56,2,3,33,0,35
8,1.81,18.04,10:03:01,10:03:34,2,4,33,0,35
4,3.0,6.11,10:03:39,10:04:12,2,2,33,1,20
7,2.39,5.68,10:04:17,10:04:50,2,1,33,1,20
5,4.0,15.85,10:04:55,10:05:28,2,3,33,0,35
11,1.38,15.58,10:05:33,10:06:06,2,4,33,0,35
3,1.83,4.15,10:06:11,10:06:44,2,2,33,1,20
9,2.27,6.95,10:06:49,10:07:22,2,1,33,1,20
7,3.75,8.51,10:07:27,10:08:00,2,3,33,1,30
9,1.96,18.28,10:08:05,10:08:38,2,4,33,0,35
10,2.19,18.17,10:08:43,10:09:16,2,2,33,0,35
4,6.97,3.29,10:09:21,10:09:54,2,1,33,2,28
8,3.52,8.9,10:09:59,10:10:32,2,3,33,1,30
3,4.62,9.58,10:10:37,10:11:10,2,4,33,1,20
6,5.0,9.18,10:11:15,10:11:48,2,2,33,1,20
3,0.92,2.18,10:11:53,10:12:26,2,1,33,1,20
5,1.88,16.61,10:12:31,10:13:04,2,3,33,0,35
3,4.96,7.86,10:13:09,10:13:42,2,4,33,1,20
6,1.72,11.75,10:13:47,10:14:20,2,2,33,1,20
6,4.48,5.51,10:14:25,10:14:58,2,1,33,1,20
5,2.75,11.25,10:15:03,10:15:36,2,3,33,1,26
5,1.67,9.34,10:15:41,10:16:14,2,4,33,1,20
8,3.26,19.14,10:16:19,10:16:52,2,2,33,0,35
5,2.04,5.4,10:16:57,10:17:30,2,1,33,1,20
5,7.06,10.64,10:17:35,10:18:08,2,3,33,1,26
4,1.31,5.87,10:18:13,10:18:46,2,4,33,1,20
4,4.25,10.66,10:18:51,10:19:24,2,2,33,1,20
2,3.42,1.79,10:19:29,10:20:02,2,1,33,1,20
10,2.48,17.31,10:20:07,10:20:40,2,3,33,0,35
6,2.47,10.33,10:20:45,10:21:18,2,4,33,1,20
7,2.93,16.58,10:21:23,10:21:56,2,2,33,0,35
0,0.0,0.17,10:22:01,10:22:34,2,1,33,1,20
9,1.24,15.6,10:22:39,10:23:12,2,3,33,0,35
9,1.48,13.96,10:23:17,10:23:50,2,4,33,0,35
3,2.88,5.68,10:23:55,10:24:28,2,2,33,1,20
4,7.11,3.89,10:24:33,10:25:06,2,1,33,2,28
3,7.42,5.19,10:25:11,10:25:44,2,3,33,2,22
21,1.15,24.82,10:25:49,10:26:22,2,4,33,0,35
2,18.42,6.08,10:26:27,10:27:00,2,2,33,2,36
1,0.0,0.96,10:27:05,10:27:38,2,1,33,1,20
12,2.38,18.32,10:27:43,10:28:16,2,3,33,0,35
14,1.6,27.61,10:28:21,10:28:54,2,4,33,0,35
4,2.17,7.15,10:28:59,10:29:32,2,2,33,1,20
3,2.96,2.33,10:29:37,10:30:10,2,1,33,1,20
6,3.93,10.05,10:30:15,10:30:48,2,3,33,1,20
9,2.5,20.79,10:30:53,10:31:26,2,4,33,0,35
7,1.82,12.9,10:31:31,10:32:04,2,2,33,0,35
7,1.58,6.84,10:32:09,10:32:42,2,1,33,1,20
6,2.28,13.23,10:32:47,10:33:20,2,3,33,1,20
13,1.15,24.6,10:33:25,10:33:58,2,4,33,0,35
8,2.0,15.17,10:34:03,10:34:36,2,2,33,0,35
7,1.99,6.43,10:34:41,10:35:14,2,1,33,1,20
10,2.02,21.82,10:35:19,10:35:52,2,3,33,0,35
10,1.73,15.74,10:35:57,10:36:30,2,4,33,0,35
5,1.94,10.29,10:36:35,10:37:08,2,2,33,1,20
4,2.47,2.8,10:37:13,10:37:46,2,1,33,1,20
6,2.03,14.41,10:37:51,10:38:24,2,3,33,0,35
7,2.36,15.58,10:38:29,10:39:02,2,4,33,0,35
5,6.5,8.5,10:39:07,10:39:40,2,2,33,1,20
2,8.33,1.87,10:39:45,10:40:18,2,1,33,2,17
11,2.44,19.93,10:40:23,10:40:56,2,3,33,0,35
15,1.62,22.06,10:41:01,10:41:34,2,4,33,0,35
6,1.87,12.83,10:41:39,10:42:12,2,2,33,1,20
8,3.13,7.28,10:42:17,10:42:50,2,1,33,1,20
10,1.72,21.35,10:42:55,10:43:28,2,3,33,0,35
5,2.98,8.68,10:43:33,10:44:06,2,4,33,1,20
2,20.17,6.48,10:44:11,10:44:44,2,2,33,2,40
6,2.65,5.92,10:44:49,10:45:22,2,1,33,1,20
11,2.52,19.45,10:45:27,10:46:00,2,3,33,0,35
7,4.42,7.62,10:46:05,10:46:38,2,4,33,1,20
3,3.08,7.54,10:46:43,10:47:16,2,2,33,1,20
10,2.68,9.61,10:47:21,10:47:54,2,1,33,0,35
9,1.96,20.91,10:47:59,10:48:32,2,3,33,0,35
5,2.0,10.98,10:48:37,10:49:10,2,4,33,1,20
4,4.53,16.21,10:49:15,10:49:48,2,2,33,1,20
5,1.38,5.06,10:49:53,10:50:26,2,1,33,1,20
8,3.8,15.26,10:50:31,10:51:04,2,3,33,0,35
6,2.07,17.64,10:51:09,10:51:42,2,4,33,0,35
5,2.75,12.74,10:51:47,10:52:20,2,2,33,1,20
9,2.8,7.6,10:52:25,10:52:58,2,1,33,0,35
4,6.36,10.67,10:53:03,10:53:36,2,3,33,1,20
7,2.46,15.61,10:53:41,10:54:14,2,4,33,0,35
6,3.37,9.38,10:54:19,10:54:52,2,2,33,1,20
6,5.0,6.47,10:54:57,10:55:30,2,1,33,1,20
6,1.98,11.34,10:55:35,10:56:08,2,3,33,1,20
3,2.62,6.07,10:56:13,10:56:46,2,4,33,1,20
3,3.17,13.3,10:56:51,10:57:24,2,2,33,1,20
3,3.42,5.16,10:57:29,10:58:02,2,1,33,1,20
4,2.44,5.29,10:58:07,10:58:40,2,3,33,1,20
8,1.5,14.81,10:58:45,10:59:18,2,4,33,0,35
16,1.93,23.43,10:59:23,10:59:56,2,2,33,0,36
10,2.46,15.68,11:00:01,11:00:34,2,1,33,0,35
8,3.05,13.77,11:00:39,11:01:12,2,3,33,0,35
7,2.42,15.17,11:01:17,11:01:50,2,4,33,0,35
11,2.23,22.89,11:01:55,11:02:28,2,2,33,0,35
4,6.28,2.87,11:02:33,11:03:06,2,1,33,1,20
5,2.1,7.37,11:03:11,11:03:44,2,3,33,1,20
4,2.5,13.35,11:03:49,11:04:22,2,4,33,1,20
4,8.33,8.7,11:04:27,11:05:00,2,2,33,2,36
3,2.08,5.48,11:05:05,11:05:38,2,1,33,1,20
6,1.72,7.51,11:05:43,11:06:16,2,3,33,1,20
14,1.47,29.23,11:06:21,11:06:54,2,4,33,0,35
3,6.25,2.87,11:06:59,11:07:32,2,2,33,1,20
9,2.57,19.12,11:07:37,11:08:10,2,1,33,0,35
6,2.28,20.69,11:08:15,11:08:48,2,3,33,0,35
6,3.05,22.36,11:08:53,11:09:26,2,4,33,0,35
2,16.33,5.4,11:09:31,11:10:04,2,2,33,2,36
1,0.0,1.36,11:10:09,11:10:42,2,1,33,1,20
9,2.19,15.2,11:10:47,11:11:20,2,3,33,0,35
14,1.81,25.18,11:11:25,11:11:58,2,4,33,0,35
10,1.99,15.9,11:12:03,11:12:36,2,2,33,0,35
6,3.95,10.57,11:12:41,11:13:14,2,1,33,1,20
10,3.24,18.64,11:13:19,11:13:52,2,3,33,0,35
9,1.8,18.94,11:13:57,11:14:30,2,4,33,0,35
8,1.56,20.47,11:14:35,11:15:08,2,2,33,0,35
3,14.92,4.03,11:15:13,11:15:46,2,1,33,2,40
10,2.96,15.88,11:15:51,11:16:24,2,3,33,0,35
5,4.12,17.26,11:16:29,11:17:02,2,4,33,0,35
6,2.72,15.97,11:17:07,11:17:40,2,2,33,0,35
10,2.62,10.53,11:17:45,11:18:18,2,1,33,0,35
7,4.44,10.36,11:18:23,11:18:56,2,3,33,1,21
6,4.67,21.52,11:19:01,11:19:34,2,4,33,0,35
6,2.0,11.33,11:19:39,11:20:12,2,2,33,1,20
4,1.97,4.2,11:20:17,11:20:50,2,1,33,1,20
9,2.59,25.7,11:20:55,11:21:28,2,3,33,0,35
5,2.62,15.55,11:21:33,11:22:06,2,4,33,0,35
9,1.45,20.43,11:22:11,11:22:44,2,2,33,0,35
9,1.64,6.01,11:22:49,11:23:22,2,1,33,1,20
5,2.21,12.01,11:23:27,11:24:00,2,3,33,1,21
9,2.17,18.19,11:24:05,11:24:38,2,4,33,0,35
10,2.59,24.12,11:24:43,11:25:16,2,2,33,0,35
6,2.32,9.84,11:25:21,11:25:54,2,1,33,1,20
9,2.06,15.57,11:25:59,11:26:32,2,3,33,0,35
8,2.06,20.96,11:26:37,11:27:10,2,4,33,0,35
4,4.36,6.87,11:27:15,11:27:48,2,2,33,1,20
3,3.12,5.8,11:27:53,11:28:26,2,1,33,1,20
9,2.17,13.89,11:28:31,11:29:04,2,3,33,0,35
6,1.87,17.89,11:29:09,11:29:42,2,4,33,0,35
2,5.0,4.31,11:29:47,11:30:20,2,2,33,1,20
1,0.0,1.24,11:30:25,11:30:58,2,1,33,1,20
8,3.93,13.45,11:31:03,11:31:36,2,3,33,0,35
9,2.05,22.87,11:31:41,11:32:14,2,4,33,0,35
5,3.85,7.21,11:32:19,11:32:52,2,2,33,1,20
7,3.65,6.04,11:32:57,11:33:30,2,1,33,1,20
10,2.03,15.54,11:33:35,11:34:08,2,3,33,0,35
6,1.85,20.13,11:34:13,11:34:46,2,4,33,0,35
3,4.92,9.87,11:34:51,11:35:24,2,2,33,1,20
11,2.22,6.58,11:35:29,11:36:02,2,1,33,0,35
5,5.83,17.69,11:36:07,11:36:40,2,3,33,0,35
6,1.3,18.72,11:36:45,11:37:18,2,4,33,0,35
4,1.94,14.49,11:37:23,11:37:56,2,2,33,1,20
9,3.48,8.16,11:38:01,11:38:34,2,1,33,0,35
6,3.93,12.04,11:38:39,11:39:12,2,3,33,1,25
3,3.46,15.53,11:39:17,11:39:50,2,4,33,1,20
0,0.0,4.06,11:39:55,11:40:28,2,2,33,1,20
4,2.61,6.54,11:40:33,11:41:06,2,1,33,1,20
7,5.06,18.25,11:41:11,11:41:44,2,3,33,0,35
5,3.71,19.93,11:41:49,11:42:22,2,4,33,0,35
12,1.67,18.52,11:42:27,11:43:00,2,2,33,0,35
5,2.77,5.23,11:43:05,11:43:38,2,1,33,1,20
9,2.12,15.13,11:43:43,11:44:16,2,3,33,0,35
5,2.77,22.79,11:44:21,11:44:54,2,4,33,0,35
2,0.83,5.06,11:44:59,11:45:32,2,2,33,1,20
9,2.0,9.13,11:45:37,11:46:10,2,1,33,0,35
9,3.18,18.87,11:46:15,11:46:48,2,3,33,0,35
15,1.44,37.83,11:46:53,11:47:26,2,4,33,0,35
10,2.69,16.63,11:47:31,11:48:04,2,2,33,0,35
2,2.83,1.81,11:48:09,11:48:42,2,1,33,1,20
7,3.85,12.78,11:48:47,11:49:20,2,3,33,0,35
14,1.23,23.29,11:49:25,11:49:58,2,4,33,0,35
3,4.46,7.05,11:50:03,11:50:36,2,2,33,1,20
3,2.75,4.05,11:50:41,11:51:14,2,1,33,1,20
4,1.75,5.95,11:51:19,11:51:52,2,3,33,1,20
9,3.52,22.04,11:51:57,11:52:30,2,4,33,0,35
1,0.0,5.08,11:52:35,11:53:08,2,2,33,1,20
9,1.54,9.84,11:53:13,11:53:46,2,1,33,0,35
6,4.03,9.0,11:53:51,11:54:24,2,3,33,1,20
4,4.42,10.6,11:54:29,11:55:02,2,4,33,1,20
8,3.55,13.66,11:55:07,11:55:40,2,2,33,0,35
5,1.98,9.4,11:55:45,11:56:18,2,1,33,1,20
8,2.0,16.11,11:56:23,11:56:56,2,3,33,0,35
8,3.37,19.45,11:57:01,11:57:34,2,4,33,0,35
4,2.94,9.89,11:57:39,11:58:12,2,2,33,1,20
9,3.08,6.92,11:58:17,11:58:50,2,1,33,1,20
8,3.73,14.14,11:58:55,11:59:28,2,3,33,0,35
5,2.31,13.44,11:59:33,12:00:06,2,4,33,1,20
3,7.38,6.92,12:00:11,12:00:44,2,2,33,2,32
4,2.64,4.28,12:00:49,12:01:22,2,1,33,1,20
16,1.84,26.09,12:01:27,12:02:00,2,3,33,0,35
9,1.59,22.66,12:02:05,12:02:38,2,4,33,0,35
6,3.48,11.6,12:02:43,12:03:16,2,2,33,1,22
5,4.54,3.15,12:03:21,12:03:54,2,1,33,1,20
7,3.21,13.56,12:03:59,12:04:32,2,3,33,0,35
11,1.23,13.57,12:04:37,12:05:10,2,4,33,0,35
2,16.92,4.05,12:05:15,12:05:48,2,2,33,2,32
11,1.77,6.23,12:05:53,12:06:26,2,1,33,0,35
8,1.62,20.24,12:06:31,12:07:04,2,3,33,0,35
8,1.68,17.53,12:07:09,12:07:42,2,4,33,0,35
4,8.5,9.2,12:07:47,12:08:20,2,2,33,2,32
8,1.94,11.19,12:08:25,12:08:58,2,1,33,0,35
10,1.7,23.36,12:09:03,12:09:36,2,3,33,0,35
6,2.23,11.72,12:09:41,12:10:14,2,4,33,1,20
6,2.17,13.63,12:10:19,12:10:52,2,2,33,0,35
4,8.19,4.12,12:10:57,12:11:30,2,1,33,2,32
7,2.53,14.63,12:11:35,12:12:08,2,3,33,0,35
7,1.54,15.68,12:12:13,12:12:46,2,4,33,0,35
8,2.6,16.53,12:12:51,12:13:24,2,2,33,0,35
6,4.27,6.39,12:13:29,12:14:02,2,1,33,1,20
5,2.29,7.55,12:14:07,12:14:40,2,3,33,1,20
8,2.76,12.79,12:14:45,12:15:18,2,4,33,0,35
6,3.78,10.21,12:15:23,12:15:56,2,2,33,1,20
6,1.73,6.84,12:16:01,12:16:34,2,1,33,1,20
7,2.64,18.45,12:16:39,12:17:12,2,3,33,0,35
8,1.49,13.31,12:17:17,12:17:50,2,4,33,0,35
2,2.0,6.05,12:17:55,12:18:28,2,2,33,1,20
5,6.46,5.74,12:18:33,12:19:06,2,1,33,1,20
13,1.92,27.64,12:19:11,12:19:44,2,3,33,0,35
7,2.42,17.1,12:19:49,12:20:22,2,4,33,0,35
4,5.14,9.57,12:20:27,12:21:00,2,2,33,1,20
3,5.54,2.35,12:21:05,12:21:38,2,1,33,1,20
16,1.61,30.1,12:21:43,12:22:16,2,3,33,0,35
9,1.24,13.98,12:22:21,12:22:54,2,4,33,0,35
4,3.89,9.7,12:22:59,12:23:32,2,2,33,1,20
4,6.08,3.34,12:23:37,12:24:10,2,1,33,1,20
3,2.75,9.27,12:24:15,12:24:48,2,3,33,1,20
8,2.96,14.49,12:24:53,12:25:26,2,4,33,0,35
7,2.65,11.53,12:25:31,12:26:04,2,2,33,0,35
6,1.63,5.61,12:26:09,12:26:42,2,1,33,1,20
10,2.49,18.98,12:26:47,12:27:20,2,3,33,0,35
4,2.03,12.7,12:27:25,12:27:58,2,4,33,1,20
6,2.18,20.83,12:28:03,12:28:36,2,2,33,0,35
4,2.36,3.57,12:28:41,12:29:14,2,1,33,1,20
3,3.0,6.56,12:29:19,12:29:52,2,3,33,1,20
6,3.4,10.56,12:29:57,12:30:30,2,4,33,1,20
7,2.1,13.23,12:30:35,12:31:08,2,2,33,0,35
6,2.52,4.66,12:31:13,12:31:46,2,1,33,1,20
7,2.53,15.82,12:31:51,12:32:24,2,3,33,0,35
3,1.54,8.34,12:32:29,12:33:02,2,4,33,1,20
5,3.1,12.68,12:33:07,12:33:40,2,2,33,1,20
8,4.0,9.09,12:33:45,12:34:18,2,1,33,1,20
6,2.62,14.34,12:34:23,12:34:56,2,3,33,0,35
6,4.63,8.73,12:35:01,12:35:34,2,4,33,1,20
6,3.05,10.96,12:35:39,12:36:12,2,2,33,1,20
5,2.33,4.7,12:36:17,12:36:50,2,1,33,1,20
13,1.47,35.52,12:36:55,12:37:28,2,3,33,0,35
8,2.25,11.06,12:37:33,12:38:06,2,4,33,0,35
2,22.5,5.92,12:38:11,12:38:44,2,2,33,2,40
6,1.77,4.98,12:38:49,12:39:22,2,1,33,1,20
6,3.58,18.48,12:39:27,12:40:00,2,3,33,0,35
10,1.73,14.98,12:40:05,12:40:38,2,4,33,0,35
3,10.08,6.11,12:40:43,12:41:16,2,2,33,2,40
9,2.62,5.94,12:41:21,12:41:54,2,1,33,1,20
5,2.48,15.04,12:41:59,12:42:32,2,3,33,1,20
14,1.63,23.12,12:42:37,12:43:10,2,4,33,0,35
2,1.33,6.17,12:43:15,12:43:48,2,2,33,1,20
7,3.79,6.66,12:43:53,12:44:26,2,1,33,1,20
2,4.33,2.14,12:44:31,12:45:04,2,3,33,1,20
12,1.83,24.18,12:45:09,12:45:42,2,4,33,0,35
8,2.61,12.2,12:45:47,12:46:20,2,2,33,0,35
10,3.21,6.0,12:46:25,12:46:58,2,1,33,0,38
7,2.39,13.97,12:47:03,12:47:36,2,3,33,0,35
9,1.32,16.19,12:47:41,12:48:14,2,4,33,0,35
5,2.6,7.65,12:48:19,12:48:52,2,2,33,1,20
5,1.21,6.12,12:48:57,12:49:30,2,1,33,1,20
5,6.23,6.84,12:49:35,12:50:08,2,3,33,1,26
10,1.9,18.34,12:50:13,12:50:46,2,4,33,0,35
7,4.51,12.99,12:50:51,12:51:24,2,2,33,0,35
7,2.57,2.55,12:51:29,12:52:02,2,1,33,1,20
8,2.4,18.4,12:52:07,12:52:40,2,3,33,0,35
6,2.17,12.62,12:52:45,12:53:18,2,4,33,1,20
3,2.58,9.46,12:53:23,12:53:56,2,2,33,1,20
2,0.92,1.34,12:54:01,12:54:34,2,1,33,1,20
5,4.31,7.44,12:54:39,12:55:12,2,3,33,1,26
4,1.53,9.61,12:55:17,12:55:50,2,4,33,1,20
3,2.83,10.4,12:55:55,12:56:28,2,2,33,1,20
4,3.83,2.16,12:56:33,12:57:06,2,1,33,1,20
7,4.49,13.61,12:57:11,12:57:44,2,3,33,0,35
7,1.81,17.23,12:57:49,12:58:22,2,4,33,0,35
3,3.12,8.11,12:58:27,12:59:00,2,2,33,1,20
5,0.92,3.66,12:59:05,12:59:38,2,1,33,1,20
6,3.17,11.21,12:59:43,13:00:16,2,3,33,1,26
1,0.0,3.94,13:00:21,13:00:54,2,4,33,1,20
3,1.12,9.37,13:00:59,13:01:32,2,2,33,1,20
9,3.25,2.91,13:01:37,13:02:10,2,1,33,1,20
5,2.04,7.35,13:02:15,13:02:48,2,3,33,1,20
4,6.14,10.12,13:02:53,13:03:26,2,4,33,1,20
1,0.0,6.32,13:03:31,13:04:04,2,2,33,1,20
1,0.0,0.58,13:04:09,13:04:42,2,1,33,1,20
7,3.5,15.27,13:04:47,13:05:20,2,3,33,0,35
5,4.0,9.07,13:05:25,13:05:58,2,4,33,1,20
5,6.19,9.9,13:06:03,13:06:36,2,2,33,1,20
1,0.0,1.29,13:06:41,13:07:14,2,1,33,1,20
15,1.95,30.67,13:07:19,13:07:52,2,3,33,0,35
3,6.54,13.35,13:07:57,13:08:30,2,4,33,1,20
12,2.0,19.02,13:08:35,13:09:08,2,2,33,0,35
1,0.0,0.76,13:09:13,13:09:46,2,1,33,1,20
11,2.02,22.25,13:09:51,13:10:24,2,3,33,0,35
4,1.72,7.35,13:10:29,13:11:02,2,4,33,1,20
3,10.54,8.81,13:11:07,13:11:40,2,2,33,2,31
6,2.87,5.35,13:11:45,13:12:18,2,1,33,1,20
8,2.35,22.13,13:12:23,13:12:56,2,3,33,0,35
4,4.53,5.06,13:13:01,13:13:34,2,4,33,1,20
4,1.44,7.62,13:13:39,13:14:12,2,2,33,1,20
6,4.07,2.39,13:14:17,13:14:50,2,1,33,1,20
7,1.68,13.82,13:14:55,13:15:28,2,3,33,0,35
3,2.67,6.02,13:15:33,13:16:06,2,4,33,1,20
3,2.58,7.79,13:16:11,13:16:44,2,2,33,1,20
3,5.58,2.06,13:16:49,13:17:22,2,1,33,1,25
7,3.39,10.96,13:17:27,13:18:00,2,3,33,1,20
9,1.83,22.5,13:18:05,13:18:38,2,4,33,0,35
2,3.17,7.3,13:18:43,13:19:16,2,2,33,1,20
4,9.39,3.89,13:19:21,13:19:54,2,1,33,2,37
1,0.0,0.91,13:19:59,13:20:32,2,3,33,1,20
4,2.58,7.32,13:20:37,13:21:10,2,4,33,1,20
1,0.0,4.24,13:21:15,13:21:48,2,2,33,1,20
7,4.12,4.31,13:21:53,13:22:26,2,1,33,1,25
7,2.89,12.46,13:22:31,13:23:04,2,3,33,0,35
8,1.99,17.44,13:23:09,13:23:42,2,4,33,0,35
8,2.7,16.72,13:23:47,13:24:20,2,2,33,0,35
7,2.04,8.49,13:24:25,13:24:58,2,1,33,1,25
5,3.67,10.33,13:25:03,13:25:36,2,3,33,1,20
3,1.29,9.37,13:25:41,13:26:14,2,4,33,1,20
3,3.21,6.17,13:26:19,13:26:52,2,2,33,1,20
5,6.48,5.52,13:26:57,13:27:30,2,1,33,1,25
10,2.13,20.85,13:27:35,13:28:08,2,3,33,0,35
9,1.89,17.74,13:28:13,13:28:46,2,4,33,0,35
3,4.04,7.02,13:28:51,13:29:24,2,2,33,1,20
8,1.57,6.72,13:29:29,13:30:02,2,1,33,1,25
4,2.25,8.09,13:30:07,13:30:40,2,3,33,1,21
5,2.31,17.49,13:30:45,13:31:18,2,4,33,0,35
7,2.9,9.93,13:31:23,13:31:56,2,2,33,1,20
9,2.81,13.47,13:32:01,13:32:34,2,1,33,0,35
6,3.68,11.21,13:32:39,13:33:12,2,3,33,1,21
4,2.97,10.53,13:33:17,13:33:50,2,4,33,1,20
8,4.32,13.41,13:33:55,13:34:28,2,2,33,0,35
4,2.58,1.32,13:34:33,13:35:06,2,1,33,1,20
10,2.4,21.18,13:35:11,13:35:44,2,3,33,0,35
1,0.0,10.18,13:35:49,13:36:22,2,4,33,1,20
5,2.15,16.06,13:36:27,13:37:00,2,2,33,0,35
1,0.0,0.85,13:37:05,13:37:38,2,1,33,1,20
5,3.15,10.91,13:37:43,13:38:16,2,3,33,1,21
2,3.58,4.55,13:38:21,13:38:54,2,4,33,1,20
0,0.0,3.01,13:38:59,13:39:32,2,2,33,1,20
4,3.86,2.34,13:39:37,13:40:10,2,1,33,1,20
6,5.5,11.71,13:40:15,13:40:48,2,3,33,1,21
3,10.04,5.4,13:40:53,13:41:26,2,4,33,2,30
6,1.82,13.96,13:41:31,13:42:04,2,2,33,0,35
3,0.79,1.46,13:42:09,13:42:42,2,1,33,1,20
6,3.92,10.69,13:42:47,13:43:20,2,3,33,1,21
7,1.32,11.39,13:43:25,13:43:58,2,4,33,0,35
6,3.1,18.7,13:44:03,13:44:36,2,2,33,0,35
3,1.75,2.36,13:44:41,13:45:14,2,1,33,1,20
10,1.87,20.09,13:45:19,13:45:52,2,3,33,0,35
7,2.89,17.31,13:45:57,13:46:30,2,4,33,0,35
7,1.78,14.37,13:46:35,13:47:08,2,2,33,0,35
2,3.5,1.47,13:47:13,13:47:46,2,1,33,1,20
6,1.8,13.68,13:47:51,13:48:24,2,3,33,0,35
15,1.51,26.62,13:48:29,13:49:02,2,4,33,0,35
3,2.54,6.19,13:49:07,13:49:40,2,2,33,1,20
3,11.42,2.24,13:49:45,13:50:18,2,1,33,2,34
7,1.93,18.76,13:50:23,13:50:56,2,3,33,0,35
7,1.61,10.78,13:51:01,13:51:34,2,4,33,1,20
6,5.13,10.03,13:51:39,13:52:12,2,2,33,1,20
7,1.4,3.76,13:52:17,13:52:50,2,1,33,1,20
5,1.79,8.77,13:52:55,13:53:28,2,3,33,1,20
11,1.3,19.45,13:53:33,13:54:06,2,4,33,0,35
4,3.44,7.73,13:54:11,13:54:44,2,2,33,1,20
0,0.0,0.51,13:54:49,13:55:22,2,1,33,1,20
11,2.02,19.06,13:55:27,13:56:00,2,3,33,0,35
7,1.88,14.46,13:56:05,13:56:38,2,4,33,0,35
6,2.18,20.52,13:56:43,13:57:16,2,2,33,0,35
2,3.92,1.88,13:57:21,13:57:54,2,1,33,1,20
7,2.92,17.74,13:57:59,13:58:32,2,3,33,0,35
6,2.73,17.21,13:58:37,13:59:10,2,4,33,0,35
10,3.14,15.9,13:59:15,13:59:48,2,2,33,0,35
3,3.17,2.22,13:59:53,14:00:26,2,1,33,1,20
11,2.39,23.51,14:00:31,14:01:04,2,3,33,0,35
6,1.47,10.36,14:01:09,14:01:42,2,4,33,1,20
3,3.17,8.51,14:01:47,14:02:20,2,2,33,1,20
7,1.76,3.27,14:02:25,14:02:58,2,1,33,1,20
8,1.39,12.93,14:03:03,14:03:36,2,3,33,0,35
8,2.01,11.82,14:03:41,14:04:14,2,4,33,0,35
3,3.25,4.57,14:04:19,14:04:52,2,2,33,1,20
3,1.46,6.2,14:04:57,14:05:30,2,1,33,1,20
13,1.49,24.65,14:05:35,14:06:08,2,3,33,0,35
10,1.28,21.04,14:06:13,14:06:46,2,4,33,0,35
11,1.46,20.45,14:06:51,14:07:24,2,2,33,0,35
3,1.58,0.91,14:07:29,14:08:02,2,1,33,1,20
13,1.4,23.32,14:08:07,14:08:40,2,3,33,0,35
1,0.0,7.05,14:08:45,14:09:18,2,4,33,1,20
10,2.46,13.76,14:09:23,14:09:56,2,2,33,0,35
8,2.08,3.63,14:10:01,14:10:34,2,1,33,1,20
5,6.6,9.4,14:10:39,14:11:12,2,3,33,1,35
3,4.21,9.86,14:11:17,14:11:50,2,4,33,1,20
6,2.97,10.28,14:11:55,14:12:28,2,2,33,1,20
7,2.03,2.41,14:12:33,14:13:06,2,1,33,1,20
6,3.3,13.73,14:13:11,14:13:44,2,3,33,0,35
9,1.76,19.64,14:13:49,14:14:22,2,4,33,0,35
7,3.6,8.69,14:14:27,14:15:00,2,2,33,1,20
6,5.4,3.29,14:15:05,14:15:38,2,1,33,1,20
4,1.86,5.38,14:15:43,14:16:16,2,3,33,1,20
4,3.0,12.96,14:16:21,14:16:54,2,4,33,1,20
5,2.5,15.98,14:16:59,14:17:32,2,2,33,0,35
2,1.08,1.54,14:17:37,14:18:10,2,1,33,1,20
7,3.29,18.41,14:18:15,14:18:48,2,3,33,0,35
0,0.0,1.27,14:18:53,14:19:26,2,4,33,1,20
3,3.54,6.4,14:19:31,14:20:04,2,2,33,1,20
4,2.69,4.16,14:20:09,14:20:42,2,1,33,1,20
6,2.75,12.41,14:20:47,14:21:20,2,3,33,1,20
10,1.55,24.12,14:21:25,14:21:58,2,4,33,0,35
7,1.35,14.35,14:22:03,14:22:36,2,2,33,0,35
6,1.97,11.48,14:22:41,14:23:14,2,1,33,1,20
7,1.93,20.35,14:23:19,14:23:52,2,3,33,0,35
8,1.94,12.88,14:23:57,14:24:30,2,4,33,0,35
14,2.23,30.48,14:24:35,14:25:08,2,2,33,0,35
0,0.0,0.48,14:25:13,14:25:46,2,1,33,1,20
9,2.8,18.43,14:25:51,14:26:24,2,3,33,0,35
13,2.07,20.02,14:26:29,14:27:02,2,4,33,0,35
3,4.71,5.93,14:27:07,14:27:40,2,2,33,1,20
3,3.12,3.37,14:27:45,14:28:18,2,1,33,1,20
9,3.01,13.62,14:28:23,14:28:56,2,3,33,0,35
10,1.6,14.64,14:29:01,14:29:34,2,4,33,0,35
3,7.17,6.67,14:29:39,14:30:12,2,2,33,2,21
2,2.17,1.94,14:30:17,14:30:50,2,1,33,1,20
9,2.41,26.87,14:30:55,14:31:28,2,3,33,0,35
6,2.65,11.22,14:31:33,14:32:06,2,4,33,1,20
7,2.1,15.04,14:32:11,14:32:44,2,2,33,0,35
4,6.06,6.82,14:32:49,14:33:22,2,1,33,1,20
6,2.62,11.96,14:33:27,14:34:00,2,3,33,1,20
6,1.73,13.12,14:34:05,14:34:38,2,4,33,1,20
4,1.19,7.73,14:34:43,14:35:16,2,2,33,1,35
1,0.0,12.53,14:35:21,14:35:54,2,1,33,1,20
8,2.33,14.76,14:35:59,14:36:32,2,3,33,0,35
10,2.11,21.89,14:36:37,14:37:10,2,4,33,0,35
0,0.0,2.53,14:37:15,14:37:48,2,2,33,1,35
0,0.0,7.49,14:37:53,14:38:26,2,1,33,1,20
3,11.46,5.24,14:38:31,14:39:04,2,3,33,2,34
9,1.81,12.57,14:39:09,14:39:42,2,4,33,0,35
0,0.0,2.35,14:39:47,14:40:20,2,2,33,1,35
3,5.42,2.46,14:40:25,14:40:58,2,1,33,1,20
11,1.81,17.41,14:41:03,14:41:36,2,3,33,0,35
10,2.26,17.78,14:41:41,14:42:14,2,4,33,0,35
8,2.9,20.17,14:42:19,14:42:52,2,2,33,0,35
4,2.36,7.66,14:42:57,14:43:30,2,1,33,1,20
3,3.0,3.97,14:43:35,14:44:08,2,3,33,1,20
9,3.28,12.42,14:44:13,14:44:46,2,4,33,0,35
6,2.9,13.66,14:44:51,14:45:24,2,2,33,0,35
5,2.38,6.29,14:45:29,14:46:02,2,1,33,1,20
10,1.7,14.72,14:46:07,14:46:40,2,3,33,0,35
4,3.39,7.6,14:46:45,14:47:18,2,4,33,1,20
1,0.0,3.81,14:47:23,14:47:56,2,2,33,1,20
1,0.0,1.85,14:48:01,14:48:34,2,1,33,1,20
9,2.14,17.94,14:48:39,14:49:12,2,3,33,0,35
5,2.62,11.61,14:49:17,14:49:50,2,4,33,1,20
7,2.53,15.8,14:49:55,14:50:28,2,2,33,0,35
6,3.72,12.63,14:50:33,14:51:06,2,1,33,1,20
6,2.93,10.93,14:51:11,14:51:44,2,3,33,1,20
4,2.97,10.98,14:51:49,14:52:22,2,4,33,1,20
5,3.0,18.91,14:52:27,14:53:00,2,2,33,0,35
3,6.42,3.25,14:53:05,14:53:38,2,1,33,1,20
9,2.11,19.68,14:53:43,14:54:16,2,3,33,0,35
4,1.64,4.81,14:54:21,14:54:54,2,4,33,1,20
1,0.0,3.13,14:54:59,14:55:32,2,2,33,1,20
3,3.04,2.84,14:55:37,14:56:10,2,1,33,1,20
7,2.96,13.01,14:56:15,14:56:48,2,3,33,0,35
5,3.69,12.29,14:56:53,14:57:26,2,4,33,1,20
5,3.73,10.59,14:57:31,14:58:04,2,2,33,1,20
1,0.0,0.56,14:58:09,14:58:42,2,1,33,1,20
7,2.39,14.41,14:58:47,14:59:20,2,3,33,0,35
6,2.0,9.02,14:59:25,14:59:58,2,4,33,1,20
4,3.53,9.05,15:00:03,15:00:36,2,2,33,1,20
6,2.72,4.3,15:00:41,15:01:14,2,1,33,1,20
10,2.44,18.8,15:01:19,15:01:52,2,3,33,0,35
11,2.17,15.0,15:01:57,15:02:30,2,4,33,0,35
1,0.0,10.22,15:02:35,15:03:08,2,2,33,1,20
7,4.18,6.06,15:03:13,15:03:46,2,1,33,1,20
6,4.65,9.53,15:03:51,15:04:24,2,3,33,1,30
7,2.25,10.79,15:04:29,15:05:02,2,4,33,1,20
8,2.11,17.47,15:05:07,15:05:40,2,2,33,0,35
4,5.86,2.6,15:05:45,15:06:18,2,1,33,1,20
11,2.58,23.6,15:06:23,15:06:56,2,3,33,0,35
18,1.49,24.36,15:07:01,15:07:34,2,4,33,0,35
3,7.0,7.59,15:07:39,15:08:12,2,2,33,2,21
2,22.58,1.89,15:08:17,15:08:50,2,1,33,2,40
12,2.27,18.06,15:08:55,15:09:28,2,3,33,0,35
9,1.86,14.74,15:09:33,15:10:06,2,4,33,0,35
4,5.39,9.29,15:10:11,15:10:44,2,2,33,1,20
1,0.0,1.67,15:10:49,15:11:22,2,1,33,1,20
8,2.31,19.11,15:11:27,15:12:00,2,3,33,0,35
11,1.84,25.23,15:12:05,15:12:38,2,4,33,0,35
5,6.62,11.52,15:12:43,15:13:16,2,2,33,1,20
3,2.38,1.71,15:13:21,15:13:54,2,1,33,1,20
7,2.31,14.41,15:13:59,15:14:32,2,3,33,0,35
13,1.94,22.07,15:14:37,15:15:10,2,4,33,0,35
7,2.86,9.86,15:15:15,15:15:48,2,2,33,1,20
0,0.0,0.14,15:15:53,15:16:26,2,1,33,1,20
8,3.04,15.16,15:16:31,15:17:04,2,3,33,0,35
1,0.0,5.88,15:17:09,15:17:42,2,4,33,1,20
9,3.25,21.91,15:17:47,15:18:20,2,2,33,0,35
2,8.75,1.55,15:18:25,15:18:58,2,1,33,2,18
4,1.08,4.61,15:19:03,15:19:36,2,3,33,1,20
4,8.25,5.84,15:19:41,15:20:14,2,4,33,2,33
6,5.72,8.59,15:20:19,15:20:52,2,2,33,1,20
3,2.75,2.2,15:20:57,15:21:30,2,1,33,1,20
7,2.61,8.3,15:21:35,15:22:08,2,3,33,1,20
7,2.28,22.54,15:22:13,15:22:46,2,4,33,0,35
1,0.0,5.43,15:22:51,15:23:24,2,2,33,1,20
2,3.42,2.57,15:23:29,15:24:02,2,1,33,1,20
11,2.2,23.23,15:24:07,15:24:40,2,3,33,0,35
5,2.48,11.34,15:24:45,15:25:18,2,4,33,1,20
2,12.92,6.28,15:25:23,15:25:56,2,2,33,2,26
0,0.0,2.9,15:26:01,15:26:34,2,1,33,1,20
8,1.61,17.73,15:26:39,15:27:12,2,3,33,0,35
5,3.75,9.28,15:27:17,15:27:50,2,4,33,1,20
4,2.81,7.23,15:27:55,15:28:28,2,2,33,1,20
5,1.25,7.11,15:28:33,15:29:06,2,1,33,1,20
13,2.15,23.14,15:29:11,15:29:44,2,3,33,0,35
7,2.08,17.05,15:29:49,15:30:22,2,4,33,0,35
3,6.83,5.11,15:30:27,15:31:00,2,2,33,2,28
6,1.85,4.14,15:31:05,15:31:38,2,1,33,1,20
1,0.0,2.82,15:31:43,15:32:16,2,3,33,1,20
6,2.0,16.0,15:32:21,15:32:54,2,4,33,0,35
10,2.58,16.93,15:32:59,15:33:32,2,2,33,0,35
6,2.3,6.64,15:33:37,15:34:10,2,1,33,1,20
6,2.38,11.93,15:34:15,15:34:48,2,3,33,1,20
7,0.97,13.92,15:34:53,15:35:26,2,4,33,0,35
4,3.94,4.45,15:35:31,15:36:04,2,2,33,1,20
6,3.97,7.63,15:36:09,15:36:42,2,1,33,1,20
1,0.0,1.54,15:36:47,15:37:20,2,3,33,1,20
4,2.89,6.69,15:37:25,15:37:58,2,4,33,1,20
4,7.0,6.37,15:38:03,15:38:36,2,2,33,2,28
9,3.42,11.36,15:38:41,15:39:14,2,1,33,0,36
10,1.69,15.59,15:39:19,15:39:52,2,3,33,0,35
4,4.44,14.07,15:39:57,15:40:30,2,4,33,1,20
2,14.42,5.95,15:40:35,15:41:08,2,2,33,2,28
7,3.22,5.55,15:41:13,15:41:46,2,1,33,1,20
2,2.58,4.14,15:41:51,15:42:24,2,3,33,1,20
5,2.04,10.23,15:42:29,15:43:02,2,4,33,1,20
5,2.25,13.11,15:43:07,15:43:40,2,2,33,1,20
4,2.69,3.72,15:43:45,15:44:18,2,1,33,1,20
10,1.97,18.24,15:44:23,15:44:56,2,3,33,0,35
10,1.42,16.7,15:45:01,15:45:34,2,4,33,0,35
6,2.23,13.13,15:45:39,15:46:12,2,2,33,1,20
2,3.25,3.82,15:46:17,15:46:50,2,1,33,1,20
2,2.58,5.87,15:46:55,15:47:28,2,3,33,1,20
9,3.07,21.39,15:47:33,15:48:06,2,4,33,0,35
2,2.33,5.09,15:48:11,15:48:44,2,2,33,1,20
4,2.53,2.58,15:48:49,15:49:22,2,1,33,1,20
6,4.67,15.3,15:49:27,15:50:00,2,3,33,0,35
7,2.1,11.93,15:50:05,15:50:38,2,4,33,0,35
6,5.18,10.54,15:50:43,15:51:16,2,2,33,1,20
5,3.48,3.51,15:51:21,15:51:54,2,1,33,1,20
6,4.8,10.05,15:51:59,15:52:32,2,3,33,1,20
7,4.4,8.87,15:52:37,15:53:10,2,4,33,1,20
6,2.7,14.57,15:53:15,15:53:48,2,2,33,0,35
3,2.33,2.24,15:53:53,15:54:26,2,1,33,1,20
14,1.94,23.43,15:54:31,15:55:04,2,3,33,0,35
2,2.83,8.53,15:55:09,15:55:42,2,4,33,1,20
2,8.33,4.51,15:55:47,15:56:20,2,2,33,2,17
7,2.14,5.36,15:56:25,15:56:58,2,1,33,1,20
6,2.96,15.6,15:57:03,15:57:36,2,3,33,0,35
3,3.7,7.66,15:57:41,15:58:14,2,4,33,1,20
5,2.93,11.45,15:58:19,15:58:52,2,2,33,1,20
2,3.62,4.94,15:58:57,15:59:30,2,1,33,1,20
4,3.69,10.82,15:59:35,16:00:08,2,3,33,1,20
5,2.41,14.03,07:58:26,07:58:59,3,3,33,1,20
2,2.38,4.28,07:59:04,07:59:37,3,4,33,1,20
4,5.67,5.88,07:59:42,08:00:15,3,2,33,1,24
9,3.68,21.95,08:00:20,08:00:53,3,1,33,0,35
4,3.01,10.16,08:00:58,08:01:31,3,3,33,1,20
2,4.08,5.57,08:01:36,08:02:09,3,4,33,1,20
7,2.68,9.49,08:02:14,08:02:47,3,2,33,1,20
7,3.89,19.12,08:02:52,08:03:25,3,1,33,0,35
9,2.34,11.28,08:03:30,08:04:03,3,3,33,0,35
5,3.14,13.31,08:04:08,08:04:41,3,4,33,1,20
7,2.15,10.47,08:04:46,08:05:19,3,2,33,1,20
8,2.16,21.46,08:05:24,08:05:57,3,1,33,0,35
8,1.71,10.27,08:06:02,08:06:35,3,3,33,0,35
2,1.44,4.94,08:06:40,08:07:13,3,4,33,1,20
6,1.3,9.88,08:07:18,08:07:51,3,2,33,1,20
5,2.57,12.03,08:07:56,08:08:29,3,1,33,1,20
9,2.43,15.63,08:08:34,08:09:07,3,3,33,0,35
7,2.94,19.52,08:09:12,08:09:45,3,4,33,0,35
4,4.22,6.22,08:09:50,08:10:23,3,2,33,1,20
2,1.39,5.07,08:10:28,08:11:01,3,1,33,1,20
4,6.61,4.79,08:11:06,08:11:39,3,3,33,1,20
5,2.12,8.71,08:11:44,08:12:17,3,4,33,1,20
2,13.33,4.92,08:12:22,08:12:55,3,2,33,2,26
8,3.91,19.59,08:13:00,08:13:33,3,1,33,0,35
9,2.47,14.07,08:13:38,08:14:11,3,3,33,0,35
6,1.55,8.32,08:14:16,08:14:49,3,4,33,1,20
7,2.47,15.36,08:14:54,08:15:27,3,2,33,0,35
5,2.7,11.76,08:15:32,08:16:05,3,1,33,1,20
5,2.71,9.83,08:16:10,08:16:43,3,3,33,1,22
13,2.2,25.76,08:16:48,08:17:21,3,4,33,0,35
6,3.05,13.61,08:17:26,08:17:59,3,2,33,0,35
2,1.44,5.6,08:18:04,08:18:37,3,1,33,1,20
7,2.43,13.38,08:18:42,08:19:15,3,3,33,0,35
9,1.9,18.19,08:19:20,08:19:53,3,4,33,0,35
5,7.08,6.73,08:19:58,08:20:31,3,2,33,2,35
6,4.0,16.41,08:20:36,08:21:09,3,1,33,0,35
6,2.07,11.38,08:21:14,08:21:47,3,3,33,1,22
3,5.17,2.9,08:21:52,08:22:25,3,4,33,1,20
5,1.75,8.19,08:22:30,08:23:03,3,2,33,1,20
8,3.18,21.29,08:23:08,08:23:41,3,1,33,0,35
6,6.05,14.03,08:23:46,08:24:19,3,3,33,1,22
8,2.73,12.64,08:24:24,08:24:57,3,4,33,0,35
6,4.07,10.12,08:25:02,08:25:35,3,2,33,1,20
6,4.09,15.37,08:25:40,08:26:13,3,1,33,0,35
7,1.74,11.28,08:26:18,08:26:51,3,3,33,0,35
3,14.58,2.91,08:26:56,08:27:29,3,4,33,2,40
6,5.47,14.44,08:27:34,08:28:07,3,2,33,0,35
6,5.33,9.12,08:28:12,08:28:45,3,1,33,1,20
10,2.76,25.08,08:28:50,08:29:23,3,3,33,0,35
3,2.58,8.54,08:29:28,08:30:01,3,4,33,1,20
5,3.27,7.83,08:30:06,08:30:39,3,2,33,1,20
5,2.06,7.55,08:30:44,08:31:17,3,1,33,1,20
3,1.67,7.11,08:31:22,08:31:55,3,3,33,1,20
10,2.94,14.32,08:32:00,08:32:33,3,4,33,0,35
6,1.7,9.28,08:32:38,08:33:11,3,2,33,1,20
4,7.92,3.47,08:33:16,08:33:49,3,1,33,2,30
14,1.79,22.61,08:33:54,08:34:27,3,3,33,0,35
4,3.61,13.21,08:34:32,08:35:05,3,4,33,1,20
4,8.78,5.7,08:35:10,08:35:43,3,2,33,2,31
3,6.67,3.18,08:35:48,08:36:21,3,1,33,2,30
6,4.23,9.98,08:36:26,08:36:59,3,3,33,1,20
6,2.27,10.37,08:37:04,08:37:37,3,4,33,1,20
4,7.11,6.36,08:37:42,08:38:15,3,2,33,2,31
11,2.71,9.85,08:38:20,08:38:53,3,1,33,0,35
8,1.96,16.86,08:38:58,08:39:31,3,3,33,0,35
2,1.25,3.07,08:39:36,08:40:09,3,4,33,1,20
6,3.85,6.1,08:40:14,08:40:47,3,2,33,1,20
3,10.92,5.29,08:40:52,08:41:25,3,1,33,2,30
8,2.32,18.76,08:41:30,08:42:03,3,3,33,0,35
2,3.0,4.38,08:42:08,08:42:41,3,4,33,1,20
8,2.13,12.85,08:42:46,08:43:19,3,2,33,0,35
4,8.92,5.33,08:43:24,08:43:57,3,1,33,2,30
3,2.04,3.87,08:44:02,08:44:35,3,3,33,1,20
7,4.86,10.87,08:44:40,08:45:13,3,4,33,1,20
3,4.38,7.35,08:45:18,08:45:51,3,2,33,1,20
4,4.36,7.82,08:45:56,08:46:29,3,1,33,1,20
4,8.03,6.31,08:46:34,08:47:07,3,3,33,2,32
11,2.23,21.22,08:47:12,08:47:45,3,4,33,0,35
4,5.08,7.88,08:47:50,08:48:23,3,2,33,1,20
7,2.99,9.07,08:48:28,08:49:01,3,1,33,1,20
10,2.47,19.77,08:49:06,08:49:39,3,3,33,0,35
7,1.67,13.24,08:49:44,08:50:17,3,4,33,0,35
2,2.33,2.71,08:50:22,08:50:55,3,2,33,1,20
8,1.96,6.72,08:51:00,08:51:33,3,1,33,1,20
6,4.3,13.35,08:51:38,08:52:11,3,3,33,1,24
6,1.52,10.53,08:52:16,08:52:49,3,4,33,1,20
3,2.96,7.16,08:52:54,08:53:27,3,2,33,1,20
3,7.12,6.67,08:53:32,08:54:05,3,1,33,2,21
5,3.04,7.69,08:54:10,08:54:43,3,3,33,1,24
6,1.32,8.12,08:54:48,08:55:21,3,4,33,1,20
6,1.82,9.09,08:55:26,08:55:59,3,2,33,1,20
7,3.99,9.94,08:56:04,08:56:37,3,1,33,1,20
3,5.83,3.29,08:56:42,08:57:15,3,3,33,1,24
10,2.02,16.35,08:57:20,08:57:53,3,4,33,0,35
4,3.47,4.75,08:57:58,08:58:31,3,2,33,1,20
2,2.25,5.56,08:58:36,08:59:09,3,1,33,1,20
7,3.72,9.44,08:59:14,08:59:47,3,3,33,1,24
11,2.38,11.42,08:59:52,09:00:25,3,4,33,0,35
2,3.33,5.83,09:00:30,09:01:03,3,2,33,1,20
7,3.36,10.08,09:01:08,09:01:41,3,1,33,1,20
5,2.17,9.08,09:01:46,09:02:19,3,3,33,1,20
3,5.58,6.99,09:02:24,09:02:57,3,4,33,1,20
10,3.02,19.55,09:03:02,09:03:35,3,2,33,0,35
5,2.33,6.55,09:03:40,09:04:13,3,1,33,1,20
4,8.5,7.27,09:04:18,09:04:51,3,3,33,2,34
7,4.28,8.58,09:04:56,09:05:29,3,4,33,1,20
9,2.4,20.91,09:05:34,09:06:07,3,2,33,0,35
3,5.29,3.62,09:06:12,09:06:45,3,1,33,1,20
8,2.11,13.02,09:06:50,09:07:23,3,3,33,0,35
7,3.03,12.67,09:07:28,09:08:01,3,4,33,0,35
0,0.0,2.57,09:08:06,09:08:39,3,2,33,1,20
3,5.0,4.13,09:08:44,09:09:17,3,1,33,1,20
2,3.17,3.37,09:09:22,09:09:55,3,3,33,1,20
4,1.56,5.88,09:10:00,09:10:33,3,4,33,1,20
5,2.23,6.24,09:10:38,09:11:11,3,2,33,1,20
10,2.31,11.82,09:11:16,09:11:49,3,1,33,0,35
9,3.12,17.52,09:11:54,09:12:27,3,3,33,0,35
7,2.25,17.59,09:12:32,09:13:05,3,4,33,0,35
4,2.69,7.09,09:13:10,09:13:43,3,2,33,1,20
4,3.06,7.13,09:13:48,09:14:21,3,1,33,1,20
5,3.5,6.25,09:14:26,09:14:59,3,3,33,1,20
9,1.72,22.25,09:15:04,09:15:37,3,4,33,0,35
3,4.04,6.69,09:15:42,09:16:15,3,2,33,1,20
3,8.25,4.42,09:16:20,09:16:53,3,1,33,2,40
11,2.02,24.39,09:16:58,09:17:31,3,3,33,0,35
13,1.53,18.46,09:17:36,09:18:09,3,4,33,0,35
2,6.17,2.16,09:18:14,09:18:47,3,2,33,1,20
5,2.75,14.34,09:18:52,09:19:25,3,1,33,1,35
8,2.89,16.54,09:19:30,09:20:03,3,3,33,0,35
6,1.38,13.66,09:20:08,09:20:41,3,4,33,0,35
3,3.33,4.02,09:20:46,09:21:19,3,2,33,1,20
0,0.0,0.85,09:21:24,09:21:57,3,1,33,1,35
2,2.33,3.83,09:22:02,09:22:35,3,3,33,1,20
7,2.57,12.81,09:22:40,09:23:13,3,4,33,0,35
4,2.78,6.56,09:23:18,09:23:51,3,2,33,1,20
1,0.0,1.78,09:23:56,09:24:29,3,1,33,1,35
11,2.47,14.08,09:24:34,09:25:07,3,3,33,0,35
5,2.67,6.14,09:25:12,09:25:45,3,4,33,1,20
8,3.06,12.12,09:25:50,09:26:23,3,2,33,0,35
1,0.0,3.84,09:26:28,09:27:01,3,1,33,1,35
7,1.89,12.02,09:27:06,09:27:39,3,3,33,0,35
10,1.66,14.36,09:27:44,09:28:17,3,4,33,0,35
5,5.96,7.62,09:28:22,09:28:55,3,2,33,1,20
2,26.42,2.59,09:29:00,09:29:33,3,1,33,2,40
6,2.67,8.66,09:29:38,09:30:11,3,3,33,1,20
5,1.98,6.92,09:30:16,09:30:49,3,4,33,1,23
2,18.83,3.91,09:30:54,09:31:27,3,2,33,2,37
1,0.0,3.02,09:31:32,09:32:05,3,1,33,1,20
5,5.73,8.78,09:32:10,09:32:43,3,3,33,1,20
11,1.5,12.86,09:32:48,09:33:21,3,4,33,0,35
4,5.75,5.39,09:33:26,09:33:59,3,2,33,1,20
4,2.97,7.57,09:34:04,09:34:37,3,1,33,1,20
10,2.67,18.5,09:34:42,09:35:15,3,3,33,0,35
7,3.64,7.07,09:35:20,09:35:53,3,4,33,1,23
4,4.67,7.4,09:35:58,09:36:31,3,2,33,1,20
2,3.42,3.63,09:36:36,09:37:09,3,1,33,1,20
3,2.08,3.18,09:37:14,09:37:47,3,3,33,1,20
3,12.08,4.38,09:37:52,09:38:25,3,4,33,2,36
3,2.67,6.15,09:38:30,09:39:03,3,2,33,1,20
11,1.57,12.92,09:39:08,09:39:41,3,1,33,0,35
3,2.62,2.77,09:39:46,09:40:19,3,3,33,1,20
6,4.98,9.29,09:40:24,09:40:57,3,4,33,1,23
3,1.75,6.12,09:41:02,09:41:35,3,2,33,1,20
2,9.08,6.73,09:41:40,09:42:13,3,1,33,2,27
8,2.51,12.87,09:42:18,09:42:51,3,3,33,0,35
9,3.4,16.29,09:42:56,09:43:29,3,4,33,0,35
7,3.29,10.17,09:43:34,09:44:07,3,2,33,1,20
3,12.96,8.71,09:44:12,09:44:45,3,1,33,2,27
9,2.7,13.86,09:44:50,09:45:23,3,3,33,0,35
7,3.39,16.86,09:45:28,09:46:01,3,4,33,0,35
3,8.29,2.7,09:46:06,09:46:39,3,2,33,2,26
1,0.0,0.73,09:46:44,09:47:17,3,1,33,1,20
4,3.72,7.22,09:47:22,09:47:55,3,3,33,1,20
3,1.04,5.67,09:48:00,09:48:33,3,4,33,1,20
8,3.52,9.98,09:48:38,09:49:11,3,2,33,0,35
7,3.25,9.39,09:49:16,09:49:49,3,1,33,1,20
5,5.71,9.4,09:49:54,09:50:27,3,3,33,1,20
6,2.12,13.48,09:50:32,09:51:05,3,4,33,0,35
4,6.97,4.59,09:51:10,09:51:43,3,2,33,2,26
7,3.5,6.71,09:51:48,09:52:21,3,1,33,1,20
8,2.05,17.23,09:52:26,09:52:59,3,3,33,0,35
8,1.85,13.81,09:53:04,09:53:37,3,4,33,0,35
9,1.08,12.94,09:53:42,09:54:15,3,2,33,0,35
7,3.65,6.17,09:54:20,09:54:53,3,1,33,1,20
9,3.58,20.6,09:54:58,09:55:31,3,3,33,0,35
9,1.79,17.39,09:55:36,09:56:09,3,4,33,0,35
10,1.61,16.02,09:56:14,09:56:47,3,2,33,0,35
4,2.17,5.87,09:56:52,09:57:25,3,1,33,1,20
4,2.56,7.57,09:57:30,09:58:03,3,3,33,1,20
8,2.39,12.27,09:58:08,09:58:41,3,4,33,0,35
5,3.62,8.67,09:58:46,09:59:19,3,2,33,1,20
5,1.85,4.75,09:59:24,09:59:57,3,1,33,1,20
10,2.85,17.28,10:00:02,10:00:35,3,3,33,0,35
8,1.73,14.77,10:00:40,10:01:13,3,4,33,0,35
8,2.98,9.86,10:01:18,10:01:51,3,2,33,0,35
3,14.33,1.71,10:01:56,10:02:29,3,1,33,2,40
3,4.79,7.2,10:02:34,10:03:07,3,3,33,1,20
2,3.25,2.4,10:03:12,10:03:45,3,4,33,1,20
5,3.96,7.15,10:03:50,10:04:23,3,2,33,1,20
3,2.67,2.02,10:04:28,10:05:01,3,1,33,1,20
4,8.47,6.75,10:05:06,10:05:39,3,3,33,2,33
8,2.23,11.52,10:05:44,10:06:17,3,4,33,0,35
6,1.88,4.62,10:06:22,10:06:55,3,2,33,1,20
4,1.64,5.46,10:07:00,10:07:33,3,1,33,1,20
3,3.29,7.17,10:07:38,10:08:11,3,3,33,1,20
6,3.65,16.48,10:08:16,10:08:49,3,4,33,0,35
4,7.11,5.34,10:08:54,10:09:27,3,2,33,2,28
6,2.3,8.09,10:09:32,10:10:05,3,1,33,1,20
6,5.07,11.0,10:10:10,10:10:43,3,3,33,1,20
8,3.68,14.41,10:10:48,10:11:21,3,4,33,0,35
5,3.56,6.36,10:11:26,10:11:59,3,2,33,1,20
5,3.75,5.21,10:12:04,10:12:37,3,1,33,1,20
10,2.19,16.39,10:12:42,10:13:15,3,3,33,0,35
5,6.44,10.02,10:13:20,10:13:53,3,4,33,1,20
3,9.17,3.2,10:13:58,10:14:31,3,2,33,2,28
6,1.8,9.17,10:14:36,10:15:09,3,1,33,1,20
3,6.25,6.53,10:15:14,10:15:47,3,3,33,1,20
3,12.33,3.06,10:15:52,10:16:25,3,4,33,2,36
5,1.46,11.98,10:16:30,10:17:03,3,2,33,1,20
4,3.97,3.94,10:17:08,10:17:41,3,1,33,1,20
3,2.79,5.56,10:17:46,10:18:19,3,3,33,1,20
9,1.69,17.38,10:18:24,10:18:57,3,4,33,0,35
6,2.7,10.64,10:19:02,10:19:35,3,2,33,1,20
3,0.83,3.66,10:19:40,10:20:13,3,1,33,1,20
4,1.92,6.38,10:20:18,10:20:51,3,3,33,1,20
7,2.35,13.06,10:20:56,10:21:29,3,4,33,0,35
5,7.4,5.05,10:21:34,10:22:07,3,2,33,2,36
4,2.14,4.06,10:22:12,10:22:45,3,1,33,1,20
4,7.33,6.25,10:22:50,10:23:23,3,3,33,2,29
9,1.98,16.49,10:23:28,10:24:01,3,4,33,0,35
2,2.08,2.74,10:24:06,10:24:39,3,2,33,1,20
5,3.17,7.87,10:24:44,10:25:17,3,1,33,1,20
10,3.09,14.24,10:25:22,10:25:55,3,3,33,0,36
4,2.22,11.75,10:26:00,10:26:33,3,4,33,1,20
5,2.58,6.93,10:26:38,10:27:11,3,2,33,1,20
1,0.0,1.47,10:27:16,10:27:49,3,1,33,1,20
6,2.05,10.22,10:27:54,10:28:27,3,3,33,1,20
9,1.4,14.34,10:28:32,10:29:05,3,4,33,0,35
3,6.38,3.24,10:29:10,10:29:43,3,2,33,1,20
3,4.12,2.37,10:29:48,10:30:21,3,1,33,1,20
10,2.7,19.89,10:30:26,10:30:59,3,3,33,0,35
5,1.83,7.6,10:31:04,10:31:37,3,4,33,1,20
3,0.38,4.01,10:31:42,10:32:15,3,2,33,1,20
2,3.0,2.04,10:32:20,10:32:53,3,1,33,1,20
11,2.01,24.0,10:32:58,10:33:31,3,3,33,0,35
11,2.23,17.0,10:33:36,10:34:09,3,4,33,0,35
4,4.44,4.63,10:34:14,10:34:47,3,2,33,1,20
5,2.48,4.6,10:34:52,10:35:25,3,1,33,1,20
4,4.64,15.78,10:35:30,10:36:03,3,3,33,1,20
6,3.22,18.14,10:36:08,10:36:41,3,4,33,0,35
8,2.07,11.19,10:36:46,10:37:19,3,2,33,0,35
4,1.92,3.64,10:37:24,10:37:57,3,1,33,1,20
10,2.51,20.29,10:38:02,10:38:35,3,3,33,0,35
8,1.82,12.37,10:38:40,10:39:13,3,4,33,0,35
8,2.13,9.9,10:39:18,10:39:51,3,2,33,0,35
4,2.03,4.33,10:39:56,10:40:29,3,1,33,1,20
7,2.03,11.92,10:40:34,10:41:07,3,3,33,0,35
11,1.61,14.76,10:41:12,10:41:45,3,4,33,0,35
6,2.4,10.97,10:41:50,10:42:23,3,2,33,1,20
5,5.08,2.95,10:42:28,10:43:01,3,1,33,1,20
8,2.61,16.69,10:43:06,10:43:39,3,3,33,0,35
7,3.81,9.3,10:43:44,10:44:17,3,4,33,1,20
9,1.65,15.38,10:44:22,10:44:55,3,2,33,0,35
2,2.75,2.43,10:45:00,10:45:33,3,1,33,1,20
9,2.12,17.36,10:45:38,10:46:11,3,3,33,0,35
5,4.56,10.41,10:46:16,10:46:49,3,4,33,1,20
6,1.85,9.21,10:46:54,10:47:27,3,2,33,1,20
7,4.32,7.24,10:47:32,10:48:05,3,1,33,1,20
11,2.32,18.98,10:48:10,10:48:43,3,3,33,0,35
9,2.71,14.54,10:48:48,10:49:21,3,4,33,0,35
5,1.9,5.09,10:49:26,10:49:59,3,2,33,1,20
3,2.42,2.73,10:50:04,10:50:37,3,1,33,1,20
11,2.51,17.53,10:50:42,10:51:15,3,3,33,0,35
10,3.0,14.59,10:51:20,10:51:53,3,4,33,0,35
7,2.88,17.55,10:51:58,10:52:31,3,2,33,0,35
5,3.88,3.74,10:52:36,10:53:09,3,1,33,1,20
8,1.75,11.44,10:53:14,10:53:47,3,3,33,0,35
5,2.71,9.0,10:53:52,10:54:25,3,4,33,1,20
10,2.53,12.0,10:54:30,10:55:03,3,2,33,0,35
9,2.08,14.51,10:55:08,10:55:41,3,1,33,0,35
5,3.46,9.62,10:55:46,10:56:19,3,3,33,1,20
4,2.14,11.86,10:56:24,10:56:57,3,4,33,1,20
2,2.5,4.07,10:57:02,10:57:35,3,2,33,1,20
6,2.0,7.73,10:57:40,10:58:13,3,1,33,1,20
8,2.55,15.64,10:58:18,10:58:51,3,3,33,0,35
4,3.39,6.23,10:58:56,10:59:29,3,4,33,1,20
5,6.81,5.17,10:59:34,11:00:07,3,2,33,1,20
8,2.13,5.26,11:00:12,11:00:45,3,1,33,1,20
12,2.39,18.91,11:00:50,11:01:23,3,3,33,0,35
7,2.18,13.83,11:01:28,11:02:01,3,4,33,0,35
5,1.94,8.81,11:02:06,11:02:39,3,2,33,1,20
8,2.9,7.3,11:02:44,11:03:17,3,1,33,1,20
8,3.11,13.43,11:03:22,11:03:55,3,3,33,0,35
8,2.02,11.52,11:04:00,11:04:33,3,4,33,0,35
6,2.32,10.17,11:04:38,11:05:11,3,2,33,1,20
3,10.08,10.48,11:05:16,11:05:49,3,1,33,2,30
10,3.0,18.08,11:05:54,11:06:27,3,3,33,0,35
13,2.09,22.36,11:06:32,11:07:05,3,4,33,0,35
5,1.79,10.41,11:07:10,11:07:43,3,2,33,1,20
1,0.0,2.08,11:07:48,11:08:21,3,1,33,1,20
14,1.98,23.24,11:08:26,11:08:59,3,3,33,0,35
12,1.85,25.87,11:09:04,11:09:37,3,4,33,0,35
2,2.25,4.46,11:09:42,11:10:15,3,2,33,1,20
9,2.08,6.21,11:10:20,11:10:53,3,1,33,1,20
7,2.24,10.47,11:10:58,11:11:31,3,3,33,1,20
15,1.67,24.04,11:11:36,11:12:09,3,4,33,0,35
3,4.38,4.69,11:12:14,11:12:47,3,2,33,1,20
0,0.0,0.37,11:12:52,11:13:25,3,1,33,1,20
5,2.79,11.42,11:13:30,11:14:03,3,3,33,1,20
14,1.6,23.03,11:14:08,11:14:41,3,4,33,0,35
4,5.78,7.99,11:14:46,11:15:19,3,2,33,1,20
1,0.0,1.49,11:15:24,11:15:57,3,1,33,1,20
7,3.68,15.35,11:16:02,11:16:35,3,3,33,0,35
6,2.2,8.94,11:16:40,11:17:13,3,4,33,1,20
3,0.96,2.59,11:17:18,11:17:51,3,2,33,1,20
2,3.25,1.31,11:17:56,11:18:29,3,1,33,1,20
11,2.63,19.63,11:18:34,11:19:07,3,3,33,0,35
8,3.75,13.52,11:19:12,11:19:45,3,4,33,0,35
5,2.5,8.73,11:19:50,11:20:23,3,2,33,1,20
4,2.17,2.78,11:20:28,11:21:01,3,1,33,1,20
9,2.33,16.97,11:21:06,11:21:39,3,3,33,0,35
3,12.67,4.38,11:21:44,11:22:17,3,4,33,2,37
2,1.92,2.92,11:22:22,11:22:55,3,2,33,1,20
6,2.02,4.15,11:23:00,11:23:33,3,1,33,1,20
5,1.75,12.69,11:23:38,11:24:11,3,3,33,1,20
13,1.19,19.27,11:24:16,11:24:49,3,4,33,0,35
4,2.53,6.7,11:24:54,11:25:27,3,2,33,1,20
1,0.0,1.62,11:25:32,11:26:05,3,1,33,1,20
6,2.38,10.17,11:26:10,11:26:43,3,3,33,1,20
2,2.17,5.62,11:26:48,11:27:21,3,4,33,1,20
7,2.79,10.81,11:27:26,11:27:59,3,2,33,1,20
2,4.58,5.0,11:28:04,11:28:37,3,1,33,1,20
3,2.54,5.25,11:28:42,11:29:15,3,3,33,1,20
10,1.63,16.32,11:29:20,11:29:53,3,4,33,0,35
2,14.42,2.98,11:29:58,11:30:31,3,2,33,2,28
3,3.25,6.79,11:30:36,11:31:09,3,1,33,1,20
7,2.26,13.27,11:31:14,11:31:47,3,3,33,0,35
14,1.31,24.12,11:31:52,11:32:25,3,4,33,0,35
9,2.32,9.5,11:32:30,11:33:03,3,2,33,0,35
8,2.35,7.95,11:33:08,11:33:41,3,1,33,1,20
6,3.43,12.81,11:33:46,11:34:19,3,3,33,1,20
6,1.92,14.29,11:34:24,11:34:57,3,4,33,0,35
7,4.49,11.63,11:35:02,11:35:35,3,2,33,1,20
5,1.54,9.83,11:35:40,11:36:13,3,1,33,1,20
3,9.92,7.89,11:36:18,11:36:51,3,3,33,2,29
9,2.29,14.99,11:36:56,11:37:29,3,4,33,0,35
2,2.67,3.62,11:37:34,11:38:07,3,2,33,1,20
3,4.17,3.58,11:38:12,11:38:45,3,1,33,1,20
10,2.09,17.84,11:38:50,11:39:23,3,3,33,0,35
4,4.19,8.05,11:39:28,11:40:01,3,4,33,1,20
6,2.03,7.02,11:40:06,11:40:39,3,2,33,1,20
6,4.78,2.99,11:40:44,11:41:17,3,1,33,1,20
5,3.48,6.81,11:41:22,11:41:55,3,3,33,1,20
9,3.39,14.28,11:42:00,11:42:33,3,4,33,0,35
6,2.25,8.83,11:42:38,11:43:11,3,2,33,1,20
3,1.71,2.38,11:43:16,11:43:49,3,1,33,1,20
12,2.38,19.34,11:43:54,11:44:27,3,3,33,0,35
10,1.98,21.24,11:44:32,11:45:05,3,4,33,0,35
3,3.38,5.3,11:45:10,11:45:43,3,2,33,1,20
0,0.0,1.89,11:45:48,11:46:21,3,1,33,1,35
10,2.44,19.2,11:46:26,11:46:59,3,3,33,0,35
13,1.62,16.08,11:47:04,11:47:37,3,4,33,0,35
2,2.67,9.36,11:47:42,11:48:15,3,2,33,1,20
9,3.23,8.29,11:48:20,11:48:53,3,1,33,0,35
7,4.58,15.72,11:48:58,11:49:31,3,3,33,0,35
18,1.5,38.89,11:49:36,11:50:09,3,4,33,0,35
7,3.08,13.43,11:50:14,11:50:47,3,2,33,0,55
13,1.42,10.21,11:50:52,11:51:25,3,1,33,0,35
8,3.19,11.82,11:51:30,11:52:03,3,3,33,0,35
14,2.21,15.82,11:52:08,11:52:41,3,4,33,0,35
1,0.0,29.49,11:52:46,11:53:19,3,2,33,0,55
0,0.0,0.27,11:53:24,11:53:57,3,1,33,1,35
4,4.86,6.23,11:54:02,11:54:35,3,3,33,1,20
8,4.56,9.92,11:54:40,11:55:13,3,4,33,0,35
7,2.57,7.7,11:55:18,11:55:51,3,2,33,1,20
4,1.72,2.05,11:55:56,11:56:29,3,1,33,1,35
11,2.26,15.2,11:56:34,11:57:07,3,3,33,0,35
4,3.83,7.1,11:57:12,11:57:45,3,4,33,1,20
6,4.2,10.68,11:57:50,11:58:23,3,2,33,1,20
1,0.0,0.63,11:58:28,11:59:01,3,1,33,1,35
3,3.21,4.28,11:59:06,11:59:39,3,3,33,1,20
10,2.19,16.91,11:59:44,12:00:17,3,4,33,0,35
7,1.72,10.34,12:00:22,12:00:55,3,2,33,1,20
8,3.27,4.58,12:01:00,12:01:33,3,1,33,1,20
5,2.1,6.83,12:01:38,12:02:11,3,3,33,1,20
8,1.76,28.34,12:02:16,12:02:49,3,4,33,0,35
2,0.08,3.59,12:02:54,12:03:27,3,2,33,1,20
3,1.96,2.08,12:03:32,12:04:05,3,1,33,1,20
14,1.98,17.69,12:04:10,12:04:43,3,3,33,0,35
7,1.81,19.95,12:04:48,12:05:21,3,4,33,0,35
3,10.46,3.69,12:05:26,12:05:59,3,2,33,2,30
7,4.4,9.84,12:06:04,12:06:37,3,1,33,1,20
11,1.84,19.3,12:06:42,12:07:15,3,3,33,0,35
15,1.2,23.19,12:07:20,12:07:53,3,4,33,0,35
3,9.54,3.35,12:07:58,12:08:31,3,2,33,2,30
6,1.9,4.01,12:08:36,12:09:09,3,1,33,1,20
11,2.44,32.38,12:09:14,12:09:47,3,3,33,0,35
12,1.62,17.9,12:09:52,12:10:25,3,4,33,0,35
4,3.61,6.3,12:10:30,12:11:03,3,2,33,1,20
1,0.0,3.7,12:11:08,12:11:41,3,1,33,1,20
6,2.3,27.92,12:11:46,12:12:19,3,3,33,0,35
8,2.0,11.02,12:12:24,12:12:57,3,4,33,0,35
5,1.5,7.15,12:13:02,12:13:35,3,2,33,1,20
4,3.72,5.91,12:13:40,12:14:13,3,1,33,1,20
6,1.93,11.19,12:14:18,12:14:51,3,3,33,1,20
13,1.93,21.16,12:14:56,12:15:29,3,4,33,0,35
3,2.83,5.31,12:15:34,12:16:07,3,2,33,1,20
3,10.92,2.41,12:16:12,12:16:45,3,1,33,2,26
12,2.35,25.23,12:16:50,12:17:23,3,3,33,0,35
10,1.24,15.38,12:17:28,12:18:01,3,4,33,0,35
10,2.2,14.31,12:18:06,12:18:39,3,2,33,0,35
2,10.5,1.94,12:18:44,12:19:17,3,1,33,2,26
6,3.28,9.45,12:19:22,12:19:55,3,3,33,1,20
6,2.02,14.45,12:20:00,12:20:33,3,4,33,0,35
1,0.0,1.69,12:20:38,12:21:11,3,2,33,1,20
0,0.0,1.26,12:21:16,12:21:49,3,1,33,1,20
8,1.88,11.17,12:21:54,12:22:27,3,3,33,0,35
4,1.67,5.42,12:22:32,12:23:05,3,4,33,1,20
4,4.36,3.83,12:23:10,12:23:43,3,2,33,1,20
10,1.91,7.44,12:23:48,12:24:21,3,1,33,0,35
3,4.5,4.21,12:24:26,12:24:59,3,3,33,1,20
11,2.43,12.84,12:25:04,12:25:37,3,4,33,0,35
6,1.57,8.06,12:25:42,12:26:15,3,2,33,1,20
5,6.0,3.13,12:26:20,12:26:53,3,1,33,1,20
10,2.69,15.59,12:26:58,12:27:31,3,3,33,0,35
8,3.94,6.63,12:27:36,12:28:09,3,4,33,1,20
4,6.03,3.55,12:28:14,12:28:47,3,2,33,1,20
13,1.62,9.01,12:28:52,12:29:25,3,1,33,0,35
6,2.8,12.39,12:29:30,12:30:03,3,3,33,1,20
5,6.17,6.66,12:30:08,12:30:41,3,4,33,1,21
6,2.15,6.36,12:30:46,12:31:19,3,2,33,1,20
1,0.0,4.61,12:31:24,12:31:57,3,1,33,1,20
16,1.79,29.84,12:32:02,12:32:35,3,3,33,0,35
2,5.42,4.87,12:32:40,12:33:13,3,4,33,1,21
5,1.42,8.07,12:33:18,12:33:51,3,2,33,1,20
1,0.0,0.77,12:33:56,12:34:29,3,1,33,1,20
9,3.04,12.73,12:34:34,12:35:07,3,3,33,0,35
5,5.52,7.85,12:35:12,12:35:45,3,4,33,1,21
5,4.0,4.93,12:35:50,12:36:23,3,2,33,1,20
5,1.21,3.21,12:36:28,12:37:01,3,1,33,1,20
6,3.93,9.58,12:37:06,12:37:39,3,3,33,1,20
4,3.47,6.95,12:37:44,12:38:17,3,4,33,1,21
1,0.0,1.3,12:38:22,12:38:55,3,2,33,1,20
3,2.46,2.81,12:39:00,12:39:33,3,1,33,1,20
5,1.81,8.95,12:39:38,12:40:11,3,3,33,1,20
10,1.58,17.98,12:40:16,12:40:49,3,4,33,0,35
6,2.42,7.72,12:40:54,12:41:27,3,2,33,1,20
1,0.0,2.53,12:41:32,12:42:05,3,1,33,1,20
8,2.1,10.24,12:42:10,12:42:43,3,3,33,0,35
6,2.23,10.21,12:42:48,12:43:21,3,4,33,1,21
13,1.46,15.17,12:43:26,12:43:59,3,2,33,0,35
6,4.82,2.9,12:44:04,12:44:37,3,1,33,1,20
2,10.0,4.71,12:44:42,12:45:15,3,3,33,2,20
9,1.75,16.88,12:45:20,12:45:53,3,4,33,0,35
5,3.27,8.06,12:45:58,12:46:31,3,2,33,1,20
4,4.94,2.55,12:46:36,12:47:09,3,1,33,1,22
8,1.7,14.98,12:47:14,12:47:47,3,3,33,0,35
12,1.2,27.93,12:47:52,12:48:25,3,4,33,0,35
5,2.12,6.61,12:48:30,12:49:03,3,2,33,1,20
9,2.92,10.07,12:49:08,12:49:41,3,1,33,0,35
9,1.4,12.35,12:49:46,12:50:19,3,3,33,0,35
15,1.71,20.25,12:50:24,12:50:57,3,4,33,0,35
5,7.58,5.08,12:51:02,12:51:35,3,2,33,2,37
3,3.79,4.93,12:51:40,12:52:13,3,1,33,1,22
8,2.55,16.55,12:52:18,12:52:51,3,3,33,0,35
14,1.44,22.13,12:52:56,12:53:29,3,4,33,0,35
5,4.58,7.44,12:53:34,12:54:07,3,2,33,1,20
5,6.4,2.5,12:54:12,12:54:45,3,1,33,1,22
7,2.99,9.8,12:54:50,12:55:23,3,3,33,1,20
10,2.18,27.16,12:55:28,12:56:01,3,4,33,0,35
8,3.9,12.53,12:56:06,12:56:39,3,2,33,0,36
8,4.43,7.9,12:56:44,12:57:17,3,1,33,1,22
7,3.93,8.71,12:57:22,12:57:55,3,3,33,1,20
8,2.24,12.5,12:58:00,12:58:33,3,4,33,0,35
4,3.11,10.27,12:58:38,12:59:11,3,2,33,1,20
4,1.92,4.62,12:59:16,12:59:49,3,1,33,1,22
4,2.44,6.65,12:59:54,13:00:27,3,3,33,1,20
5,3.5,6.65,13:00:32,13:01:05,3,4,33,1,27
3,2.46,4.38,13:01:10,13:01:43,3,2,33,1,20
2,3.08,1.57,13:01:48,13:02:21,3,1,33,1,20
6,1.8,7.24,13:02:26,13:02:59,3,3,33,1,20
4,8.47,7.88,13:03:04,13:03:37,3,4,33,2,32
2,26.42,3.04,13:03:42,13:04:15,3,2,33,2,35
3,4.21,10.3,13:04:20,13:04:53,3,1,33,1,20
7,2.42,22.05,13:04:58,13:05:31,3,3,33,0,35
6,6.08,8.92,13:05:36,13:06:09,3,4,33,1,27
6,1.9,10.9,13:06:14,13:06:47,3,2,33,1,20
2,2.08,1.64,13:06:52,13:07:25,3,1,33,1,20
14,1.69,18.89,13:07:30,13:08:03,3,3,33,0,35
5,5.65,18.79,13:08:08,13:08:41,3,4,33,0,35
2,9.42,7.37,13:08:46,13:09:19,3,2,33,2,35
0,0.0,0.23,13:09:24,13:09:57,3,1,33,1,20
4,6.61,4.52,13:10:02,13:10:35,3,3,33,1,20
4,7.72,4.37,13:10:40,13:11:13,3,4,33,2,32
4,4.64,5.43,13:11:18,13:11:51,3,2,33,1,20
5,3.06,2.21,13:11:56,13:12:29,3,1,33,1,20
3,2.29,3.0,13:12:34,13:13:07,3,3,33,1,20
7,2.94,10.99,13:13:12,13:13:45,3,4,33,1,27
5,3.27,15.0,13:13:50,13:14:23,3,2,33,1,20
5,2.33,2.18,13:14:28,13:15:01,3,1,33,1,20
2,1.83,4.36,13:15:06,13:15:39,3,3,33,1,20
2,2.75,2.78,13:15:44,13:16:17,3,4,33,1,20
6,2.4,11.64,13:16:22,13:16:55,3,2,33,1,20
7,1.5,6.86,13:17:00,13:17:33,3,1,33,1,20
4,4.36,9.19,13:17:38,13:18:11,3,3,33,1,20
9,1.65,13.58,13:18:16,13:18:49,3,4,33,0,35
9,2.33,19.49,13:18:54,13:19:27,3,2,33,0,35
1,0.0,1.13,13:19:32,13:20:05,3,1,33,1,20
7,2.19,16.35,13:20:10,13:20:43,3,3,33,0,35
12,2.07,23.21,13:20:48,13:21:21,3,4,33,0,35
4,2.81,10.98,13:21:26,13:21:59,3,2,33,1,20
3,10.38,2.17,13:22:04,13:22:37,3,1,33,2,31
5,2.96,14.08,13:22:42,13:23:15,3,3,33,1,20
13,1.63,33.71,13:23:20,13:23:53,3,4,33,0,35
4,3.06,10.38,13:23:58,13:24:31,3,2,33,1,20
5,2.96,3.97,13:24:36,13:25:09,3,1,33,1,20
9,2.28,14.3,13:25:14,13:25:47,3,3,33,0,35
6,2.35,10.15,13:25:52,13:26:25,3,4,33,1,20
9,3.72,14.37,13:26:30,13:27:03,3,2,33,0,35
1,0.0,1.32,13:27:08,13:27:41,3,1,33,1,20
5,2.4,13.37,13:27:46,13:28:19,3,3,33,1,20
8,1.94,13.29,13:28:24,13:28:57,3,4,33,0,35
6,3.3,23.38,13:29:02,13:29:35,3,2,33,0,35
4,1.53,3.64,13:29:40,13:30:13,3,1,33,1,20
9,1.92,23.63,13:30:18,13:30:51,3,3,33,0,35
5,2.46,8.46,13:30:56,13:31:29,3,4,33,1,20
4,5.92,8.47,13:31:34,13:32:07,3,2,33,1,20
0,0.0,0.16,13:32:12,13:32:45,3,1,33,1,20
4,1.67,5.23,13:32:50,13:33:23,3,3,33,1,20
10,1.69,14.2,13:33:28,13:34:01,3,4,33,0,35
4,5.08,7.13,13:34:06,13:34:39,3,2,33,1,20
8,3.7,5.58,13:34:44,13:35:17,3,1,33,1,20
5,2.56,9.0,13:35:22,13:35:55,3,3,33,1,20
3,8.33,5.86,13:36:00,13:36:33,3,4,33,2,32
4,2.47,9.37,13:36:38,13:37:11,3,2,33,1,20
1,0.0,3.99,13:37:16,13:37:49,3,1,33,1,20
10,2.71,14.68,13:37:54,13:38:27,3,3,33,0,35
3,13.04,4.32,13:38:32,13:39:05,3,4,33,2,32
4,7.64,8.5,13:39:10,13:39:43,3,2,33,2,25
5,1.62,3.14,13:39:48,13:40:21,3,1,33,1,20
5,2.65,8.16,13:40:26,13:40:59,3,3,33,1,20
12,1.5,21.37,13:41:04,13:41:37,3,4,33,0,35
2,9.17,9.68,13:41:42,13:42:15,3,2,33,2,25
6,5.52,5.34,13:42:20,13:42:53,3,1,33,1,20
6,4.67,15.69,13:42:58,13:43:31,3,3,33,0,35
9,2.7,12.01,13:43:36,13:44:09,3,4,33,0,35
5,1.5,12.82,13:44:14,13:44:47,3,2,33,1,20
3,9.42,4.9,13:44:52,13:45:25,3,1,33,2,28
6,2.8,14.76,13:45:30,13:46:03,3,3,33,0,35
6,1.53,9.7,13:46:08,13:46:41,3,4,33,1,20
4,5.39,12.24,13:46:46,13:47:19,3,2,33,1,20
9,1.4,8.5,13:47:24,13:47:57,3,1,33,0,35
17,1.74,27.05,13:48:02,13:48:35,3,3,33,0,35
6,1.52,10.5,13:48:40,13:49:13,3,4,33,1,20
4,4.39,9.02,13:49:18,13:49:51,3,2,33,1,20
2,2.33,2.98,13:49:56,13:50:29,3,1,33,1,35
14,2.28,27.14,13:50:34,13:51:07,3,3,33,0,35
10,1.47,16.44,13:51:12,13:51:45,3,4,33,0,35
6,4.53,10.89,13:51:50,13:52:23,3,2,33,1,20
15,2.08,10.51,13:52:28,13:53:01,3,1,33,0,35
9,2.97,20.58,13:53:06,13:53:39,3,3,33,0,35
10,1.36,11.5,13:53:44,13:54:17,3,4,33,0,35
1,0.0,4.24,13:54:22,13:54:55,3,2,33,1,20
1,0.0,0.33,13:55:00,13:55:33,3,1,33,1,35
3,4.29,6.17,13:55:38,13:56:11,3,3,33,1,20
10,2.68,16.77,13:56:16,13:56:49,3,4,33,0,35
1,0.0,3.86,13:56:54,13:57:27,3,2,33,1,20
3,15.0,1.82,13:57:32,13:58:05,3,1,33,2,40
8,2.1,15.09,13:58:10,13:58:43,3,3,33,0,35
11,1.86,17.67,13:58:48,13:59:21,3,4,33,0,35
5,3.92,10.92,13:59:26,13:59:59,3,2,33,1,20
2,1.58,1.26,14:00:04,14:00:37,3,1,33,1,20
11,1.91,18.63,14:00:42,14:01:15,3,3,33,0,35
10,1.5,15.23,14:01:20,14:01:53,3,4,33,0,35
4,3.53,9.04,14:01:58,14:02:31,3,2,33,1,20
3,2.08,4.3,14:02:36,14:03:09,3,1,33,1,20
7,2.72,10.3,14:03:14,14:03:47,3,3,33,1,20
9,1.53,14.39,14:03:52,14:04:25,3,4,33,0,35
6,2.92,12.9,14:04:30,14:05:03,3,2,33,1,20
6,1.95,3.74,14:05:08,14:05:41,3,1,33,1,20
7,1.18,8.37,14:05:46,14:06:19,3,3,33,1,20
11,1.83,11.85,14:06:24,14:06:57,3,4,33,0,35
8,2.56,19.15,14:07:02,14:07:35,3,2,33,0,35
3,2.12,2.03,14:07:40,14:08:13,3,1,33,1,20
7,1.51,9.16,14:08:18,14:08:51,3,3,33,1,20
9,2.77,11.23,14:08:56,14:09:29,3,4,33,0,35
6,2.73,12.14,14:09:34,14:10:07,3,2,33,1,20
1,0.0,0.54,14:10:12,14:10:45,3,1,33,1,20
10,2.69,15.14,14:10:50,14:11:23,3,3,33,0,35
3,12.75,7.97,14:11:28,14:12:01,3,4,33,2,38
5,2.83,14.67,14:12:06,14:12:39,3,2,33,1,20
2,5.25,0.82,14:12:44,14:13:17,3,1,33,1,20
5,5.88,8.04,14:13:22,14:13:55,3,3,33,1,20
10,1.64,18.9,14:14:00,14:14:33,3,4,33,0,35
4,7.14,10.84,14:14:38,14:15:11,3,2,33,2,28
6,1.9,7.67,14:15:16,14:15:49,3,1,33,1,20
7,4.9,8.12,14:15:54,14:16:27,3,3,33,1,20
5,2.5,16.58,14:16:32,14:17:05,3,4,33,0,35
7,1.89,19.41,14:17:10,14:17:43,3,2,33,0,35
3,4.21,1.29,14:17:48,14:18:21,3,1,33,1,20
9,2.56,16.6,14:18:26,14:18:59,3,3,33,0,35
3,3.33,6.03,14:19:04,14:19:37,3,4,33,1,20
1,0.0,3.43,14:19:42,14:20:15,3,2,33,1,35
1,0.0,0.34,14:20:20,14:20:53,3,1,33,1,20
3,2.75,5.79,14:20:58,14:21:31,3,3,33,1,20
2,4.67,6.02,14:21:36,14:22:09,3,4,33,1,20
1,0.0,5.34,14:22:14,14:22:47,3,2,33,1,35
2,15.92,1.71,14:22:52,14:23:25,3,1,33,2,31
7,2.0,16.68,14:23:30,14:24:03,3,3,33,0,35
8,1.58,10.83,14:24:08,14:24:41,3,4,33,0,35
2,2.33,6.37,14:24:46,14:25:19,3,2,33,1,35
7,3.11,5.52,14:25:24,14:25:57,3,1,33,1,20
8,3.64,20.97,14:26:02,14:26:35,3,3,33,0,35
10,1.55,18.15,14:26:40,14:27:13,3,4,33,0,35
1,0.0,4.88,14:27:18,14:27:51,3,2,33,1,35
5,2.56,7.89,14:27:56,14:28:29,3,1,33,1,20
7,3.18,23.34,14:28:34,14:29:07,3,3,33,0,35
10,1.95,15.89,14:29:12,14:29:45,3,4,33,0,35
3,1.92,8.0,14:29:50,14:30:23,3,2,33,1,35
3,2.29,1.18,14:30:28,14:31:01,3,1,33,1,20
5,3.08,7.81,14:31:06,14:31:39,3,3,33,1,20
12,2.52,16.72,14:31:44,14:32:17,3,4,33,0,35
5,3.65,11.24,14:32:22,14:32:55,3,2,33,1,20
0,0.0,4.32,14:33:00,14:33:33,3,1,33,1,20
11,2.77,18.14,14:33:38,14:34:11,3,3,33,0,37
4,1.81,8.27,14:34:16,14:34:49,3,4,33,1,20
2,19.92,5.52,14:34:54,14:35:27,3,2,33,2,39
3,4.25,2.31,14:35:32,14:36:05,3,1,33,1,20
4,2.83,4.87,14:36:10,14:36:43,3,3,33,1,20
5,2.52,10.39,14:36:48,14:37:21,3,4,33,1,20
4,2.47,12.88,14:37:26,14:37:59,3,2,33,1,20
4,10.19,2.39,14:38:04,14:38:37,3,1,33,2,40
6,3.6,12.74,14:38:42,14:39:15,3,3,33,1,20
9,1.73,12.6,14:39:20,14:39:53,3,4,33,0,35
3,5.33,5.57,14:39:58,14:40:31,3,2,33,1,20
3,1.67,2.42,14:40:36,14:41:09,3,1,33,1,20
11,2.77,19.88,14:41:14,14:41:47,3,3,33,0,37
10,1.52,24.26,14:41:52,14:42:25,3,4,33,0,35
6,4.17,9.94,14:42:30,14:43:03,3,2,33,1,20
1,0.0,0.34,14:43:08,14:43:41,3,1,33,1,20
7,4.31,12.6,14:43:46,14:44:19,3,3,33,0,37
6,4.87,9.77,14:44:24,14:44:57,3,4,33,1,20
3,4.71,5.46,14:45:02,14:45:35,3,2,33,1,20
1,0.0,0.8,14:45:40,14:46:13,3,1,33,1,35
4,6.11,9.25,14:46:18,14:46:51,3,3,33,1,20
6,4.53,10.68,14:46:56,14:47:29,3,4,33,1,31
6,5.48,13.98,14:47:34,14:48:07,3,2,33,1,20
0,0.0,0.02,14:48:12,14:48:45,3,1,33,1,35
4,2.61,7.77,14:48:50,14:49:23,3,3,33,1,20
8,2.81,12.24,14:49:28,14:50:01,3,4,33,0,35
1,0.0,4.85,14:50:06,14:50:39,3,2,33,1,20
0,0.0,0.06,14:50:44,14:51:17,3,1,33,1,35
18,1.73,27.43,14:51:22,14:51:55,3,3,33,0,35
11,2.88,18.54,14:52:00,14:52:33,3,4,33,0,35
6,4.47,9.66,14:52:38,14:53:11,3,2,33,1,20
1,0.0,0.66,14:53:16,14:53:49,3,1,33,1,35
8,2.88,15.3,14:53:54,14:54:27,3,3,33,0,35
8,1.54,12.5,14:54:32,14:55:05,3,4,33,0,35
3,2.79,7.03,14:55:10,14:55:43,3,2,33,1,20
5,2.1,4.05,14:55:48,14:56:21,3,1,33,1,35
4,9.08,4.47,14:56:26,14:56:59,3,3,33,2,36
7,1.88,13.73,14:57:04,14:57:37,3,4,33,0,35
0,0.0,1.35,14:57:42,14:58:15,3,2,33,1,20
1,0.0,0.47,14:58:20,14:58:53,3,1,33,1,35
7,3.11,12.44,14:58:58,14:59:31,3,3,33,0,35
5,5.88,10.31,14:59:36,15:00:09,3,4,33,1,31
5,3.58,12.18,15:00:14,15:00:47,3,2,33,1,20
4,2.03,1.95,15:00:52,15:01:25,3,1,33,1,35
7,3.35,14.22,15:01:30,15:02:03,3,3,33,0,35
7,1.86,12.72,15:02:08,15:02:41,3,4,33,0,35
6,4.23,9.5,15:02:46,15:03:19,3,2,33,1,20
3,7.54,0.97,15:03:24,15:03:57,3,1,33,2,22
6,2.43,10.26,15:04:02,15:04:35,3,3,33,1,20
9,1.82,18.73,15:04:40,15:05:13,3,4,33,0,35
1,0.0,2.12,15:05:18,15:05:51,3,2,33,1,20
1,0.0,0.37,15:05:56,15:06:29,3,1,33,1,35
8,3.64,10.66,15:06:34,15:07:07,3,3,33,0,35
4,2.64,13.04,15:07:12,15:07:45,3,4,33,1,20
4,4.75,11.49,15:07:50,15:08:23,3,2,33,1,20
0,0.0,0.12,15:08:28,15:09:01,3,1,33,1,35
7,4.12,12.92,15:09:06,15:09:39,3,3,33,0,35
10,1.66,17.34,15:09:44,15:10:17,3,4,33,0,35
5,2.62,15.62,15:10:22,15:10:55,3,2,33,0,35
1,0.0,1.33,15:11:00,15:11:33,3,1,33,1,35
10,1.92,18.13,15:11:38,15:12:11,3,3,33,0,35
11,1.46,19.76,15:12:16,15:12:49,3,4,33,0,35
3,2.42,7.87,15:12:54,15:13:27,3,2,33,1,20
0,0.0,11.89,15:13:32,15:14:05,3,1,33,1,35
4,2.78,6.74,15:14:10,15:14:43,3,3,33,1,20
14,1.58,20.95,15:14:48,15:15:21,3,4,33,0,35
7,3.75,9.37,15:15:26,15:15:59,3,2,33,1,20
0,0.0,1.23,15:16:04,15:16:37,3,1,33,1,20
8,3.1,19.51,15:16:42,15:17:15,3,3,33,0,35
7,2.31,13.03,15:17:20,15:17:53,3,4,33,0,35
6,3.0,15.01,15:17:58,15:18:31,3,2,33,0,35
0,0.0,0.01,15:18:36,15:19:09,3,1,33,1,20
11,2.88,18.59,15:19:14,15:19:47,3,3,33,0,35
3,13.79,6.48,15:19:52,15:20:25,3,4,33,2,40
4,6.36,7.73,15:20:30,15:21:03,3,2,33,1,20
4,2.11,2.66,15:21:08,15:21:41,3,1,33,1,20
8,2.38,14.38,15:21:46,15:22:19,3,3,33,0,35
7,2.21,12.32,15:22:24,15:22:57,3,4,33,0,35
6,2.02,13.58,15:23:02,15:23:35,3,2,33,0,35
1,0.0,0.5,15:23:40,15:24:13,3,1,33,1,20
7,2.42,11.6,15:24:18,15:24:51,3,3,33,0,35
6,2.78,14.1,15:24:56,15:25:29,3,4,33,0,35
5,3.19,11.09,15:25:34,15:26:07,3,2,33,1,20
5,5.19,4.44,15:26:12,15:26:45,3,1,33,1,20
7,2.67,13.8,15:26:50,15:27:23,3,3,33,0,35
7,1.61,13.16,15:27:28,15:28:01,3,4,33,0,35
3,2.88,8.38,15:28:06,15:28:39,3,2,33,1,20
3,1.46,0.77,15:28:44,15:29:17,3,1,33,1,20
13,2.1,23.4,15:29:22,15:29:55,3,3,33,0,35
5,2.65,12.79,15:30:00,15:30:33,3,4,33,1,20
7,2.61,15.43,15:30:38,15:31:11,3,2,33,0,35
2,6.75,1.43,15:31:16,15:31:49,3,1,33,2,14
6,2.6,15.87,15:31:54,15:32:27,3,3,33,0,35
2,5.14,5.89,15:32:32,15:33:05,3,4,33,1,20
2,5.07,5.11,15:33:10,15:33:43,3,2,33,1,20
2,3.6,6.28,15:33:48,15:34:21,3,1,33,1,20
5,2.7,12.84,15:34:26,15:34:59,3,3,33,1,20
6,3.0,14.58,15:35:04,15:35:37,3,4,33,0,35
4,3.89,10.6,15:35:42,15:36:15,3,2,33,1,20
5,2.44,13.92,15:36:20,15:36:53,3,1,33,1,20
6,2.62,16.98,15:36:58,15:37:31,3,3,33,0,35
2,3.55,6.1,15:37:36,15:38:09,3,4,33,1,20
6,2.07,15.92,15:38:14,15:38:47,3,2,33,0,35
2,3.86,4.09,15:38:52,15:39:25,3,1,33,1,20
6,3.5,14.91,15:39:30,15:40:03,3,3,33,0,35
3,4.53,8.45,15:40:08,15:40:41,3,4,33,1,20
3,3.59,8.0,15:40:46,15:41:19,3,2,33,1,20
4,4.97,12.03,15:41:24,15:41:57,3,1,33,1,20
4,5.23,9.5,15:42:02,15:42:35,3,3,33,1,20
4,4.52,9.27,15:42:40,15:43:13,3,4,33,1,20
4,5.01,11.69,15:43:18,15:43:51,3,2,33,1,20
4,4.86,10.11,15:43:56,15:44:29,3,1,33,1,20
6,2.31,17.02,15:44:34,15:45:07,3,3,33,0,35
2,3.74,4.08,15:45:12,15:45:45,3,4,33,1,20
3,3.53,7.9,15:45:50,15:46:23,3,2,33,1,20
4,4.74,10.27,15:46:28,15:47:01,3,1,33,1,20
6,2.74,16.6,15:47:06,15:47:39,3,3,33,0,35
5,3.39,12.45,15:47:44,15:48:17,3,4,33,1,20
3,4.4,6.97,15:48:22,15:48:55,3,2,33,1,20
4,4.42,11.69,15:49:00,15:49:33,3,1,33,1,20
6,2.49,14.64,15:49:38,15:50:11,3,3,33,0,35
3,3.82,9.03,15:50:16,15:50:49,3,4,33,1,20
6,2.87,13.24,15:50:54,15:51:27,3,2,33,1,20
6,2.42,16.51,15:51:32,15:52:05,3,1,33,0,35
3,5.01,7.15,15:52:10,15:52:43,3,3,33,1,20
2,4.68,6.12,15:52:48,15:53:21,3,4,33,1,20
6,2.01,16.71,15:53:26,15:53:59,3,2,33,0,35
4,4.52,10.59,15:54:04,15:54:37,3,1,33,1,20
3,4.14,9.18,15:54:42,15:55:15,3,3,33,1,20
3,4.79,8.67,15:55:20,15:55:53,3,4,33,1,20
5,3.43,10.91,15:55:58,15:56:31,3,2,33,1,20
2,3.6,4.89,15:56:36,15:57:09,3,1,33,1,20
6,2.92,17.17,15:57:14,15:57:47,3,3,33,0,35
6,2.75,16.25,15:57:52,15:58:25,3,4,33,0,35
3,5.37,8.07,15:58:30,15:59:03,3,2,33,1,20
5,3.31,13.0,15:59:08,15:59:41,3,1,33,1,20
4,4.95,11.63,15:59:46,16:00:19,3,3,33,1,20
3,3.46,5.53,07:59:49,08:00:22,5,3,33,1,20
3,1.58,6.94,08:00:27,08:01:00,5,4,33,1,20
7,4.43,20.09,08:01:05,08:01:38,5,2,33,0,35
9,3.03,23.8,08:01:43,08:02:16,5,1,33,0,35
6,2.17,6.84,08:02:21,08:02:54,5,3,33,1,25
9,2.68,14.8,08:02:59,08:03:32,5,4,33,0,35
3,3.83,22.73,08:03:37,08:04:10,5,2,33,0,35
5,2.27,14.52,08:04:15,08:04:48,5,1,33,1,20
9,2.85,17.18,08:04:53,08:05:26,5,3,33,0,35
4,3.08,8.06,08:05:31,08:06:04,5,4,33,1,20
7,2.21,17.29,08:06:09,08:06:42,5,2,33,0,35
8,2.73,19.71,08:06:47,08:07:20,5,1,33,0,35
8,3.01,14.05,08:07:25,08:07:58,5,3,33,0,35
6,1.52,8.14,08:08:03,08:08:36,5,4,33,1,20
2,1.26,17.2,08:08:41,08:09:14,5,2,33,1,20
9,1.67,23.6,08:09:19,08:09:52,5,1,33,0,35
12,2.26,21.91,08:09:57,08:10:30,5,3,33,0,35
12,2.53,17.82,08:10:35,08:11:08,5,4,33,0,35
3,1.24,8.39,08:11:13,08:11:46,5,2,33,1,20
2,1.78,4.78,08:11:51,08:12:24,5,1,33,1,20
6,5.48,8.04,08:12:29,08:13:02,5,3,33,1,25
7,1.62,15.8,08:13:07,08:13:40,5,4,33,0,35
8,2.94,20.01,08:13:45,08:14:18,5,2,33,0,35
4,3.32,9.09,08:14:23,08:14:56,5,1,33,1,20
11,2.58,12.91,08:15:01,08:15:34,5,3,33,0,35
7,2.44,9.7,08:15:39,08:16:12,5,4,33,1,20
5,1.66,13.84,08:16:17,08:16:50,5,2,33,1,20
7,4.46,17.49,08:16:55,08:17:28,5,1,33,0,35
9,2.32,15.91,08:17:33,08:18:06,5,3,33,0,35
7,1.72,7.13,08:18:11,08:18:44,5,4,33,1,20
8,2.02,21.86,08:18:49,08:19:22,5,2,33,0,35
7,3.6,16.66,08:19:27,08:20:00,5,1,33,0,35
11,1.98,13.12,08:20:05,08:20:38,5,3,33,0,35
4,2.33,3.98,08:20:43,08:21:16,5,4,33,1,20
5,1.95,12.52,08:21:21,08:21:54,5,2,33,1,20
3,4.17,3.47,08:21:59,08:22:32,5,1,33,1,20
15,1.98,21.02,08:22:37,08:23:10,5,3,33,0,35
7,1.74,8.77,08:23:15,08:23:48,5,4,33,1,20
5,1.55,11.38,08:23:53,08:24:26,5,2,33,1,20
2,4.0,2.16,08:24:31,08:25:04,5,1,33,1,20
6,6.12,7.7,08:25:09,08:25:42,5,3,33,1,36
7,1.9,10.8,08:25:47,08:26:20,5,4,33,1,20
7,1.32,17.43,08:26:25,08:26:58,5,2,33,0,35
5,3.81,5.07,08:27:03,08:27:36,5,1,33,1,20
13,2.31,24.7,08:27:41,08:28:14,5,3,33,0,35
6,4.98,9.53,08:28:19,08:28:52,5,4,33,1,20
3,12.71,4.56,08:28:57,08:29:30,5,2,33,2,37
6,1.78,7.8,08:29:35,08:30:08,5,1,33,1,20
7,2.67,12.86,08:30:13,08:30:46,5,3,33,0,35
4,8.08,3.5,08:30:51,08:31:24,5,4,33,2,32
1,0.0,3.83,08:31:29,08:32:02,5,2,33,1,20
4,6.92,2.94,08:32:07,08:32:40,5,1,33,2,27
8,2.1,17.24,08:32:45,08:33:18,5,3,33,0,35
7,4.44,10.01,08:33:23,08:33:56,5,4,33,1,24
2,20.5,3.19,08:34:01,08:34:34,5,2,33,2,40
13,2.02,14.47,08:34:39,08:35:12,5,1,33,0,35
12,2.23,16.41,08:35:17,08:35:50,5,3,33,0,35
6,2.42,8.82,08:35:55,08:36:28,5,4,33,1,24
6,2.38,10.99,08:36:33,08:37:06,5,2,33,1,20
5,3.17,7.07,08:37:11,08:37:44,5,1,33,1,20
6,1.45,8.2,08:37:49,08:38:22,5,3,33,1,20
10,2.22,12.22,08:38:27,08:39:00,5,4,33,0,35
5,2.69,12.79,08:39:05,08:39:38,5,2,33,1,20
5,3.33,4.5,08:39:43,08:40:16,5,1,33,1,20
5,3.06,5.84,08:40:21,08:40:54,5,3,33,1,20
10,1.7,14.22,08:40:59,08:41:32,5,4,33,0,35
6,4.67,9.27,08:41:37,08:42:10,5,2,33,1,20
4,1.94,4.06,08:42:15,08:42:48,5,1,33,1,20
12,1.99,12.67,08:42:53,08:43:26,5,3,33,0,35
13,1.4,22.61,08:43:31,08:44:04,5,4,33,0,35
3,4.38,5.3,08:44:09,08:44:42,5,2,33,1,20
5,1.56,5.32,08:44:47,08:45:20,5,1,33,1,20
13,2.0,20.18,08:45:25,08:45:58,5,3,33,0,35
3,1.0,3.81,08:46:03,08:46:36,5,4,33,1,20
7,3.81,12.63,08:46:41,08:47:14,5,2,33,0,35
4,1.08,2.35,08:47:19,08:47:52,5,1,33,1,20
3,2.79,8.01,08:47:57,08:48:30,5,3,33,1,20
9,1.8,10.12,08:48:35,08:49:08,5,4,33,0,35
4,2.25,13.2,08:49:13,08:49:46,5,2,33,1,20
9,1.5,9.75,08:49:51,08:50:24,5,1,33,0,35
7,2.6,10.89,08:50:29,08:51:02,5,3,33,1,20
8,2.08,15.59,08:51:07,08:51:40,5,4,33,0,35
3,3.08,19.32,08:51:45,08:52:18,5,2,33,1,20
5,1.19,5.43,08:52:23,08:52:56,5,1,33,1,20
9,2.46,11.51,08:53:01,08:53:34,5,3,33,0,35
12,1.52,20.05,08:53:39,08:54:12,5,4,33,0,35
2,8.17,2.7,08:54:17,08:54:50,5,2,33,2,17
10,2.59,14.73,08:54:55,08:55:28,5,1,33,0,35
1,0.0,4.56,08:55:33,08:56:06,5,3,33,1,20
4,5.92,7.82,08:56:11,08:56:44,5,4,33,1,20
7,2.11,12.07,08:56:49,08:57:22,5,2,33,0,35
7,3.38,6.92,08:57:27,08:58:00,5,1,33,1,20
5,3.38,8.05,08:58:05,08:58:38,5,3,33,1,20
3,5.62,4.3,08:58:43,08:59:16,5,4,33,1,20
4,3.5,7.78,08:59:21,08:59:54,5,2,33,1,20
8,1.77,10.43,08:59:59,09:00:32,5,1,33,0,35
5,2.44,5.56,09:00:37,09:01:10,5,3,33,1,20
3,12.08,5.71,09:01:15,09:01:48,5,4,33,2,36
1,0.0,1.39,09:01:53,09:02:26,5,2,33,1,20
6,4.2,6.51,09:02:31,09:03:04,5,1,33,1,20
12,1.75,14.93,09:03:09,09:03:42,5,3,33,0,35
6,2.55,6.88,09:03:47,09:04:20,5,4,33,1,20
3,5.62,4.75,09:04:25,09:04:58,5,2,33,1,20
6,3.33,11.3,09:05:03,09:05:36,5,1,33,1,20
9,1.67,16.58,09:05:41,09:06:14,5,3,33,0,35
6,3.23,7.01,09:06:19,09:06:52,5,4,33,1,20
7,4.78,13.24,09:06:57,09:07:30,5,2,33,0,35
5,2.85,7.61,09:07:35,09:08:08,5,1,33,1,20
5,3.6,7.14,09:08:13,09:08:46,5,3,33,1,20
0,0.0,1.24,09:08:51,09:09:24,5,4,33,1,20
10,1.85,21.61,09:09:29,09:10:02,5,2,33,0,35
4,1.36,4.67,09:10:07,09:10:40,5,1,33,1,20
9,3.25,11.27,09:10:45,09:11:18,5,3,33,0,35
3,3.29,4.68,09:11:23,09:11:56,5,4,33,1,20
7,3.29,23.01,09:12:01,09:12:34,5,2,33,0,35
4,1.75,6.2,09:12:39,09:13:12,5,1,33,1,20
9,2.57,18.64,09:13:17,09:13:50,5,3,33,0,35
5,2.58,7.94,09:13:55,09:14:28,5,4,33,1,20
5,3.67,20.3,09:14:33,09:15:06,5,2,33,0,35
4,2.67,3.79,09:15:11,09:15:44,5,1,33,1,20
5,3.62,8.95,09:15:49,09:16:22,5,3,33,1,20
5,2.79,8.05,09:16:27,09:17:00,5,4,33,1,20
9,1.71,14.92,09:17:05,09:17:38,5,2,33,0,35
2,1.5,1.91,09:17:43,09:18:16,5,1,33,1,20
8,3.26,11.65,09:18:21,09:18:54,5,3,33,0,35
8,2.21,13.38,09:18:59,09:19:32,5,4,33,0,35
2,5.5,6.41,09:19:37,09:20:10,5,2,33,1,20
8,2.07,14.94,09:20:15,09:20:48,5,1,33,0,35
10,2.6,19.31,09:20:53,09:21:26,5,3,33,0,35
8,1.68,13.56,09:21:31,09:22:04,5,4,33,0,35
7,2.33,8.59,09:22:09,09:22:42,5,2,33,1,20
5,1.38,5.39,09:22:47,09:23:20,5,1,33,1,20
3,4.54,1.98,09:23:25,09:23:58,5,3,33,1,20
3,3.5,5.25,09:24:03,09:24:36,5,4,33,1,20
2,2.67,3.85,09:24:41,09:25:14,5,2,33,1,20
1,0.0,2.75,09:25:19,09:25:52,5,1,33,1,20
4,7.64,4.09,09:25:57,09:26:30,5,3,33,2,30
8,1.51,9.56,09:26:35,09:27:08,5,4,33,0,35
8,2.23,18.68,09:27:13,09:27:46,5,2,33,0,35
3,1.29,1.31,09:27:51,09:28:24,5,1,33,1,20
8,2.8,10.39,09:28:29,09:29:02,5,3,33,0,35
9,3.34,16.94,09:29:07,09:29:40,5,4,33,0,35
3,10.5,7.5,09:29:45,09:30:18,5,2,33,2,31
4,5.47,6.79,09:30:23,09:30:56,5,1,33,1,26
5,4.71,6.16,09:31:01,09:31:34,5,3,33,1,20
6,4.52,9.35,09:31:39,09:32:12,5,4,33,1,20
5,4.21,6.23,09:32:17,09:32:50,5,2,33,1,20
5,3.56,6.32,09:32:55,09:33:28,5,1,33,1,26
11,1.55,13.22,09:33:33,09:34:06,5,3,33,0,35
10,2.74,13.1,09:34:11,09:34:44,5,4,33,0,35
8,4.19,12.45,09:34:49,09:35:22,5,2,33,0,35
7,3.21,7.9,09:35:27,09:36:00,5,1,33,1,26
6,2.17,11.5,09:36:05,09:36:38,5,3,33,1,20
9,3.45,12.09,09:36:43,09:37:16,5,4,33,0,35
10,2.25,28.85,09:37:21,09:37:54,5,2,33,0,35
3,12.42,3.4,09:37:59,09:38:32,5,1,33,2,37
5,7.04,6.46,09:38:37,09:39:10,5,3,33,2,35
4,2.64,8.18,09:39:15,09:39:48,5,4,33,1,20
3,1.33,8.52,09:39:53,09:40:26,5,2,33,1,20
8,2.54,6.09,09:40:31,09:41:04,5,1,33,1,26
8,3.62,10.44,09:41:09,09:41:42,5,3,33,0,35
7,2.46,10.44,09:41:47,09:42:20,5,4,33,1,20
5,2.27,11.5,09:42:25,09:42:58,5,2,33,1,20
6,5.05,7.59,09:43:03,09:43:36,5,1,33,1,26
2,4.17,1.57,09:43:41,09:44:14,5,3,33,1,20
6,2.92,6.99,09:44:19,09:44:52,5,4,33,1,20
5,0.79,7.53,09:44:57,09:45:30,5,2,33,1,20
7,4.81,8.99,09:45:35,09:46:08,5,1,33,1,20
10,2.1,13.99,09:46:13,09:46:46,5,3,33,0,35
9,1.7,12.22,09:46:51,09:47:24,5,4,33,0,35
2,2.25,5.22,09:47:29,09:48:02,5,2,33,1,20
6,2.05,14.85,09:48:07,09:48:40,5,1,33,0,35
5,3.21,7.91,09:48:45,09:49:18,5,3,33,1,20
8,2.06,9.21,09:49:23,09:49:56,5,4,33,0,35
11,2.34,18.12,09:50:01,09:50:34,5,2,33,0,35
0,0.0,0.05,09:50:39,09:51:12,5,1,33,1,20
13,2.05,21.95,09:51:17,09:51:50,5,3,33,0,35
11,1.81,12.81,09:51:55,09:52:28,5,4,33,0,35
4,6.17,6.72,09:52:33,09:53:06,5,2,33,1,20
1,0.0,1.24,09:53:11,09:53:44,5,1,33,1,20
5,1.67,6.05,09:53:49,09:54:22,5,3,33,1,20
12,1.69,14.67,09:54:27,09:55:00,5,4,33,0,35
7,2.57,10.04,09:55:05,09:55:38,5,2,33,1,20
4,2.94,2.32,09:55:43,09:56:16,5,1,33,1,20
3,3.0,4.63,09:56:21,09:56:54,5,3,33,1,20
8,1.23,12.3,09:56:59,09:57:32,5,4,33,0,35
2,1.58,6.45,09:57:37,09:58:10,5,2,33,1,20
3,4.04,3.32,09:58:15,09:58:48,5,1,33,1,20
2,14.75,3.78,09:58:53,09:59:26,5,3,33,2,29
8,2.83,10.39,09:59:31,10:00:04,5,4,33,0,35
2,2.83,5.46,10:00:09,10:00:42,5,2,33,1,21
4,1.81,3.9,10:00:47,10:01:20,5,1,33,1,20
4,8.17,2.99,10:01:25,10:01:58,5,3,33,2,32
4,2.22,4.22,10:02:03,10:02:36,5,4,33,1,20
4,6.81,7.82,10:02:41,10:03:14,5,2,33,1,21
5,5.65,4.49,10:03:19,10:03:52,5,1,33,1,20
9,3.36,10.04,10:03:57,10:04:30,5,3,33,0,35
8,2.65,11.14,10:04:35,10:05:08,5,4,33,0,35
5,5.94,15.18,10:05:13,10:05:46,5,2,33,1,21
4,2.31,4.1,10:05:51,10:06:24,5,1,33,1,20
8,1.35,9.11,10:06:29,10:07:02,5,3,33,0,35
3,4.46,4.01,10:07:07,10:07:40,5,4,33,1,20
6,3.62,12.59,10:07:45,10:08:18,5,2,33,1,21
12,1.92,12.63,10:08:23,10:08:56,5,1,33,0,35
4,5.17,4.17,10:09:01,10:09:34,5,3,33,1,24
4,8.61,7.57,10:09:39,10:10:12,5,4,33,2,34
9,1.72,13.17,10:10:17,10:10:50,5,2,33,0,35
1,0.0,1.17,10:10:55,10:11:28,5,1,33,1,20
13,1.33,16.56,10:11:33,10:12:06,5,3,33,0,35
1,0.0,3.69,10:12:11,10:12:44,5,4,33,1,20
7,1.42,10.07,10:12:49,10:13:22,5,2,33,1,21
4,5.28,3.82,10:13:27,10:14:00,5,1,33,1,20
6,3.93,11.88,10:14:05,10:14:38,5,3,33,1,24
5,1.73,8.67,10:14:43,10:15:16,5,4,33,1,20
6,1.88,9.13,10:15:21,10:15:54,5,2,33,1,20
5,5.62,2.83,10:15:59,10:16:32,5,1,33,1,20
9,1.57,13.19,10:16:37,10:17:10,5,3,33,0,35
4,2.47,6.58,10:17:15,10:17:48,5,4,33,1,20
8,1.71,12.23,10:17:53,10:18:26,5,2,33,0,35
10,2.44,9.91,10:18:31,10:19:04,5,1,33,0,35
4,2.28,5.41,10:19:09,10:19:42,5,3,33,1,20
6,1.6,4.02,10:19:47,10:20:20,5,4,33,1,20
3,11.75,6.26,10:20:25,10:20:58,5,2,33,2,35
6,1.67,5.32,10:21:03,10:21:36,5,1,33,1,20
9,2.69,10.93,10:21:41,10:22:14,5,3,33,0,35
10,1.78,16.93,10:22:19,10:22:52,5,4,33,0,35
1,0.0,4.62,10:22:57,10:23:30,5,2,33,1,20
7,3.61,5.87,10:23:35,10:24:08,5,1,33,1,20
9,2.06,10.2,10:24:13,10:24:46,5,3,33,0,35
6,3.52,7.07,10:24:51,10:25:24,5,4,33,1,20
6,4.32,15.95,10:25:29,10:26:02,5,2,33,0,35
5,1.1,3.85,10:26:07,10:26:40,5,1,33,1,20
8,2.94,11.2,10:26:45,10:27:18,5,3,33,0,35
9,1.76,16.54,10:27:23,10:27:56,5,4,33,0,35
7,1.72,15.79,10:28:01,10:28:34,5,2,33,0,35
9,1.99,14.48,10:28:39,10:29:12,5,1,33,0,35
10,2.35,11.71,10:29:17,10:29:50,5,3,33,0,35
5,2.94,10.69,10:29:55,10:30:28,5,4,33,1,20
6,2.28,17.85,10:30:33,10:31:06,5,2,33,0,35
4,2.92,11.83,10:31:11,10:31:44,5,1,33,1,20
4,3.89,7.42,10:31:49,10:32:22,5,3,33,1,20
10,2.07,11.76,10:32:27,10:33:00,5,4,33,0,35
2,13.25,3.01,10:33:05,10:33:38,5,2,33,2,26
6,2.6,3.92,10:33:43,10:34:16,5,1,33,1,20
9,2.47,11.35,10:34:21,10:34:54,5,3,33,0,35
5,3.29,7.46,10:34:59,10:35:32,5,4,33,1,23
10,1.5,15.96,10:35:37,10:36:10,5,2,33,0,35
6,3.03,6.3,10:36:15,10:36:48,5,1,33,1,20
2,3.5,4.3,10:36:53,10:37:26,5,3,33,1,20
7,2.32,8.25,10:37:31,10:38:04,5,4,33,1,23
5,1.17,7.22,10:38:09,10:38:42,5,2,33,1,20
3,11.04,3.16,10:38:47,10:39:20,5,1,33,2,33
10,1.92,15.04,10:39:25,10:39:58,5,3,33,0,35
3,6.25,4.77,10:40:03,10:40:36,5,4,33,1,23
7,1.83,14.36,10:40:41,10:41:14,5,2,33,0,35
5,4.81,4.78,10:41:19,10:41:52,5,1,33,1,20
7,2.53,10.59,10:41:57,10:42:30,5,3,33,1,20
7,4.11,8.34,10:42:35,10:43:08,5,4,33,1,23
6,1.55,9.46,10:43:13,10:43:46,5,2,33,1,20
5,4.73,5.57,10:43:51,10:44:24,5,1,33,1,20
3,3.25,4.17,10:44:29,10:45:02,5,3,33,1,20
5,4.96,7.78,10:45:07,10:45:40,5,4,33,1,20
7,4.94,13.78,10:45:45,10:46:18,5,2,33,0,35
8,2.49,12.88,10:46:23,10:46:56,5,1,33,0,35
4,3.97,9.82,10:47:01,10:47:34,5,3,33,1,20
4,3.28,11.08,10:47:39,10:48:12,5,4,33,1,20
5,3.6,14.4,10:48:17,10:48:50,5,2,33,1,22
4,9.69,3.4,10:48:55,10:49:28,5,1,33,2,39
15,1.9,24.43,10:49:33,10:50:06,5,3,33,0,35
8,1.55,11.64,10:50:11,10:50:44,5,4,33,0,35
7,3.14,22.16,10:50:49,10:51:22,5,2,33,0,35
3,12.71,3.1,10:51:27,10:52:00,5,1,33,2,39
10,2.4,15.3,10:52:05,10:52:38,5,3,33,0,35
8,1.51,14.1,10:52:43,10:53:16,5,4,33,0,35
6,1.93,9.34,10:53:21,10:53:54,5,2,33,1,22
11,2.48,11.31,10:53:59,10:54:32,5,1,33,0,35
5,1.88,11.53,10:54:37,10:55:10,5,3,33,1,20
12,1.39,18.04,10:55:15,10:55:48,5,4,33,0,35
8,2.24,10.37,10:55:53,10:56:26,5,2,33,0,35
4,1.22,4.45,10:56:31,10:57:04,5,1,33,1,20
8,2.04,11.19,10:57:09,10:57:42,5,3,33,0,35
8,2.32,9.59,10:57:47,10:58:20,5,4,33,0,35
4,6.83,10.94,10:58:25,10:58:58,5,2,33,1,22
9,3.48,10.46,10:59:03,10:59:36,5,1,33,0,35
9,3.32,11.85,10:59:41,11:00:14,5,3,33,0,35
6,1.9,8.71,11:00:19,11:00:52,5,4,33,1,20
8,3.45,11.54,11:00:57,11:01:30,5,2,33,0,35
10,2.51,9.1,11:01:35,11:02:08,5,1,33,0,35
6,6.02,6.68,11:02:13,11:02:46,5,3,33,1,32
10,1.9,14.53,11:02:51,11:03:24,5,4,33,0,35
4,4.39,5.84,11:03:29,11:04:02,5,2,33,1,20
9,1.99,11.0,11:04:07,11:04:40,5,1,33,0,35
6,5.12,7.31,11:04:45,11:05:18,5,3,33,1,32
15,1.3,20.55,11:05:23,11:05:56,5,4,33,0,35
5,1.98,11.89,11:06:01,11:06:34,5,2,33,1,20
7,1.72,7.12,11:06:39,11:07:12,5,1,33,1,20
12,1.58,20.66,11:07:17,11:07:50,5,3,33,0,35
10,2.03,16.77,11:07:55,11:08:28,5,4,33,0,35
3,2.29,8.96,11:08:33,11:09:06,5,2,33,1,20
7,2.61,7.91,11:09:11,11:09:44,5,1,33,1,20
14,1.77,19.53,11:09:49,11:10:22,5,3,33,0,35
14,1.4,19.57,11:10:27,11:11:00,5,4,33,0,35
5,3.29,12.03,11:11:05,11:11:38,5,2,33,1,20
6,3.78,10.04,11:11:43,11:12:16,5,1,33,1,20
12,1.86,21.31,11:12:21,11:12:54,5,3,33,0,35
1,0.0,3.85,11:12:59,11:13:32,5,4,33,1,20
2,0.58,6.85,11:13:37,11:14:10,5,2,33,1,20
8,1.55,10.22,11:14:15,11:14:48,5,1,33,0,35
8,1.87,8.6,11:14:53,11:15:26,5,3,33,1,32
0,0.0,0.63,11:15:31,11:16:04,5,4,33,1,35
2,2.17,6.43,11:16:09,11:16:42,5,2,33,1,20
7,3.31,5.49,11:16:47,11:17:20,5,1,33,1,20
11,2.08,15.77,11:17:25,11:17:58,5,3,33,0,35
2,24.33,2.91,11:18:03,11:18:36,5,4,33,2,40
5,4.17,16.69,11:18:41,11:19:14,5,2,33,0,35
10,2.82,10.46,11:19:19,11:19:52,5,1,33,0,35
3,3.29,3.49,11:19:57,11:20:30,5,3,33,1,20
6,1.17,9.47,11:20:35,11:21:08,5,4,33,1,35
3,3.54,5.19,11:21:13,11:21:46,5,2,33,1,20
5,2.4,9.34,11:21:51,11:22:24,5,1,33,1,20
5,3.33,6.91,11:22:29,11:23:02,5,3,33,1,20
9,1.7,14.74,11:23:07,11:23:40,5,4,33,0,35
5,2.1,10.79,11:23:45,11:24:18,5,2,33,1,20
14,1.92,14.38,11:24:23,11:24:56,5,1,33,0,35
3,5.96,2.89,11:25:01,11:25:34,5,3,33,1,20
10,1.63,14.38,11:25:39,11:26:12,5,4,33,0,35
7,2.65,8.38,11:26:17,11:26:50,5,2,33,1,20
7,3.96,7.36,11:26:55,11:27:28,5,1,33,1,20
6,3.42,7.7,11:27:33,11:28:06,5,3,33,1,20
8,1.67,12.93,11:28:11,11:28:44,5,4,33,0,35
1,0.0,5.14,11:28:49,11:29:22,5,2,33,1,20
3,2.54,2.4,11:29:27,11:30:00,5,1,33,1,20
3,3.83,4.02,11:30:05,11:30:38,5,3,33,1,20
6,1.52,9.01,11:30:43,11:31:16,5,4,33,1,20
10,1.82,17.48,11:31:21,11:31:54,5,2,33,0,35
6,3.18,4.52,11:31:59,11:32:32,5,1,33,1,20
5,3.29,9.78,11:32:37,11:33:10,5,3,33,1,20
10,1.63,15.25,11:33:15,11:33:48,5,4,33,0,35
1,0.0,4.79,11:33:53,11:34:26,5,2,33,1,20
6,2.45,7.74,11:34:31,11:35:04,5,1,33,1,20
9,2.15,17.28,11:35:09,11:35:42,5,3,33,0,35
9,1.95,14.13,11:35:47,11:36:20,5,4,33,0,35
6,2.35,10.94,11:36:25,11:36:58,5,2,33,1,20
11,1.54,15.11,11:37:03,11:37:36,5,1,33,0,35
5,6.12,6.0,11:37:41,11:38:14,5,3,33,1,20
10,1.76,12.83,11:38:19,11:38:52,5,4,33,0,35
3,9.79,9.83,11:38:57,11:39:30,5,2,33,2,29
5,1.77,4.82,11:39:35,11:40:08,5,1,33,1,20
10,2.86,16.92,11:40:13,11:40:46,5,3,33,0,35
4,2.36,5.93,11:40:51,11:41:24,5,4,33,1,20
5,6.88,7.2,11:41:29,11:42:02,5,2,33,1,20
10,1.56,10.99,11:42:07,11:42:40,5,1,33,0,35
10,1.42,11.61,11:42:45,11:43:18,5,3,33,0,35
11,1.75,15.86,11:43:23,11:43:56,5,4,33,0,35
4,6.64,6.38,11:44:01,11:44:34,5,2,33,1,20
7,2.07,9.65,11:44:39,11:45:12,5,1,33,1,20
6,3.23,13.34,11:45:17,11:45:50,5,3,33,1,20
5,2.56,9.72,11:45:55,11:46:28,5,4,33,1,20
3,5.25,6.36,11:46:33,11:47:06,5,2,33,1,20
6,3.1,6.76,11:47:11,11:47:44,5,1,33,1,23
6,2.27,12.04,11:47:49,11:48:22,5,3,33,1,20
6,3.23,6.13,11:48:27,11:49:00,5,4,33,1,20
4,2.08,8.32,11:49:05,11:49:38,5,2,33,1,20
7,4.12,7.95,11:49:43,11:50:16,5,1,33,1,23
6,2.15,6.91,11:50:21,11:50:54,5,3,33,1,20
1,0.0,4.43,11:50:59,11:51:32,5,4,33,1,20
1,0.0,6.51,11:51:37,11:52:10,5,2,33,1,20
4,3.83,4.38,11:52:15,11:52:48,5,1,33,1,23
11,2.55,12.89,11:52:53,11:53:26,5,3,33,0,35
2,2.25,6.56,11:53:31,11:54:04,5,4,33,1,20
4,3.78,9.81,11:54:09,11:54:42,5,2,33,1,20
3,6.17,2.19,11:54:47,11:55:20,5,1,33,1,23
7,2.75,12.18,11:55:25,11:55:58,5,3,33,0,35
5,1.73,8.97,11:56:03,11:56:36,5,4,33,1,20
2,13.83,4.41,11:56:41,11:57:14,5,2,33,2,27
10,1.44,7.82,11:57:19,11:57:52,5,1,33,0,35
10,2.79,15.77,11:57:57,11:58:30,5,3,33,0,35
6,1.13,7.12,11:58:35,11:59:08,5,4,33,1,20
5,6.15,12.73,11:59:13,11:59:46,5,2,33,1,20
13,1.56,14.48,11:59:51,12:00:24,5,1,33,0,35
5,7.31,4.54,12:00:29,12:01:02,5,3,33,2,36
8,2.96,12.83,12:01:07,12:01:40,5,4,33,0,35
3,1.21,6.85,12:01:45,12:02:18,5,2,33,1,20
6,4.98,6.05,12:02:23,12:02:56,5,1,33,1,20
5,7.12,4.38,12:03:01,12:03:34,5,3,33,2,36
12,2.37,15.18,12:03:39,12:04:12,5,4,33,0,35
10,2.47,17.9,12:04:17,12:04:50,5,2,33,0,35
3,3.5,4.94,12:04:55,12:05:28,5,1,33,1,20
15,1.85,15.53,12:05:33,12:06:06,5,3,33,0,35
11,1.71,15.25,12:06:11,12:06:44,5,4,33,0,35
4,2.42,11.99,12:06:49,12:07:22,5,2,33,1,20
4,4.47,2.77,12:07:27,12:08:00,5,1,33,1,20
6,2.25,12.04,12:08:05,12:08:38,5,3,33,1,20
5,1.85,4.66,12:08:43,12:09:16,5,4,33,1,20
5,5.42,21.12,12:09:21,12:09:54,5,2,33,0,35
9,2.03,7.24,12:09:59,12:10:32,5,1,33,0,35
6,3.6,13.08,12:10:37,12:11:10,5,3,33,1,20
8,1.54,13.0,12:11:15,12:11:48,5,4,33,0,35
5,3.19,12.06,12:11:53,12:12:26,5,2,33,1,20
2,0.33,1.65,12:12:31,12:13:04,5,1,33,1,20
6,3.3,5.9,12:13:09,12:13:42,5,3,33,1,20
6,3.17,13.81,12:13:47,12:14:20,5,4,33,0,35
7,2.12,16.28,12:14:25,12:14:58,5,2,33,0,35
7,3.78,7.41,12:15:03,12:15:36,5,1,33,1,24
9,3.27,11.37,12:15:41,12:16:14,5,3,33,0,35
10,2.23,12.76,12:16:19,12:16:52,5,4,33,0,35
2,20.0,5.72,12:16:57,12:17:30,5,2,33,2,39
6,2.07,6.31,12:17:35,12:18:08,5,1,33,1,24
10,2.94,14.49,12:18:13,12:18:46,5,3,33,0,35
4,1.19,3.22,12:18:51,12:19:24,5,4,33,1,20
4,5.83,7.41,12:19:29,12:20:02,5,2,33,1,20
6,6.02,5.94,12:20:07,12:20:40,5,1,33,1,24
5,2.33,8.6,12:20:45,12:21:18,5,3,33,1,20
7,4.15,10.33,12:21:23,12:21:56,5,4,33,1,20
5,2.15,10.99,12:22:01,12:22:34,5,2,33,1,20
9,2.49,15.03,12:22:39,12:23:12,5,1,33,0,35
4,5.94,7.27,12:23:17,12:23:50,5,3,33,1,20
11,2.18,13.28,12:23:55,12:24:28,5,4,33,0,35
6,2.33,12.2,12:24:33,12:25:06,5,2,33,1,20
6,2.0,3.16,12:25:11,12:25:44,5,1,33,1,24
8,2.57,11.44,12:25:49,12:26:22,5,3,33,0,35
7,1.93,9.67,12:26:27,12:27:00,5,4,33,1,20
8,3.04,14.56,12:27:05,12:27:38,5,2,33,0,35
6,3.93,12.47,12:27:43,12:28:16,5,1,33,1,24
3,3.21,4.03,12:28:21,12:28:54,5,3,33,1,20
0,0.0,0.97,12:28:59,12:29:32,5,4,33,1,20
0,0.0,2.7,12:29:37,12:30:10,5,2,33,1,20
9,3.34,10.99,12:30:15,12:30:48,5,1,33,0,35
1,0.0,0.95,12:30:53,12:31:26,5,3,33,1,20
9,2.9,9.16,12:31:31,12:32:04,5,4,33,0,35
3,0.79,5.24,12:32:09,12:32:42,5,2,33,1,20
5,6.67,4.18,12:32:47,12:33:20,5,1,33,1,23
5,2.17,4.85,12:33:25,12:33:58,5,3,33,1,20
5,1.73,8.35,12:34:03,12:34:36,5,4,33,1,20
3,2.5,6.06,12:34:41,12:35:14,5,2,33,1,20
8,2.19,7.86,12:35:19,12:35:52,5,1,33,1,23
11,2.59,14.13,12:35:57,12:36:30,5,3,33,0,35
11,2.11,25.65,12:36:35,12:37:08,5,4,33,0,35
3,4.83,10.08,12:37:13,12:37:46,5,2,33,1,20
8,1.9,7.49,12:37:51,12:38:24,5,1,33,1,23
4,9.92,7.26,12:38:29,12:39:02,5,3,33,2,39
9,1.91,17.83,12:39:07,12:39:40,5,4,33,0,35
5,4.46,6.34,12:39:45,12:40:18,5,2,33,1,20
3,2.08,2.73,12:40:23,12:40:56,5,1,33,1,23
3,1.58,2.72,12:41:01,12:41:34,5,3,33,1,20
5,2.44,12.76,12:41:39,12:42:12,5,4,33,1,20
3,2.04,5.07,12:42:17,12:42:50,5,2,33,1,20
9,3.29,6.83,12:42:55,12:43:28,5,1,33,1,23
5,3.88,9.37,12:43:33,12:44:06,5,3,33,1,20
7,2.0,10.34,12:44:11,12:44:44,5,4,33,1,20
7,1.38,10.89,12:44:49,12:45:22,5,2,33,1,20
7,2.5,11.5,12:45:27,12:46:00,5,1,33,0,35
7,2.47,8.26,12:46:05,12:46:38,5,3,33,1,20
8,3.06,12.95,12:46:43,12:47:16,5,4,33,0,35
2,3.92,4.12,12:47:21,12:47:54,5,2,33,1,20
0,0.0,1.35,12:47:59,12:48:32,5,1,33,1,35
2,0.58,5.2,12:48:37,12:49:10,5,3,33,1,20
11,1.6,15.2,12:49:15,12:49:48,5,4,33,0,35
8,3.83,11.96,12:49:53,12:50:26,5,2,33,0,36
2,2.25,0.69,12:50:31,12:51:04,5,1,33,1,35
6,4.37,21.68,12:51:09,12:51:42,5,3,33,0,35
4,1.47,4.77,12:51:47,12:52:20,5,4,33,1,20
5,1.25,12.12,12:52:25,12:52:58,5,2,33,1,20
1,0.0,1.45,12:53:03,12:53:36,5,1,33,1,35
8,2.43,9.67,12:53:41,12:54:14,5,3,33,0,35
6,2.17,7.72,12:54:19,12:54:52,5,4,33,1,20
4,1.44,5.89,12:54:57,12:55:30,5,2,33,1,20
1,0.0,2.43,12:55:35,12:56:08,5,1,33,1,35
5,4.21,11.62,12:56:13,12:56:46,5,3,33,1,20
11,2.27,11.63,12:56:51,12:57:24,5,4,33,0,35
5,3.46,7.18,12:57:29,12:58:02,5,2,33,1,20
9,3.42,9.58,12:58:07,12:58:40,5,1,33,0,35
4,3.11,5.26,12:58:45,12:59:18,5,3,33,1,20
4,7.72,5.22,12:59:23,12:59:56,5,4,33,2,30
5,1.56,9.77,13:00:01,13:00:34,5,2,33,1,20
6,3.47,5.87,13:00:39,13:01:12,5,1,33,1,20
6,4.15,7.59,13:01:17,13:01:50,5,3,33,1,20
4,9.56,6.23,13:01:55,13:02:28,5,4,33,2,37
2,7.33,9.97,13:02:33,13:03:06,5,2,33,2,15
6,5.18,5.38,13:03:11,13:03:44,5,1,33,1,20
3,1.42,6.62,13:03:49,13:04:22,5,3,33,1,20
7,3.03,6.78,13:04:27,13:05:00,5,4,33,1,20
2,0.83,5.09,13:05:05,13:05:38,5,2,33,1,20
5,2.12,4.64,13:05:43,13:06:16,5,1,33,1,20
8,3.48,17.82,13:06:21,13:06:54,5,3,33,0,35
5,7.15,5.29,13:06:59,13:07:32,5,4,33,2,37
6,5.5,15.87,13:07:37,13:08:10,5,2,33,0,39
7,2.03,6.6,13:08:15,13:08:48,5,1,33,1,20
5,4.62,4.52,13:08:53,13:09:26,5,3,33,1,20
2,2.75,3.93,13:09:31,13:10:04,5,4,33,1,20
7,4.9,13.51,13:10:09,13:10:42,5,2,33,0,39
1,0.0,1.02,13:10:47,13:11:20,5,1,33,1,20
4,1.28,3.69,13:11:25,13:11:58,5,3,33,1,20
8,2.33,14.67,13:12:03,13:12:36,5,4,33,0,35
8,3.64,12.94,13:12:41,13:13:14,5,2,33,0,39
7,1.64,13.73,13:13:19,13:13:52,5,1,33,0,35
8,3.15,11.8,13:13:57,13:14:30,5,3,33,0,35
10,1.52,11.09,13:14:35,13:15:08,5,4,33,0,35
6,4.82,7.71,13:15:13,13:15:46,5,2,33,1,20
3,3.83,5.08,13:15:51,13:16:24,5,1,33,1,20
4,1.64,3.83,13:16:29,13:17:02,5,3,33,1,20
5,2.58,7.66,13:17:07,13:17:40,5,4,33,1,20
7,1.93,14.54,13:17:45,13:18:18,5,2,33,0,35
10,2.25,9.94,13:18:23,13:18:56,5,1,33,0,35
5,4.33,11.42,13:19:01,13:19:34,5,3,33,1,20
7,1.49,11.09,13:19:39,13:20:12,5,4,33,0,35
2,10.08,5.76,13:20:17,13:20:50,5,2,33,2,20
6,2.63,9.04,13:20:55,13:21:28,5,1,33,1,20
5,6.17,9.89,13:21:33,13:22:06,5,3,33,1,20
7,2.1,11.87,13:22:11,13:22:44,5,4,33,0,35
4,0.67,11.23,13:22:49,13:23:22,5,2,33,1,20
2,5.08,7.19,13:23:27,13:24:00,5,1,33,1,20
11,2.77,24.66,13:24:05,13:24:38,5,3,33,0,35
7,1.49,11.67,13:24:43,13:25:16,5,4,33,0,35
6,2.02,10.57,13:25:21,13:25:54,5,2,33,1,20
7,3.61,9.15,13:25:59,13:26:32,5,1,33,1,20
9,3.01,23.3,13:26:37,13:27:10,5,3,33,0,35
5,3.04,9.77,13:27:15,13:27:48,5,4,33,1,20
3,1.21,6.22,13:27:53,13:28:26,5,2,33,1,20
6,3.07,7.24,13:28:31,13:29:04,5,1,33,1,20
5,2.23,8.09,13:29:09,13:29:42,5,3,33,1,20
8,1.67,6.35,13:29:47,13:30:20,5,4,33,1,20
6,1.33,8.82,13:30:25,13:30:58,5,2,33,1,20
3,7.5,2.41,13:31:03,13:31:36,5,1,33,2,22
1,0.0,2.55,13:31:41,13:32:14,5,3,33,1,20
6,3.4,8.6,13:32:19,13:32:52,5,4,33,1,20
5,6.12,10.76,13:32:57,13:33:30,5,2,33,1,20
1,0.0,0.52,13:33:35,13:34:08,5,1,33,1,35
14,2.4,18.27,13:34:13,13:34:46,5,3,33,0,35
1,0.0,6.49,13:34:51,13:35:24,5,4,33,1,20
4,2.94,14.07,13:35:29,13:36:02,5,2,33,1,20
1,0.0,2.82,13:36:07,13:36:40,5,1,33,1,35
9,2.08,12.29,13:36:45,13:37:18,5,3,33,0,35
1,0.0,6.45,13:37:23,13:37:56,5,4,33,1,20
5,2.29,12.91,13:38:01,13:38:34,5,2,33,1,20
3,2.71,1.75,13:38:39,13:39:12,5,1,33,1,35
3,2.17,3.97,13:39:17,13:39:50,5,3,33,1,20
1,0.0,2.55,13:39:55,13:40:28,5,4,33,1,20
4,4.67,12.42,13:40:33,13:41:06,5,2,33,1,20
1,0.0,2.03,13:41:11,13:41:44,5,1,33,1,35
4,4.94,4.09,13:41:49,13:42:22,5,3,33,1,20
1,0.0,1.5,13:42:27,13:43:00,5,4,33,1,20
6,2.93,11.1,13:43:05,13:43:38,5,2,33,1,20
3,1.58,2.69,13:43:43,13:44:16,5,1,33,1,35
6,3.77,6.69,13:44:21,13:44:54,5,3,33,1,20
7,1.51,8.19,13:44:59,13:45:32,5,4,33,1,20
5,4.81,13.17,13:45:37,13:46:10,5,2,33,1,20
8,1.25,5.53,13:46:15,13:46:48,5,1,33,1,20
5,3.12,6.89,13:46:53,13:47:26,5,3,33,1,20
11,2.54,13.78,13:47:31,13:48:04,5,4,33,0,35
9,3.3,21.82,13:48:09,13:48:42,5,2,33,0,35
5,2.1,5.24,13:48:47,13:49:20,5,1,33,1,20
9,2.09,14.05,13:49:25,13:49:58,5,3,33,0,35
9,1.53,12.14,13:50:03,13:50:36,5,4,33,0,35
2,2.75,2.52,13:50:41,13:51:14,5,2,33,1,20
4,0.86,4.87,13:51:19,13:51:52,5,1,33,1,20
14,1.87,18.98,13:51:57,13:52:30,5,3,33,0,35
7,1.57,8.83,13:52:35,13:53:08,5,4,33,1,20
4,6.39,11.74,13:53:13,13:53:46,5,2,33,1,20
5,1.46,6.8,13:53:51,13:54:24,5,1,33,1,20
10,2.45,14.09,13:54:29,13:55:02,5,3,33,0,35
12,1.75,18.02,13:55:07,13:55:40,5,4,33,0,35
2,0.67,5.24,13:55:45,13:56:18,5,2,33,1,20
7,5.1,29.31,13:56:23,13:56:56,5,1,33,0,35
11,2.33,15.8,13:57:01,13:57:34,5,3,33,0,35
10,1.56,14.74,13:57:39,13:58:12,5,4,33,0,35
9,1.88,17.08,13:58:17,13:58:50,5,2,33,0,35
2,1.17,29.18,13:58:55,13:59:28,5,1,33,0,35
12,1.89,16.5,13:59:33,14:00:06,5,3,33,0,35
4,2.03,7.18,14:00:11,14:00:44,5,4,33,1,21
9,3.64,21.46,14:00:49,14:01:22,5,2,33,0,35
1,0.0,14.77,14:01:27,14:02:00,5,1,33,1,20
9,3.5,12.26,14:02:05,14:02:38,5,3,33,0,35
8,1.3,12.55,14:02:43,14:03:16,5,4,33,0,35
2,5.42,6.43,14:03:21,14:03:54,5,2,33,1,20
6,4.92,9.62,14:03:59,14:04:32,5,1,33,1,20
6,4.07,9.15,14:04:37,14:05:10,5,3,33,1,20
10,1.65,10.91,14:05:15,14:05:48,5,4,33,0,35
3,2.04,10.33,14:05:53,14:06:26,5,2,33,1,20
3,2.17,4.51,14:06:31,14:07:04,5,1,33,1,20
8,2.26,12.43,14:07:09,14:07:42,5,3,33,0,35
8,3.94,7.55,14:07:47,14:08:20,5,4,33,1,21
8,2.67,12.05,14:08:25,14:08:58,5,2,33,0,35
2,0.0,2.71,14:09:03,14:09:36,5,1,33,1,20
7,1.94,9.85,14:09:41,14:10:14,5,3,33,1,20
7,3.62,7.16,14:10:19,14:10:52,5,4,33,1,21
3,1.54,8.17,14:10:57,14:11:30,5,2,33,1,20
1,0.0,3.62,14:11:35,14:12:08,5,1,33,1,20
6,2.28,7.91,14:12:13,14:12:46,5,3,33,1,20
3,7.5,4.61,14:12:51,14:13:24,5,4,33,2,22
5,1.29,10.65,14:13:29,14:14:02,5,2,33,1,20
2,5.5,1.97,14:14:07,14:14:40,5,1,33,1,20
13,1.82,17.49,14:14:45,14:15:18,5,3,33,0,35
4,1.92,5.65,14:15:23,14:15:56,5,4,33,1,20
2,9.58,5.9,14:16:01,14:16:34,5,2,33,2,26
4,6.56,2.86,14:16:39,14:17:12,5,1,33,1,20
13,2.12,21.66,14:17:17,14:17:50,5,3,33,0,35
2,23.67,2.83,14:17:55,14:18:28,5,4,33,2,40
5,4.19,6.52,14:18:33,14:19:06,5,2,33,1,20
1,0.0,2.2,14:19:11,14:19:44,5,1,33,1,20
5,3.96,6.51,14:19:49,14:20:22,5,3,33,1,21
10,1.94,14.82,14:20:27,14:21:00,5,4,33,0,35
2,2.33,6.74,14:21:05,14:21:38,5,2,33,1,20
1,0.0,4.34,14:21:43,14:22:16,5,1,33,1,20
4,3.61,4.57,14:22:21,14:22:54,5,3,33,1,21
6,1.3,8.18,14:22:59,14:23:32,5,4,33,1,20
6,3.82,10.45,14:23:37,14:24:10,5,2,33,1,20
7,3.94,11.26,14:24:15,14:24:48,5,1,33,1,20
5,5.77,6.63,14:24:53,14:25:26,5,3,33,1,21
4,4.67,6.44,14:25:31,14:26:04,5,4,33,1,20
3,11.38,6.99,14:26:09,14:26:42,5,2,33,2,26
4,1.94,7.16,14:26:47,14:27:20,5,1,33,1,20
5,4.71,4.41,14:27:25,14:27:58,5,3,33,1,21
15,1.65,29.47,14:28:03,14:28:36,5,4,33,0,35
4,1.31,6.37,14:28:41,14:29:14,5,2,33,1,20
2,4.0,9.37,14:29:19,14:29:52,5,1,33,1,20
6,1.45,10.31,14:29:57,14:30:30,5,3,33,1,21
16,1.89,18.69,14:30:35,14:31:08,5,4,33,0,35
3,12.12,10.86,14:31:13,14:31:46,5,2,33,2,36
4,5.03,5.28,14:31:51,14:32:24,5,1,33,1,20
6,1.93,7.38,14:32:29,14:33:02,5,3,33,1,20
9,1.38,9.77,14:33:07,14:33:40,5,4,33,0,35
1,0.0,3.54,14:33:45,14:34:18,5,2,33,1,20
8,2.46,7.93,14:34:23,14:34:56,5,1,33,1,20
8,3.44,12.87,14:35:01,14:35:34,5,3,33,0,35
9,1.48,11.26,14:35:39,14:36:12,5,4,33,0,35
1,0.0,2.3,14:36:17,14:36:50,5,2,33,1,20
2,2.17,2.31,14:36:55,14:37:28,5,1,33,1,20
3,3.04,6.85,14:37:33,14:38:06,5,3,33,1,20
9,1.98,19.1,14:38:11,14:38:44,5,4,33,0,35
6,4.2,9.79,14:38:49,14:39:22,5,2,33,1,20
4,5.0,2.84,14:39:27,14:40:00,5,1,33,1,20
7,3.65,12.26,14:40:05,14:40:38,5,3,33,0,35
8,2.99,9.87,14:40:43,14:41:16,5,4,33,0,35
5,6.27,12.23,14:41:21,14:41:54,5,2,33,1,20
3,9.0,2.6,14:41:59,14:42:32,5,1,33,2,37
6,1.7,10.28,14:42:37,14:43:10,5,3,33,1,20
5,5.69,5.54,14:43:15,14:43:48,5,4,33,1,31
1,0.0,3.95,14:43:53,14:44:26,5,2,33,1,20
2,21.0,1.65,14:44:31,14:45:04,5,1,33,2,37
3,12.21,2.89,14:45:09,14:45:42,5,3,33,2,36
1,0.0,3.26,14:45:47,14:46:20,5,4,33,1,20
2,5.58,4.53,14:46:25,14:46:58,5,2,33,1,20
4,8.64,3.05,14:47:03,14:47:36,5,1,33,2,34
12,1.66,18.65,14:47:41,14:48:14,5,3,33,0,35
9,2.24,8.69,14:48:19,14:48:52,5,4,33,0,35
1,0.0,5.82,14:48:57,14:49:30,5,2,33,1,20
2,2.33,4.35,14:49:35,14:50:08,5,1,33,1,20
4,3.14,6.41,14:50:13,14:50:46,5,3,33,1,22
4,2.75,7.6,14:50:51,14:51:24,5,4,33,1,20
2,8.08,5.33,14:51:29,14:52:02,5,2,33,2,17
0,0.0,4.35,14:52:07,14:52:40,5,1,33,1,20
7,4.75,10.23,14:52:45,14:53:18,5,3,33,1,22
8,2.23,9.93,14:53:23,14:53:56,5,4,33,0,35
5,3.1,10.0,14:54:01,14:54:34,5,2,33,1,20
0,0.0,0.05,14:54:39,14:55:12,5,1,33,1,20
8,1.45,9.14,14:55:17,14:55:50,5,3,33,0,35
10,1.96,11.94,14:55:55,14:56:28,5,4,33,0,35
7,2.71,12.98,14:56:33,14:57:06,5,2,33,0,35
6,2.05,8.66,14:57:11,14:57:44,5,1,33,1,20
5,3.65,4.67,14:57:49,14:58:22,5,3,33,1,22
11,2.04,16.64,14:58:27,14:59:00,5,4,33,0,35
5,4.02,13.19,14:59:05,14:59:38,5,2,33,1,20
8,2.21,11.56,14:59:43,15:00:16,5,1,33,0,35
9,1.92,12.44,15:00:21,15:00:54,5,3,33,0,35
9,2.36,17.59,15:00:59,15:01:32,5,4,33,0,35
4,3.06,8.58,15:01:37,15:02:10,5,2,33,1,20
4,2.89,3.22,15:02:15,15:02:48,5,1,33,1,20
6,1.9,7.93,15:02:53,15:03:26,5,3,33,1,20
7,1.94,8.08,15:03:31,15:04:04,5,4,33,1,20
1,0.0,3.65,15:04:09,15:04:42,5,2,33,1,20
5,3.58,4.22,15:04:47,15:05:20,5,1,33,1,20
9,2.76,16.44,15:05:25,15:05:58,5,3,33,0,35
6,1.8,7.74,15:06:03,15:06:36,5,4,33,1,20
6,4.27,6.74,15:06:41,15:07:14,5,2,33,1,20
5,1.88,4.87,15:07:19,15:07:52,5,1,33,1,20
5,5.83,5.74,15:07:57,15:08:30,5,3,33,1,20
14,1.4,19.29,15:08:35,15:09:08,5,4,33,0,35
3,5.71,5.76,15:09:13,15:09:46,5,2,33,1,20
4,2.53,3.58,15:09:51,15:10:24,5,1,33,1,20
5,2.4,5.99,15:10:29,15:11:02,5,3,33,1,20
12,2.55,19.97,15:11:07,15:11:40,5,4,33,0,35
4,4.36,9.1,15:11:45,15:12:18,5,2,33,1,20
4,2.5,6.76,15:12:23,15:12:56,5,1,33,1,20
13,1.7,19.86,15:13:01,15:13:34,5,3,33,0,35
8,1.81,9.68,15:13:39,15:14:12,5,4,33,0,35
2,1.5,4.11,15:14:17,15:14:50,5,2,33,1,20
5,1.6,5.36,15:14:55,15:15:28,5,1,33,1,20
3,3.33,4.41,15:15:33,15:16:06,5,3,33,1,20
8,2.19,11.81,15:16:11,15:16:44,5,4,33,0,35
3,7.88,6.01,15:16:49,15:17:22,5,2,33,2,23
3,2.58,1.82,15:17:27,15:18:00,5,1,33,1,20
7,2.99,13.87,15:18:05,15:18:38,5,3,33,0,35
3,7.92,4.12,15:18:43,15:19:16,5,4,33,2,24
0,0.0,2.87,15:19:21,15:19:54,5,2,33,1,20
2,0.0,1.37,15:19:59,15:20:32,5,1,33,1,20
15,1.83,19.49,15:20:37,15:21:10,5,3,33,0,35
6,2.32,6.07,15:21:15,15:21:48,5,4,33,1,20
6,2.07,7.33,15:21:53,15:22:26,5,2,33,1,20
4,1.89,2.64,15:22:31,15:23:04,5,1,33,1,20
8,2.73,13.77,15:23:09,15:23:42,5,3,33,0,35
3,2.33,7.03,15:23:47,15:24:20,5,4,33,1,20
1,0.0,3.93,15:24:25,15:24:58,5,2,33,1,20
0,0.0,1.34,15:25:03,15:25:36,5,1,33,1,20
10,2.87,15.71,15:25:41,15:26:14,5,3,33,0,35
5,2.1,10.33,15:26:19,15:26:52,5,4,33,1,20
4,2.86,5.82,15:26:57,15:27:30,5,2,33,1,20
7,3.28,4.59,15:27:35,15:28:08,5,1,33,1,20
6,1.48,10.59,15:28:13,15:28:46,5,3,33,1,20
7,2.08,11.4,15:28:51,15:29:24,5,4,33,0,35
2,2.5,6.19,15:29:29,15:30:02,5,2,33,1,20
7,4.51,7.47,15:30:07,15:30:40,5,1,33,1,20
18,1.73,26.59,15:30:45,15:31:18,5,3,33,0,35
5,5.65,4.65,15:31:23,15:31:56,5,4,33,1,20
4,2.58,6.33,15:32:01,15:32:34,5,2,33,1,20
5,2.42,4.1,15:32:39,15:33:12,5,1,33,1,20
13,1.92,14.83,15:33:17,15:33:50,5,3,33,0,35
7,1.58,7.65,15:33:55,15:34:28,5,4,33,1,20
4,5.14,11.85,15:34:33,15:35:06,5,2,33,1,20
5,1.15,2.96,15:35:11,15:35:44,5,1,33,1,20
8,3.1,15.77,15:35:49,15:36:22,5,3,33,0,35
8,2.18,9.85,15:36:27,15:37:00,5,4,33,0,35
6,3.7,12.22,15:37:05,15:37:38,5,2,33,1,20
2,27.17,1.23,15:37:43,15:38:16,5,1,33,2,40
15,2.23,18.73,15:38:21,15:38:54,5,3,33,0,35
7,1.62,9.63,15:38:59,15:39:32,5,4,33,1,20
0,0.0,4.65,15:39:37,15:40:10,5,2,33,1,20
5,2.23,7.21,15:40:15,15:40:48,5,1,33,1,20
6,3.63,9.66,15:40:53,15:41:26,5,3,33,1,20
5,3.16,13.52,15:41:31,15:42:04,5,4,33,1,20
5,2.12,12.37,15:42:09,15:42:42,5,2,33,1,20
6,3.09,17.14,15:42:47,15:43:20,5,1,33,0,35
5,2.31,14.45,15:43:25,15:43:58,5,3,33,1,20
6,2.47,15.92,15:44:03,15:44:36,5,4,33,0,35
5,2.8,13.77,15:44:41,15:45:14,5,2,33,1,20
2,4.76,5.41,15:45:19,15:45:52,5,1,33,1,20
5,2.7,15.09,15:45:57,15:46:30,5,3,33,1,20
2,4.32,5.35,15:46:35,15:47:08,5,4,33,1,20
2,4.23,5.37,15:47:13,15:47:46,5,2,33,1,20
2,3.69,6.15,15:47:51,15:48:24,5,1,33,1,20
3,5.05,7.04,15:48:29,15:49:02,5,3,33,1,20
2,3.8,6.17,15:49:07,15:49:40,5,4,33,1,20
5,3.49,13.04,15:49:45,15:50:18,5,2,33,1,20
5,2.88,12.19,15:50:23,15:50:56,5,1,33,1,20
3,5.33,8.13,15:51:01,15:51:34,5,3,33,1,20
4,5.02,12.06,15:51:39,15:52:12,5,4,33,1,20
5,2.16,11.55,15:52:17,15:52:50,5,2,33,1,20
4,4.77,11.69,15:52:55,15:53:28,5,1,33,1,20
4,3.53,10.96,15:53:33,15:54:06,5,3,33,1,20
4,4.11,11.27,15:54:11,15:54:44,5,4,33,1,20
2,3.96,6.41,15:54:49,15:55:22,5,2,33,1,20
4,3.58,9.35,15:55:27,15:56:00,5,1,33,1,20
4,3.72,11.61,15:56:05,15:56:38,5,3,33,1,20
2,5.39,5.01,15:56:43,15:57:16,5,4,33,1,20
4,5.2,12.09,15:57:21,15:57:54,5,2,33,1,20
6,2.84,15.52,15:57:59,15:58:32,5,1,33,0,35
3,5.08,8.54,15:58:37,15:59:10,5,3,33,1,20
3,4.76,8.21,15:59:15,15:59:48,5,4,33,1,20
3,3.63,8.2,15:59:53,16:00:26,5,2,33,1,20
